dt,price_pln_per_mw_h,mw_procured,mw_available,cap_revenue_band_1,p_cap_weighted,capacity_revenue_baseline,budget_envelope,capacity_revenue_capped,bound_flag,energy_revenue,p_energy,payoff_per_MWh,total_revenue
2024-06-30 22:00:00+00:00,178.85,400.0,75.0,1635.9816490605708,0.23267294564417007,1635.9816490605708,3353.4375,1635.9816490605708,0,7.490860236437113,0.9672466734902764,88.75999999999999,1643.472509297008
2024-06-30 22:15:00+00:00,68.91,400.0,75.0,1635.9816490605708,0.23267294564417007,1635.9816490605708,1292.0625,1292.0625,1,6.150674786294917,0.9672466734902764,72.88,1298.213174786295
2024-06-30 22:30:00+00:00,68.91,400.0,75.0,1635.9816490605708,0.23267294564417007,1635.9816490605708,1292.0625,1292.0625,1,7.809027689021249,0.9672466734902764,92.53,1299.8715276890211
2024-06-30 22:45:00+00:00,68.91,400.0,75.0,1635.9816490605708,0.23267294564417007,1635.9816490605708,1292.0625,1292.0625,1,9.656424383203408,0.9672466734902764,114.42,1301.7189243832033
2024-06-30 23:00:00+00:00,68.91,400.0,75.0,1635.9816490605708,0.23267294564417007,1635.9816490605708,1292.0625,1292.0625,1,6.664637594315445,0.9672466734902764,78.97,1298.7271375943155
2024-06-30 23:15:00+00:00,133.18,400.0,75.0,1635.9816490605708,0.23267294564417007,1635.9816490605708,2497.125,1635.9816490605708,0,6.664637594315445,0.9672466734902764,78.97,1642.6462866548864
2024-06-30 23:30:00+00:00,133.18,400.0,75.0,1635.9816490605708,0.23267294564417007,1635.9816490605708,2497.125,1635.9816490605708,0,10.490242534803214,0.9672466734902764,124.3,1646.471891595374
2024-06-30 23:45:00+00:00,133.18,400.0,75.0,1635.9816490605708,0.23267294564417007,1635.9816490605708,2497.125,1635.9816490605708,0,8.77787712023236,0.9672466734902764,104.01,1644.7595261808033
2024-07-01 00:00:00+00:00,133.18,400.0,75.0,1635.9816490605708,0.23267294564417007,1635.9816490605708,2497.125,1635.9816490605708,0,9.136553956699887,0.9672466734902764,108.26,1645.1182030172706
2024-07-01 00:15:00+00:00,135.18,400.0,75.0,1635.9816490605708,0.23267294564417007,1635.9816490605708,2534.625,1635.9816490605708,0,-1.3874463980061529,0.9672466734902764,-16.439999999999998,1634.5942026625646
2024-07-01 00:30:00+00:00,135.18,400.0,75.0,1635.9816490605708,0.23267294564417007,1635.9816490605708,2534.625,1635.9816490605708,0,9.149213139163447,0.9672466734902764,108.41,1645.1308621997343
2024-07-01 00:45:00+00:00,135.18,400.0,75.0,1635.9816490605708,0.23267294564417007,1635.9816490605708,2534.625,1635.9816490605708,0,9.144993411675593,0.9672466734902764,108.36,1645.1266424722464
2024-07-01 01:00:00+00:00,135.18,400.0,75.0,1635.9816490605708,0.23267294564417007,1635.9816490605708,2534.625,1635.9816490605708,0,11.497069513405004,0.9672466734902764,136.23000000000002,1647.4787185739758
2024-07-01 01:15:00+00:00,131.98,400.0,75.0,1635.9816490605708,0.23267294564417007,1635.9816490605708,2474.625,1635.9816490605708,0,6.949047226996755,0.9672466734902764,82.34,1642.9306962875676
2024-07-01 01:30:00+00:00,131.98,400.0,75.0,1635.9816490605708,0.23267294564417007,1635.9816490605708,2474.625,1635.9816490605708,0,7.346545556352532,0.9672466734902764,87.05,1643.3281946169234
2024-07-01 01:45:00+00:00,131.98,400.0,75.0,1635.9816490605708,0.23267294564417007,1635.9816490605708,2474.625,1635.9816490605708,0,9.79989511779042,0.9672466734902764,116.12,1645.7815441783612
2024-07-01 02:00:00+00:00,131.98,400.0,75.0,1635.9816490605708,0.23267294564417007,1635.9816490605708,2474.625,1635.9816490605708,0,9.565278269465779,0.9672466734902764,113.34,1645.5469273300366
2024-07-01 02:15:00+00:00,147.78,400.0,75.0,1635.9816490605708,0.23267294564417007,1635.9816490605708,2770.875,1635.9816490605708,0,12.365489430405201,0.9672466734902764,146.51999999999998,1648.347138490976
2024-07-01 02:30:00+00:00,147.78,400.0,75.0,1635.9816490605708,0.23267294564417007,1635.9816490605708,2770.875,1635.9816490605708,0,9.786391989829289,0.9672466734902764,115.96,1645.7680410504001
2024-07-01 02:45:00+00:00,147.78,400.0,75.0,1635.9816490605708,0.23267294564417007,1635.9816490605708,2770.875,1635.9816490605708,0,8.722176717392696,0.9672466734902764,103.35,1644.7038257779634
2024-07-01 03:00:00+00:00,147.78,400.0,75.0,1635.9816490605708,0.23267294564417007,1635.9816490605708,2770.875,1635.9816490605708,0,15.25684670508226,0.9672466734902764,180.78,1651.2384957656532
2024-07-01 03:15:00+00:00,129.67,400.0,75.0,1635.9816490605708,0.23267294564417007,1635.9816490605708,2431.3124999999995,1635.9816490605708,0,11.68864514135354,0.9672466734902764,138.5,1647.6702942019244
2024-07-01 03:30:00+00:00,129.67,400.0,75.0,1635.9816490605708,0.23267294564417007,1635.9816490605708,2431.3124999999995,1635.9816490605708,0,12.307257191072827,0.9672466734902764,145.82999999999998,1648.2889062516435
2024-07-01 03:45:00+00:00,129.67,400.0,75.0,1635.9816490605708,0.23267294564417007,1635.9816490605708,2431.3124999999995,1635.9816490605708,0,9.158496539636722,0.9672466734902764,108.52,1645.1401456002075
2024-07-01 04:00:00+00:00,129.67,400.0,75.0,1635.9816490605708,0.23267294564417007,1635.9816490605708,2431.3124999999995,1635.9816490605708,0,11.171306551342731,0.9672466734902764,132.37,1647.1529556119135
2024-07-01 04:15:00+00:00,68.91,400.0,75.0,1635.9816490605708,0.23267294564417007,1635.9816490605708,1292.0625,1292.0625,1,12.553689276363459,0.9672466734902764,148.75,1304.6161892763635
2024-07-01 04:30:00+00:00,68.91,400.0,75.0,1635.9816490605708,0.23267294564417007,1635.9816490605708,1292.0625,1292.0625,1,9.89188517702562,0.9672466734902764,117.21,1301.9543851770256
2024-07-01 04:45:00+00:00,68.91,400.0,75.0,1635.9816490605708,0.23267294564417007,1635.9816490605708,1292.0625,1292.0625,1,13.112381195755232,0.9672466734902764,155.37,1305.1748811957552
2024-07-01 05:00:00+00:00,68.91,400.0,75.0,1635.9816490605708,0.23267294564417007,1635.9816490605708,1292.0625,1292.0625,1,10.91221528358854,0.9672466734902764,129.3,1302.9747152835885
2024-07-01 05:15:00+00:00,68.91,400.0,75.0,1635.9816490605708,0.23267294564417007,1635.9816490605708,1292.0625,1292.0625,1,11.564585153210654,0.9672466734902764,137.03,1303.6270851532106
2024-07-01 05:30:00+00:00,68.91,400.0,75.0,1635.9816490605708,0.23267294564417007,1635.9816490605708,1292.0625,1292.0625,1,10.910527392593398,0.9672466734902764,129.28,1302.9730273925934
2024-07-01 05:45:00+00:00,68.91,400.0,75.0,1635.9816490605708,0.23267294564417007,1635.9816490605708,1292.0625,1292.0625,1,16.088133020189353,0.9672466734902764,190.63,1308.1506330201894
2024-07-01 06:00:00+00:00,68.91,400.0,75.0,1635.9816490605708,0.23267294564417007,1635.9816490605708,1292.0625,1292.0625,1,11.786542819071736,0.9672466734902764,139.66,1303.8490428190717
2024-07-01 06:15:00+00:00,68.91,400.0,75.0,1635.9816490605708,0.23267294564417007,1635.9816490605708,1292.0625,1292.0625,1,9.583845070412332,0.9672466734902764,113.56,1301.6463450704123
2024-07-01 06:30:00+00:00,68.91,400.0,75.0,1635.9816490605708,0.23267294564417007,1635.9816490605708,1292.0625,1292.0625,1,13.5503889089944,0.9672466734902764,160.56,1305.6128889089944
2024-07-01 06:45:00+00:00,68.91,400.0,75.0,1635.9816490605708,0.23267294564417007,1635.9816490605708,1292.0625,1292.0625,1,9.239515307403506,0.9672466734902764,109.48,1301.3020153074035
2024-07-01 07:00:00+00:00,68.91,400.0,75.0,1635.9816490605708,0.23267294564417007,1635.9816490605708,1292.0625,1292.0625,1,11.77641547310089,0.9672466734902764,139.54000000000002,1303.838915473101
2024-07-01 07:15:00+00:00,68.91,400.0,75.0,1635.9816490605708,0.23267294564417007,1635.9816490605708,1292.0625,1292.0625,1,7.201386930770379,0.9672466734902764,85.33,1299.2638869307705
2024-07-01 07:30:00+00:00,68.91,400.0,75.0,1635.9816490605708,0.23267294564417007,1635.9816490605708,1292.0625,1292.0625,1,8.533132925936869,0.9672466734902764,101.11,1300.5956329259368
2024-07-01 07:45:00+00:00,68.91,400.0,75.0,1635.9816490605708,0.23267294564417007,1635.9816490605708,1292.0625,1292.0625,1,11.751097108173768,0.9672466734902764,139.24,1303.8135971081738
2024-07-01 08:00:00+00:00,68.91,400.0,75.0,1635.9816490605708,0.23267294564417007,1635.9816490605708,1292.0625,1292.0625,1,12.416126160259443,0.9672466734902764,147.12,1304.4786261602594
2024-07-01 08:15:00+00:00,68.91,400.0,75.0,1635.9816490605708,0.23267294564417007,1635.9816490605708,1292.0625,1292.0625,1,11.219411444704257,0.9672466734902764,132.94,1303.2819114447043
2024-07-01 08:30:00+00:00,68.91,400.0,75.0,1635.9816490605708,0.23267294564417007,1635.9816490605708,1292.0625,1292.0625,1,10.6143025229461,0.9672466734902764,125.77,1302.676802522946
2024-07-01 08:45:00+00:00,68.91,400.0,75.0,1635.9816490605708,0.23267294564417007,1635.9816490605708,1292.0625,1292.0625,1,10.222711812073316,0.9672466734902764,121.13,1302.2852118120734
2024-07-01 09:00:00+00:00,68.91,400.0,75.0,1635.9816490605708,0.23267294564417007,1635.9816490605708,1292.0625,1292.0625,1,7.357516847820951,0.9672466734902764,87.18,1299.420016847821
2024-07-01 09:15:00+00:00,68.91,400.0,75.0,1635.9816490605708,0.23267294564417007,1635.9816490605708,1292.0625,1292.0625,1,8.958481456712478,0.9672466734902764,106.15,1301.0209814567124
2024-07-01 09:30:00+00:00,68.91,400.0,75.0,1635.9816490605708,0.23267294564417007,1635.9816490605708,1292.0625,1292.0625,1,9.505358139138261,0.9672466734902764,112.63,1301.5678581391383
2024-07-01 09:45:00+00:00,68.91,400.0,75.0,1635.9816490605708,0.23267294564417007,1635.9816490605708,1292.0625,1292.0625,1,12.707287356921317,0.9672466734902764,150.57,1304.7697873569214
2024-07-01 10:00:00+00:00,68.91,400.0,75.0,1635.9816490605708,0.23267294564417007,1635.9816490605708,1292.0625,1292.0625,1,10.965383849935492,0.9672466734902764,129.93,1303.0278838499355
2024-07-01 10:15:00+00:00,89.49,400.0,75.0,1635.9816490605708,0.23267294564417007,1635.9816490605708,1677.9375,1635.9816490605708,0,6.520322914230862,0.9672466734902764,77.25999999999999,1642.5019719748018
2024-07-01 10:30:00+00:00,89.49,400.0,75.0,1635.9816490605708,0.23267294564417007,1635.9816490605708,1677.9375,1635.9816490605708,0,10.924030520554528,0.9672466734902764,129.44,1646.9056795811252
2024-07-01 10:45:00+00:00,89.49,400.0,75.0,1635.9816490605708,0.23267294564417007,1635.9816490605708,1677.9375,1635.9816490605708,0,9.427715153361762,0.9672466734902764,111.71,1645.4093642139326
2024-07-01 11:00:00+00:00,89.49,400.0,75.0,1635.9816490605708,0.23267294564417007,1635.9816490605708,1677.9375,1635.9816490605708,0,8.71373726241699,0.9672466734902764,103.25,1644.6953863229878
2024-07-01 11:15:00+00:00,88.64,400.0,75.0,1635.9816490605708,0.23267294564417007,1635.9816490605708,1662.0,1635.9816490605708,0,11.432929655589632,0.9672466734902764,135.47,1647.4145787161603
2024-07-01 11:30:00+00:00,88.64,400.0,75.0,1635.9816490605708,0.23267294564417007,1635.9816490605708,1662.0,1635.9816490605708,0,12.317384537043676,0.9672466734902764,145.95,1648.2990335976144
2024-07-01 11:45:00+00:00,88.64,400.0,75.0,1635.9816490605708,0.23267294564417007,1635.9816490605708,1662.0,1635.9816490605708,0,12.107242108148583,0.9672466734902764,143.45999999999998,1648.0888911687193
2024-07-01 12:00:00+00:00,88.64,400.0,75.0,1635.9816490605708,0.23267294564417007,1635.9816490605708,1662.0,1635.9816490605708,0,-0.082706658761924,0.9672466734902764,-0.9800000000000004,1635.8989424018089
2024-07-01 12:15:00+00:00,68.91,400.0,75.0,1635.9816490605708,0.23267294564417007,1635.9816490605708,1292.0625,1292.0625,1,9.474976101225717,0.9672466734902764,112.27,1301.5374761012258
2024-07-01 12:30:00+00:00,68.91,400.0,75.0,1635.9816490605708,0.23267294564417007,1635.9816490605708,1292.0625,1292.0625,1,10.826132842836333,0.9672466734902764,128.28,1302.8886328428364
2024-07-01 12:45:00+00:00,68.91,400.0,75.0,1635.9816490605708,0.23267294564417007,1635.9816490605708,1292.0625,1292.0625,1,12.185729039422654,0.9672466734902764,144.39,1304.2482290394228
2024-07-01 13:00:00+00:00,68.91,400.0,75.0,1635.9816490605708,0.23267294564417007,1635.9816490605708,1292.0625,1292.0625,1,9.10110824580192,0.9672466734902764,107.84,1301.163608245802
2024-07-01 13:15:00+00:00,68.91,400.0,75.0,1635.9816490605708,0.23267294564417007,1635.9816490605708,1292.0625,1292.0625,1,9.720564241018778,0.9672466734902764,115.18,1301.7830642410188
2024-07-01 13:30:00+00:00,68.91,400.0,75.0,1635.9816490605708,0.23267294564417007,1635.9816490605708,1292.0625,1292.0625,1,7.7786456511087065,0.9672466734902764,92.17,1299.8411456511087
2024-07-01 13:45:00+00:00,68.91,400.0,75.0,1635.9816490605708,0.23267294564417007,1635.9816490605708,1292.0625,1292.0625,1,7.588757914155309,0.9672466734902764,89.92,1299.6512579141554
2024-07-01 14:00:00+00:00,68.91,400.0,75.0,1635.9816490605708,0.23267294564417007,1635.9816490605708,1292.0625,1292.0625,1,11.728310579739361,0.9672466734902764,138.97,1303.7908105797394
2024-07-01 14:15:00+00:00,68.91,400.0,75.0,1635.9816490605708,0.23267294564417007,1635.9816490605708,1292.0625,1292.0625,1,0.21689399287565778,0.9672466734902764,2.5700000000000003,1292.2793939928756
2024-07-01 14:30:00+00:00,68.91,400.0,75.0,1635.9816490605708,0.23267294564417007,1635.9816490605708,1292.0625,1292.0625,1,1.4228921089041204,0.9672466734902764,16.86,1293.485392108904
2024-07-01 14:45:00+00:00,68.91,400.0,75.0,1635.9816490605708,0.23267294564417007,1635.9816490605708,1292.0625,1292.0625,1,12.131716527578133,0.9672466734902764,143.75,1304.1942165275782
2024-07-01 15:00:00+00:00,68.91,400.0,75.0,1635.9816490605708,0.23267294564417007,1635.9816490605708,1292.0625,1292.0625,1,10.540879264657454,0.9672466734902764,124.9,1302.6033792646574
2024-07-01 15:15:00+00:00,68.91,400.0,75.0,1635.9816490605708,0.23267294564417007,1635.9816490605708,1292.0625,1292.0625,1,8.41666844727212,0.9672466734902764,99.73,1300.479168447272
2024-07-01 15:30:00+00:00,68.91,400.0,75.0,1635.9816490605708,0.23267294564417007,1635.9816490605708,1292.0625,1292.0625,1,10.540035319159882,0.9672466734902764,124.89,1302.6025353191599
2024-07-01 15:45:00+00:00,68.91,400.0,75.0,1635.9816490605708,0.23267294564417007,1635.9816490605708,1292.0625,1292.0625,1,13.022922973012742,0.9672466734902764,154.31,1305.0854229730128
2024-07-01 16:00:00+00:00,68.91,400.0,75.0,1635.9816490605708,0.23267294564417007,1635.9816490605708,1292.0625,1292.0625,1,9.320534075170288,0.9672466734902764,110.44,1301.3830340751704
2024-07-01 16:15:00+00:00,68.91,400.0,75.0,1635.9816490605708,0.23267294564417007,1635.9816490605708,1292.0625,1292.0625,1,12.698003956448039,0.9672466734902764,150.45999999999998,1304.760503956448
2024-07-01 16:30:00+00:00,68.91,400.0,75.0,1635.9816490605708,0.23267294564417007,1635.9816490605708,1292.0625,1292.0625,1,3.8694901063614426,0.9672466734902764,45.85,1295.9319901063614
2024-07-01 16:45:00+00:00,68.91,400.0,75.0,1635.9816490605708,0.23267294564417007,1635.9816490605708,1292.0625,1292.0625,1,11.130797167459338,0.9672466734902764,131.89,1303.1932971674594
2024-07-01 17:00:00+00:00,68.91,400.0,75.0,1635.9816490605708,0.23267294564417007,1635.9816490605708,1292.0625,1292.0625,1,9.10279613679706,0.9672466734902764,107.86,1301.165296136797
2024-07-01 17:15:00+00:00,68.91,400.0,75.0,1635.9816490605708,0.23267294564417007,1635.9816490605708,1292.0625,1292.0625,1,8.28838873164138,0.9672466734902764,98.21,1300.3508887316414
2024-07-01 17:30:00+00:00,68.91,400.0,75.0,1635.9816490605708,0.23267294564417007,1635.9816490605708,1292.0625,1292.0625,1,9.112923482767908,0.9672466734902764,107.98,1301.1754234827679
2024-07-01 17:45:00+00:00,1000.0,400.0,75.0,1635.9816490605708,0.23267294564417007,1635.9816490605708,18750.0,1635.9816490605708,0,4.7252508408980844,0.9672466734902764,55.989999999999995,1640.706899901469
2024-07-01 18:00:00+00:00,1000.0,400.0,75.0,1635.9816490605708,0.23267294564417007,1635.9816490605708,18750.0,1635.9816490605708,0,-4.683053566019551,0.9672466734902764,-55.489999999999995,1631.2985954945514
2024-07-01 18:15:00+00:00,35.65,400.0,75.0,1635.9816490605708,0.23267294564417007,1635.9816490605708,668.4375,668.4375,1,9.19309830503712,0.9672466734902764,108.93,677.6305983050371
2024-07-01 18:30:00+00:00,1000.0,400.0,75.0,1635.9816490605708,0.23267294564417007,1635.9816490605708,18750.0,1635.9816490605708,0,11.557833589230087,0.9672466734902764,136.95,1647.539482649801
2024-07-01 18:45:00+00:00,1000.0,400.0,75.0,1635.9816490605708,0.23267294564417007,1635.9816490605708,18750.0,1635.9816490605708,0,7.34570161085496,0.9672466734902764,87.03999999999999,1643.3273506714258
2024-07-01 19:00:00+00:00,1000.0,400.0,75.0,1635.9816490605708,0.23267294564417007,1635.9816490605708,18750.0,1635.9816490605708,0,6.369256670165716,0.9672466734902764,75.47,1642.3509057307365
2024-07-01 19:15:00+00:00,1000.0,400.0,75.0,1635.9816490605708,0.23267294564417007,1635.9816490605708,18750.0,1635.9816490605708,0,7.016562866802406,0.9672466734902764,83.14,1642.9982119273732
2024-07-01 19:30:00+00:00,1000.0,400.0,75.0,1635.9816490605708,0.23267294564417007,1635.9816490605708,18750.0,1635.9816490605708,0,10.00666176469523,0.9672466734902764,118.57,1645.9883108252661
2024-07-01 19:45:00+00:00,1000.0,400.0,75.0,1635.9816490605708,0.23267294564417007,1635.9816490605708,18750.0,1635.9816490605708,0,8.768593719759082,0.9672466734902764,103.9,1644.75024278033
2024-07-01 20:00:00+00:00,1000.0,400.0,75.0,1635.9816490605708,0.23267294564417007,1635.9816490605708,18750.0,1635.9816490605708,0,6.817391729375733,0.9672466734902764,80.78,1642.7990407899465
2024-07-01 20:15:00+00:00,1000.0,400.0,75.0,1635.9816490605708,0.23267294564417007,1635.9816490605708,18750.0,1635.9816490605708,0,9.017557641542425,0.9672466734902764,106.85,1644.9992067021133
2024-07-01 20:30:00+00:00,1000.0,400.0,75.0,1635.9816490605708,0.23267294564417007,1635.9816490605708,18750.0,1635.9816490605708,0,8.139854324068946,0.9672466734902764,96.45,1644.1215033846397
2024-07-01 20:45:00+00:00,1000.0,400.0,75.0,1635.9816490605708,0.23267294564417007,1635.9816490605708,18750.0,1635.9816490605708,0,9.978811563275396,0.9672466734902764,118.24,1645.9604606238463
2024-07-01 21:00:00+00:00,1000.0,400.0,75.0,1635.9816490605708,0.23267294564417007,1635.9816490605708,18750.0,1635.9816490605708,0,6.608937191475782,0.9672466734902764,78.31,1642.5905862520467
2024-07-01 21:15:00+00:00,71.89,400.0,75.0,1635.9816490605708,0.23267294564417007,1635.9816490605708,1347.9375,1347.9375,1,7.398870177201912,0.9672466734902764,87.67,1355.3363701772018
2024-07-01 21:30:00+00:00,71.89,400.0,75.0,1635.9816490605708,0.23267294564417007,1635.9816490605708,1347.9375,1347.9375,1,7.262994952093037,0.9672466734902764,86.06,1355.200494952093
2024-07-01 21:45:00+00:00,71.89,400.0,75.0,1635.9816490605708,0.23267294564417007,1635.9816490605708,1347.9375,1347.9375,1,5.002064964101259,0.9672466734902764,59.27,1352.9395649641012
2024-07-01 22:00:00+00:00,71.89,400.0,75.0,1635.9816490605708,0.23267294564417007,1635.9816490605708,1347.9375,1347.9375,1,9.177063340583278,0.9672466734902764,108.74,1357.1145633405833
2024-07-01 22:15:00+00:00,160.13,400.0,75.0,1635.9816490605708,0.23267294564417007,1635.9816490605708,3002.4375,1635.9816490605708,0,9.103640082294632,0.9672466734902764,107.87,1645.0852891428653
2024-07-01 22:30:00+00:00,160.13,400.0,75.0,1635.9816490605708,0.23267294564417007,1635.9816490605708,3002.4375,1635.9816490605708,0,8.563514963849412,0.9672466734902764,101.47,1644.5451640244203
2024-07-01 22:45:00+00:00,160.13,400.0,75.0,1635.9816490605708,0.23267294564417007,1635.9816490605708,3002.4375,1635.9816490605708,0,8.057991610804592,0.9672466734902764,95.48,1644.0396406713753
2024-07-01 23:00:00+00:00,160.13,400.0,75.0,1635.9816490605708,0.23267294564417007,1635.9816490605708,3002.4375,1635.9816490605708,0,6.282330283915939,0.9672466734902764,74.44,1642.2639793444866
2024-07-01 23:15:00+00:00,149.51,400.0,75.0,1635.9816490605708,0.23267294564417007,1635.9816490605708,2803.3125,1635.9816490605708,0,8.381222736374152,0.9672466734902764,99.31,1644.362871796945
2024-07-01 23:30:00+00:00,149.51,400.0,75.0,1635.9816490605708,0.23267294564417007,1635.9816490605708,2803.3125,1635.9816490605708,0,0.10633713269390237,0.9672466734902764,1.2600000000000016,1636.0879861932647
2024-07-01 23:45:00+00:00,149.51,400.0,75.0,1635.9816490605708,0.23267294564417007,1635.9816490605708,2803.3125,1635.9816490605708,0,7.576098731691749,0.9672466734902764,89.77,1643.5577477922625
2024-07-02 00:00:00+00:00,149.51,400.0,75.0,1635.9816490605708,0.23267294564417007,1635.9816490605708,2803.3125,1635.9816490605708,0,9.787235935326859,0.9672466734902764,115.97,1645.7688849958977
2024-07-02 00:15:00+00:00,143.84,400.0,75.0,1635.9816490605708,0.23267294564417007,1635.9816490605708,2697.0,1635.9816490605708,0,10.979730923394191,0.9672466734902764,130.1,1646.9613799839651
2024-07-02 00:30:00+00:00,143.84,400.0,75.0,1635.9816490605708,0.23267294564417007,1635.9816490605708,2697.0,1635.9816490605708,0,14.10654899189346,0.9672466734902764,167.15,1650.0881980524643
2024-07-02 00:45:00+00:00,143.84,400.0,75.0,1635.9816490605708,0.23267294564417007,1635.9816490605708,2697.0,1635.9816490605708,0,10.495306207788637,0.9672466734902764,124.36,1646.4769552683595
2024-07-02 01:00:00+00:00,143.84,400.0,75.0,1635.9816490605708,0.23267294564417007,1635.9816490605708,2697.0,1635.9816490605708,0,11.529983387810258,0.9672466734902764,136.62,1647.511632448381
2024-07-02 01:15:00+00:00,140.99,400.0,75.0,1635.9816490605708,0.23267294564417007,1635.9816490605708,2643.5625,1635.9816490605708,0,10.829508624826614,0.9672466734902764,128.32,1646.8111576853973
2024-07-02 01:30:00+00:00,140.99,400.0,75.0,1635.9816490605708,0.23267294564417007,1635.9816490605708,2643.5625,1635.9816490605708,0,6.938075935528337,0.9672466734902764,82.21000000000001,1642.9197249960991
2024-07-02 01:45:00+00:00,140.99,400.0,75.0,1635.9816490605708,0.23267294564417007,1635.9816490605708,2643.5625,1635.9816490605708,0,10.929938139037523,0.9672466734902764,129.51,1646.9115871996084
2024-07-02 02:00:00+00:00,140.99,400.0,75.0,1635.9816490605708,0.23267294564417007,1635.9816490605708,2643.5625,1635.9816490605708,0,11.829584039447841,0.9672466734902764,140.17000000000002,1647.8112331000186
2024-07-02 02:15:00+00:00,134.33,400.0,75.0,1635.9816490605708,0.23267294564417007,1635.9816490605708,2518.6875000000005,1635.9816490605708,0,16.89916464335475,0.9672466734902764,200.24,1652.8808137039255
2024-07-02 02:30:00+00:00,134.33,400.0,75.0,1635.9816490605708,0.23267294564417007,1635.9816490605708,2518.6875000000005,1635.9816490605708,0,2.8567555092766597,0.9672466734902764,33.85,1638.8384045698474
2024-07-02 02:45:00+00:00,134.33,400.0,75.0,1635.9816490605708,0.23267294564417007,1635.9816490605708,2518.6875000000005,1635.9816490605708,0,12.338483174482942,0.9672466734902764,146.2,1648.3201322350537
2024-07-02 03:00:00+00:00,134.33,400.0,75.0,1635.9816490605708,0.23267294564417007,1635.9816490605708,2518.6875000000005,1635.9816490605708,0,12.09120714369474,0.9672466734902764,143.26999999999998,1648.0728562042655
2024-07-02 03:15:00+00:00,136.33,400.0,75.0,1635.9816490605708,0.23267294564417007,1635.9816490605708,2556.1875000000005,1635.9816490605708,0,9.699465603579512,0.9672466734902764,114.93,1645.6811146641503
2024-07-02 03:30:00+00:00,136.33,400.0,75.0,1635.9816490605708,0.23267294564417007,1635.9816490605708,2556.1875000000005,1635.9816490605708,0,14.575782688542743,0.9672466734902764,172.71,1650.5574317491134
2024-07-02 03:45:00+00:00,136.33,400.0,75.0,1635.9816490605708,0.23267294564417007,1635.9816490605708,2556.1875000000005,1635.9816490605708,0,13.751247937416215,0.9672466734902764,162.94,1649.732896997987
2024-07-02 04:00:00+00:00,136.33,400.0,75.0,1635.9816490605708,0.23267294564417007,1635.9816490605708,2556.1875000000005,1635.9816490605708,0,5.5497855920246115,0.9672466734902764,65.75999999999999,1641.5314346525954
2024-07-02 04:15:00+00:00,157.84,400.0,75.0,1635.9816490605708,0.23267294564417007,1635.9816490605708,2959.5,1635.9816490605708,0,10.401628257558295,0.9672466734902764,123.25,1646.383277318129
2024-07-02 04:30:00+00:00,157.84,400.0,75.0,1635.9816490605708,0.23267294564417007,1635.9816490605708,2959.5,1635.9816490605708,0,15.279633233516668,0.9672466734902764,181.05,1651.2612822940876
2024-07-02 04:45:00+00:00,157.84,400.0,75.0,1635.9816490605708,0.23267294564417007,1635.9816490605708,2959.5,1635.9816490605708,0,9.36188740455125,0.9672466734902764,110.93,1645.343536465122
2024-07-02 05:00:00+00:00,157.84,400.0,75.0,1635.9816490605708,0.23267294564417007,1635.9816490605708,2959.5,1635.9816490605708,0,13.417889465875808,0.9672466734902764,158.99,1649.3995385264466
2024-07-02 05:15:00+00:00,176.05,400.0,75.0,1635.9816490605708,0.23267294564417007,1635.9816490605708,3300.9375,1635.9816490605708,0,16.801266965636554,0.9672466734902764,199.08,1652.7829160262074
2024-07-02 05:30:00+00:00,176.05,400.0,75.0,1635.9816490605708,0.23267294564417007,1635.9816490605708,3300.9375,1635.9816490605708,0,10.090212368954724,0.9672466734902764,119.56,1646.0718614295256
2024-07-02 05:45:00+00:00,176.05,400.0,75.0,1635.9816490605708,0.23267294564417007,1635.9816490605708,3300.9375,1635.9816490605708,0,10.984794596379615,0.9672466734902764,130.16,1646.9664436569503
2024-07-02 06:00:00+00:00,176.05,400.0,75.0,1635.9816490605708,0.23267294564417007,1635.9816490605708,3300.9375,1635.9816490605708,0,12.025379394884231,0.9672466734902764,142.49,1648.0070284554552
2024-07-02 06:15:00+00:00,175.05,400.0,75.0,1635.9816490605708,0.23267294564417007,1635.9816490605708,3282.1875,1635.9816490605708,0,10.752709584547686,0.9672466734902764,127.41,1646.7343586451184
2024-07-02 06:30:00+00:00,175.05,400.0,75.0,1635.9816490605708,0.23267294564417007,1635.9816490605708,3282.1875,1635.9816490605708,0,8.543260271907718,0.9672466734902764,101.23,1644.5249093324785
2024-07-02 06:45:00+00:00,175.05,400.0,75.0,1635.9816490605708,0.23267294564417007,1635.9816490605708,3282.1875,1635.9816490605708,0,11.959551646073718,0.9672466734902764,141.70999999999998,1647.9412007066446
2024-07-02 07:00:00+00:00,175.05,400.0,75.0,1635.9816490605708,0.23267294564417007,1635.9816490605708,3282.1875,1635.9816490605708,0,9.094356681821354,0.9672466734902764,107.76,1645.0760057423922
2024-07-02 07:15:00+00:00,162.67,400.0,75.0,1635.9816490605708,0.23267294564417007,1635.9816490605708,3050.0624999999995,1635.9816490605708,0,12.33510739249266,0.9672466734902764,146.16,1648.3167564530636
2024-07-02 07:30:00+00:00,162.67,400.0,75.0,1635.9816490605708,0.23267294564417007,1635.9816490605708,3050.0624999999995,1635.9816490605708,0,9.395645224454077,0.9672466734902764,111.33,1645.3772942850248
2024-07-02 07:45:00+00:00,162.67,400.0,75.0,1635.9816490605708,0.23267294564417007,1635.9816490605708,3050.0624999999995,1635.9816490605708,0,14.606164726455285,0.9672466734902764,173.07,1650.587813787026
2024-07-02 08:00:00+00:00,162.67,400.0,75.0,1635.9816490605708,0.23267294564417007,1635.9816490605708,3050.0624999999995,1635.9816490605708,0,9.20575748750068,0.9672466734902764,109.08,1645.1874065480715
2024-07-02 08:15:00+00:00,189.77,400.0,75.0,1635.9816490605708,0.23267294564417007,1635.9816490605708,3558.1875,1635.9816490605708,0,10.178826646199642,0.9672466734902764,120.61,1646.1604757067705
2024-07-02 08:30:00+00:00,189.77,400.0,75.0,1635.9816490605708,0.23267294564417007,1635.9816490605708,3558.1875,1635.9816490605708,0,12.574787913802725,0.9672466734902764,149.0,1648.5564369743736
2024-07-02 08:45:00+00:00,162.59,400.0,75.0,1635.9816490605708,0.23267294564417007,1635.9816490605708,3048.5625,1635.9816490605708,0,8.261382475719119,0.9672466734902764,97.89,1644.24303153629
2024-07-02 09:00:00+00:00,189.77,400.0,75.0,1635.9816490605708,0.23267294564417007,1635.9816490605708,3558.1875,1635.9816490605708,0,10.956944394959782,0.9672466734902764,129.82999999999998,1646.9385934555305
2024-07-02 09:15:00+00:00,199.77,400.0,75.0,1635.9816490605708,0.23267294564417007,1635.9816490605708,3745.6875,1635.9816490605708,0,13.234753292902976,0.9672466734902764,156.82,1649.2164023534738
2024-07-02 09:30:00+00:00,199.77,400.0,75.0,1635.9816490605708,0.23267294564417007,1635.9816490605708,3745.6875,1635.9816490605708,0,7.085766397603201,0.9672466734902764,83.96000000000001,1643.067415458174
2024-07-02 09:45:00+00:00,199.77,400.0,75.0,1635.9816490605708,0.23267294564417007,1635.9816490605708,3745.6875,1635.9816490605708,0,10.866642226719723,0.9672466734902764,128.76,1646.8482912872905
2024-07-02 10:00:00+00:00,199.77,400.0,75.0,1635.9816490605708,0.23267294564417007,1635.9816490605708,3745.6875,1635.9816490605708,0,10.788999240943225,0.9672466734902764,127.84,1646.770648301514
2024-07-02 10:15:00+00:00,1000.0,400.0,75.0,1635.9816490605708,0.23267294564417007,1635.9816490605708,18750.0,1635.9816490605708,0,11.890348115272925,0.9672466734902764,140.89,1647.8719971758437
2024-07-02 10:30:00+00:00,1000.0,400.0,75.0,1635.9816490605708,0.23267294564417007,1635.9816490605708,18750.0,1635.9816490605708,0,7.630955189033842,0.9672466734902764,90.42,1643.6126042496046
2024-07-02 10:45:00+00:00,1000.0,400.0,75.0,1635.9816490605708,0.23267294564417007,1635.9816490605708,18750.0,1635.9816490605708,0,7.454570580041575,0.9672466734902764,88.33,1643.4362196406123
2024-07-02 11:00:00+00:00,1000.0,400.0,75.0,1635.9816490605708,0.23267294564417007,1635.9816490605708,18750.0,1635.9816490605708,0,11.243041918636235,0.9672466734902764,133.22,1647.224690979207
2024-07-02 11:15:00+00:00,1000.0,400.0,75.0,1635.9816490605708,0.23267294564417007,1635.9816490605708,18750.0,1635.9816490605708,0,10.768744549001529,0.9672466734902764,127.6,1646.7503936095723
2024-07-02 11:30:00+00:00,1000.0,400.0,75.0,1635.9816490605708,0.23267294564417007,1635.9816490605708,18750.0,1635.9816490605708,0,10.670846871283333,0.9672466734902764,126.44,1646.6524959318542
2024-07-02 11:45:00+00:00,1000.0,400.0,75.0,1635.9816490605708,0.23267294564417007,1635.9816490605708,18750.0,1635.9816490605708,0,10.87339379070029,0.9672466734902764,128.84,1646.855042851271
2024-07-02 12:00:00+00:00,1000.0,400.0,75.0,1635.9816490605708,0.23267294564417007,1635.9816490605708,18750.0,1635.9816490605708,0,8.692638624977723,0.9672466734902764,103.0,1644.6742876855485
2024-07-02 12:15:00+00:00,1000.0,400.0,75.0,1635.9816490605708,0.23267294564417007,1635.9816490605708,18750.0,1635.9816490605708,0,10.617678304936382,0.9672466734902764,125.81,1646.5993273655072
2024-07-02 12:30:00+00:00,1000.0,400.0,75.0,1635.9816490605708,0.23267294564417007,1635.9816490605708,18750.0,1635.9816490605708,0,10.745958020567121,0.9672466734902764,127.33,1646.7276070811379
2024-07-02 12:45:00+00:00,1000.0,400.0,75.0,1635.9816490605708,0.23267294564417007,1635.9816490605708,18750.0,1635.9816490605708,0,8.620059312186648,0.9672466734902764,102.14,1644.6017083727575
2024-07-02 13:00:00+00:00,1000.0,400.0,75.0,1635.9816490605708,0.23267294564417007,1635.9816490605708,18750.0,1635.9816490605708,0,1.389978234498865,0.9672466734902764,16.47,1637.3716272950696
2024-07-02 13:15:00+00:00,1000.0,400.0,75.0,1635.9816490605708,0.23267294564417007,1635.9816490605708,18750.0,1635.9816490605708,0,2.6727753908062573,0.9672466734902764,31.67,1638.654424451377
2024-07-02 13:30:00+00:00,1000.0,400.0,75.0,1635.9816490605708,0.23267294564417007,1635.9816490605708,18750.0,1635.9816490605708,0,7.598885260126157,0.9672466734902764,90.04,1643.5805343206969
2024-07-02 13:45:00+00:00,1000.0,400.0,75.0,1635.9816490605708,0.23267294564417007,1635.9816490605708,18750.0,1635.9816490605708,0,3.0584584831960457,0.9672466734902764,36.24,1639.040107543767
2024-07-02 14:00:00+00:00,1000.0,400.0,75.0,1635.9816490605708,0.23267294564417007,1635.9816490605708,18750.0,1635.9816490605708,0,7.957562096593685,0.9672466734902764,94.29,1643.9392111571644
2024-07-02 14:15:00+00:00,1000.0,400.0,75.0,1635.9816490605708,0.23267294564417007,1635.9816490605708,18750.0,1635.9816490605708,0,11.67514201339241,0.9672466734902764,138.34,1647.6567910739632
2024-07-02 14:30:00+00:00,1000.0,400.0,75.0,1635.9816490605708,0.23267294564417007,1635.9816490605708,18750.0,1635.9816490605708,0,12.459167380635545,0.9672466734902764,147.63,1648.4408164412064
2024-07-02 14:45:00+00:00,1000.0,400.0,75.0,1635.9816490605708,0.23267294564417007,1635.9816490605708,18750.0,1635.9816490605708,0,8.282481113158386,0.9672466734902764,98.14,1644.2641301737292
2024-07-02 15:00:00+00:00,1000.0,400.0,75.0,1635.9816490605708,0.23267294564417007,1635.9816490605708,18750.0,1635.9816490605708,0,11.810173293003714,0.9672466734902764,139.94,1647.7918223535746
2024-07-02 15:15:00+00:00,1000.0,400.0,75.0,1635.9816490605708,0.23267294564417007,1635.9816490605708,18750.0,1635.9816490605708,0,10.648904288346497,0.9672466734902764,126.18,1646.6305533489174
2024-07-02 15:30:00+00:00,1000.0,400.0,75.0,1635.9816490605708,0.23267294564417007,1635.9816490605708,18750.0,1635.9816490605708,0,11.512260532361273,0.9672466734902764,136.41,1647.4939095929321
2024-07-02 15:45:00+00:00,1000.0,400.0,75.0,1635.9816490605708,0.23267294564417007,1635.9816490605708,18750.0,1635.9816490605708,0,13.779942084333618,0.9672466734902764,163.28,1649.7615911449045
2024-07-02 16:00:00+00:00,1000.0,400.0,75.0,1635.9816490605708,0.23267294564417007,1635.9816490605708,18750.0,1635.9816490605708,0,8.879150579940836,0.9672466734902764,105.21,1644.8607996405117
2024-07-02 16:15:00+00:00,1000.0,400.0,75.0,1635.9816490605708,0.23267294564417007,1635.9816490605708,18750.0,1635.9816490605708,0,7.8064958525285375,0.9672466734902764,92.5,1643.7881449130994
2024-07-02 16:30:00+00:00,161.4,400.0,75.0,1635.9816490605708,0.23267294564417007,1635.9816490605708,3026.25,1635.9816490605708,0,7.5195543833545155,0.9672466734902764,89.1,1643.5012034439253
2024-07-02 16:45:00+00:00,161.4,400.0,75.0,1635.9816490605708,0.23267294564417007,1635.9816490605708,3026.25,1635.9816490605708,0,7.6748403549075155,0.9672466734902764,90.94,1643.6564894154783
2024-07-02 17:00:00+00:00,161.4,400.0,75.0,1635.9816490605708,0.23267294564417007,1635.9816490605708,3026.25,1635.9816490605708,0,0.31647956158899476,0.9672466734902764,3.75,1636.2981286221598
2024-07-02 17:15:00+00:00,217.16,400.0,75.0,1635.9816490605708,0.23267294564417007,1635.9816490605708,4071.75,1635.9816490605708,0,9.638701527754424,0.9672466734902764,114.21,1645.6203505883252
2024-07-02 17:30:00+00:00,68.89,400.0,75.0,1635.9816490605708,0.23267294564417007,1635.9816490605708,1291.6875,1291.6875,1,9.502826302645548,0.9672466734902764,112.6,1301.1903263026456
2024-07-02 17:45:00+00:00,68.89,400.0,75.0,1635.9816490605708,0.23267294564417007,1635.9816490605708,1291.6875,1291.6875,1,10.664095307302768,0.9672466734902764,126.36,1302.3515953073027
2024-07-02 18:00:00+00:00,68.89,400.0,75.0,1635.9816490605708,0.23267294564417007,1635.9816490605708,1291.6875,1291.6875,1,8.467305177126358,0.9672466734902764,100.33,1300.1548051771263
2024-07-02 18:15:00+00:00,68.89,400.0,75.0,1635.9816490605708,0.23267294564417007,1635.9816490605708,1291.6875,1291.6875,1,11.50635291387828,0.9672466734902764,136.34,1303.1938529138783
2024-07-02 18:30:00+00:00,14.57,400.0,75.0,1635.9816490605708,0.23267294564417007,1635.9816490605708,273.1875,273.1875,1,7.880763056314755,0.9672466734902764,93.38,281.0682630563148
2024-07-02 18:45:00+00:00,285.92,400.0,75.0,1635.9816490605708,0.23267294564417007,1635.9816490605708,5361.0,1635.9816490605708,0,14.178284359186966,0.9672466734902764,168.0,1650.1599334197579
2024-07-02 19:00:00+00:00,285.92,400.0,75.0,1635.9816490605708,0.23267294564417007,1635.9816490605708,5361.0,1635.9816490605708,0,9.394801278956505,0.9672466734902764,111.32,1645.3764503395273
2024-07-02 19:15:00+00:00,264.54,400.0,75.0,1635.9816490605708,0.23267294564417007,1635.9816490605708,4960.125,1635.9816490605708,0,6.266295319462096,0.9672466734902764,74.25,1642.247944380033
2024-07-02 19:30:00+00:00,264.54,400.0,75.0,1635.9816490605708,0.23267294564417007,1635.9816490605708,4960.125,1635.9816490605708,0,5.815628423759367,0.9672466734902764,68.91,1641.7972774843302
2024-07-02 19:45:00+00:00,264.54,400.0,75.0,1635.9816490605708,0.23267294564417007,1635.9816490605708,4960.125,1635.9816490605708,0,9.092668790826211,0.9672466734902764,107.74,1645.074317851397
2024-07-02 20:00:00+00:00,264.54,400.0,75.0,1635.9816490605708,0.23267294564417007,1635.9816490605708,4960.125,1635.9816490605708,0,7.463010035017282,0.9672466734902764,88.43,1643.4446590955881
2024-07-02 20:15:00+00:00,192.35,400.0,75.0,1635.9816490605708,0.23267294564417007,1635.9816490605708,3606.5625,1635.9816490605708,0,9.441218281322893,0.9672466734902764,111.87,1645.4228673418936
2024-07-02 20:30:00+00:00,192.35,400.0,75.0,1635.9816490605708,0.23267294564417007,1635.9816490605708,3606.5625,1635.9816490605708,0,8.933163091785358,0.9672466734902764,105.85,1644.9148121523563
2024-07-02 20:45:00+00:00,192.35,400.0,75.0,1635.9816490605708,0.23267294564417007,1635.9816490605708,3606.5625,1635.9816490605708,0,7.781177487601418,0.9672466734902764,92.2,1643.7628265481721
2024-07-02 21:00:00+00:00,192.35,400.0,75.0,1635.9816490605708,0.23267294564417007,1635.9816490605708,3606.5625,1635.9816490605708,0,6.303428921355205,0.9672466734902764,74.69,1642.285077981926
2024-07-02 21:15:00+00:00,156.51,400.0,75.0,1635.9816490605708,0.23267294564417007,1635.9816490605708,2934.5625,1635.9816490605708,0,4.894039940412215,0.9672466734902764,57.99,1640.8756890009831
2024-07-02 21:30:00+00:00,156.51,400.0,75.0,1635.9816490605708,0.23267294564417007,1635.9816490605708,2934.5625,1635.9816490605708,0,7.147374418925858,0.9672466734902764,84.69,1643.1290234794967
2024-07-02 21:45:00+00:00,156.51,400.0,75.0,1635.9816490605708,0.23267294564417007,1635.9816490605708,2934.5625,1635.9816490605708,0,9.896948850011045,0.9672466734902764,117.27,1645.878597910582
2024-07-02 22:00:00+00:00,156.51,400.0,75.0,1635.9816490605708,0.23267294564417007,1635.9816490605708,2934.5625,1635.9816490605708,0,9.004054513581293,0.9672466734902764,106.69,1644.985703574152
2024-07-02 22:15:00+00:00,41.62,400.0,75.0,1635.9816490605708,0.23267294564417007,1635.9816490605708,780.375,780.375,1,5.924497392945982,0.9672466734902764,70.2,786.299497392946
2024-07-02 22:30:00+00:00,59.4,400.0,75.0,1635.9816490605708,0.23267294564417007,1635.9816490605708,1113.75,1113.75,1,8.917972072829087,0.9672466734902764,105.67,1122.6679720728291
2024-07-02 22:45:00+00:00,59.4,400.0,75.0,1635.9816490605708,0.23267294564417007,1635.9816490605708,1113.75,1113.75,1,9.365263186541533,0.9672466734902764,110.97,1123.1152631865416
2024-07-02 23:00:00+00:00,59.4,400.0,75.0,1635.9816490605708,0.23267294564417007,1635.9816490605708,1113.75,1113.75,1,-5.255248613372454,0.9672466734902764,-62.269999999999996,1108.4947513866275
2024-07-02 23:15:00+00:00,165.4,400.0,75.0,1635.9816490605708,0.23267294564417007,1635.9816490605708,3101.25,1635.9816490605708,0,9.59312847088561,0.9672466734902764,113.67,1645.5747775314564
2024-07-02 23:30:00+00:00,114.75,400.0,75.0,1635.9816490605708,0.23267294564417007,1635.9816490605708,2151.5625,1635.9816490605708,0,0.9519705212596962,0.9672466734902764,11.28,1636.9336195818305
2024-07-02 23:45:00+00:00,114.75,400.0,75.0,1635.9816490605708,0.23267294564417007,1635.9816490605708,2151.5625,1635.9816490605708,0,6.857057167761553,0.9672466734902764,81.25,1642.8387062283323
2024-07-03 00:00:00+00:00,114.75,400.0,75.0,1635.9816490605708,0.23267294564417007,1635.9816490605708,2151.5625,1635.9816490605708,0,10.881833245675995,0.9672466734902764,128.94,1646.8634823062469
2024-07-03 00:15:00+00:00,100.58,400.0,75.0,1635.9816490605708,0.23267294564417007,1635.9816490605708,1885.875,1635.9816490605708,0,11.310557558441886,0.9672466734902764,134.01999999999998,1647.2922066190126
2024-07-03 00:30:00+00:00,100.58,400.0,75.0,1635.9816490605708,0.23267294564417007,1635.9816490605708,1885.875,1635.9816490605708,0,12.412750378269159,0.9672466734902764,147.07999999999998,1648.39439943884
2024-07-03 00:45:00+00:00,100.58,400.0,75.0,1635.9816490605708,0.23267294564417007,1635.9816490605708,1885.875,1635.9816490605708,0,12.351142356946502,0.9672466734902764,146.35,1648.3327914175172
2024-07-03 01:00:00+00:00,101.56,400.0,75.0,1635.9816490605708,0.23267294564417007,1635.9816490605708,1904.25,1635.9816490605708,0,8.079090248243858,0.9672466734902764,95.73,1644.0607393088146
2024-07-03 01:15:00+00:00,106.16,400.0,75.0,1635.9816490605708,0.23267294564417007,1635.9816490605708,1990.5,1635.9816490605708,0,9.007430295571577,0.9672466734902764,106.73,1644.9890793561424
2024-07-03 01:30:00+00:00,41.62,400.0,75.0,1635.9816490605708,0.23267294564417007,1635.9816490605708,780.375,780.375,1,12.072640342748189,0.9672466734902764,143.05,792.4476403427482
2024-07-03 01:45:00+00:00,41.62,400.0,75.0,1635.9816490605708,0.23267294564417007,1635.9816490605708,780.375,780.375,1,12.070108506255474,0.9672466734902764,143.01999999999998,792.4451085062555
2024-07-03 02:00:00+00:00,106.16,400.0,75.0,1635.9816490605708,0.23267294564417007,1635.9816490605708,1990.5,1635.9816490605708,0,12.789150070185674,0.9672466734902764,151.54000000000002,1648.7707991307566
2024-07-03 02:15:00+00:00,122.75,400.0,75.0,1635.9816490605708,0.23267294564417007,1635.9816490605708,2301.5625,1635.9816490605708,0,19.831031301915196,0.9672466734902764,234.98,1655.812680362486
2024-07-03 02:30:00+00:00,107.56,400.0,75.0,1635.9816490605708,0.23267294564417007,1635.9816490605708,2016.75,1635.9816490605708,0,12.906458494347993,0.9672466734902764,152.93,1648.8881075549189
2024-07-03 02:45:00+00:00,122.75,400.0,75.0,1635.9816490605708,0.23267294564417007,1635.9816490605708,2301.5625,1635.9816490605708,0,14.098109536917754,0.9672466734902764,167.05,1650.0797585974885
2024-07-03 03:00:00+00:00,107.56,400.0,75.0,1635.9816490605708,0.23267294564417007,1635.9816490605708,2016.75,1635.9816490605708,0,14.177440413689396,0.9672466734902764,167.99,1650.1590894742603
2024-07-03 03:15:00+00:00,108.75,400.0,75.0,1635.9816490605708,0.23267294564417007,1635.9816490605708,2039.0625,1635.9816490605708,0,13.539417617525983,0.9672466734902764,160.43,1649.5210666780968
2024-07-03 03:30:00+00:00,108.75,400.0,75.0,1635.9816490605708,0.23267294564417007,1635.9816490605708,2039.0625,1635.9816490605708,0,11.499601349897713,0.9672466734902764,136.26,1647.4812504104684
2024-07-03 03:45:00+00:00,108.75,400.0,75.0,1635.9816490605708,0.23267294564417007,1635.9816490605708,2039.0625,1635.9816490605708,0,13.766438956372488,0.9672466734902764,163.12,1649.7480880169433
2024-07-03 04:00:00+00:00,159.4,400.0,75.0,1635.9816490605708,0.23267294564417007,1635.9816490605708,2988.75,1635.9816490605708,0,10.689413672229886,0.9672466734902764,126.66,1646.6710627328007
2024-07-03 04:15:00+00:00,118.93,400.0,75.0,1635.9816490605708,0.23267294564417007,1635.9816490605708,2229.9375,1635.9816490605708,0,11.820300638974562,0.9672466734902764,140.06,1647.8019496995453
2024-07-03 04:30:00+00:00,98.93,400.0,75.0,1635.9816490605708,0.23267294564417007,1635.9816490605708,1854.9375000000002,1635.9816490605708,0,11.296210484983186,0.9672466734902764,133.85,1647.277859545554
2024-07-03 04:45:00+00:00,98.93,400.0,75.0,1635.9816490605708,0.23267294564417007,1635.9816490605708,1854.9375000000002,1635.9816490605708,0,12.492925200538371,0.9672466734902764,148.03,1648.4745742611092
2024-07-03 05:00:00+00:00,1000.0,400.0,75.0,1635.9816490605708,0.23267294564417007,1635.9816490605708,18750.0,1635.9816490605708,0,17.06289006988346,0.9672466734902764,202.18,1653.0445391304543
2024-07-03 05:15:00+00:00,125.62,400.0,75.0,1635.9816490605708,0.23267294564417007,1635.9816490605708,2355.375,1635.9816490605708,0,8.240283838279852,0.9672466734902764,97.64,1644.2219328988506
2024-07-03 05:30:00+00:00,85.3,400.0,75.0,1635.9816490605708,0.23267294564417007,1635.9816490605708,1599.375,1599.375,1,13.6280318947709,0.9672466734902764,161.48,1613.0030318947709
2024-07-03 05:45:00+00:00,85.3,400.0,75.0,1635.9816490605708,0.23267294564417007,1635.9816490605708,1599.375,1599.375,1,8.777033174734788,0.9672466734902764,104.0,1608.1520331747347
2024-07-03 06:00:00+00:00,85.3,400.0,75.0,1635.9816490605708,0.23267294564417007,1635.9816490605708,1599.375,1599.375,1,10.819381278855767,0.9672466734902764,128.2,1610.1943812788559
2024-07-03 06:15:00+00:00,79.4,400.0,75.0,1635.9816490605708,0.23267294564417007,1635.9816490605708,1488.75,1488.75,1,14.112456610376455,0.9672466734902764,167.22,1502.8624566103765
2024-07-03 06:30:00+00:00,79.4,400.0,75.0,1635.9816490605708,0.23267294564417007,1635.9816490605708,1488.75,1488.75,1,11.951112191098014,0.9672466734902764,141.61,1500.701112191098
2024-07-03 06:45:00+00:00,79.4,400.0,75.0,1635.9816490605708,0.23267294564417007,1635.9816490605708,1488.75,1488.75,1,9.5416477955338,0.9672466734902764,113.06,1498.291647795534
2024-07-03 07:00:00+00:00,1000.0,400.0,75.0,1635.9816490605708,0.23267294564417007,1635.9816490605708,18750.0,1635.9816490605708,0,9.82690137371268,0.9672466734902764,116.44,1645.8085504342835
2024-07-03 07:15:00+00:00,1000.0,400.0,75.0,1635.9816490605708,0.23267294564417007,1635.9816490605708,18750.0,1635.9816490605708,0,12.769739323741547,0.9672466734902764,151.31,1648.7513883843123
2024-07-03 07:30:00+00:00,129.73,400.0,75.0,1635.9816490605708,0.23267294564417007,1635.9816490605708,2432.4375,1635.9816490605708,0,9.794831444804995,0.9672466734902764,116.06,1645.7764805053757
2024-07-03 07:45:00+00:00,129.73,400.0,75.0,1635.9816490605708,0.23267294564417007,1635.9816490605708,2432.4375,1635.9816490605708,0,11.792450437554733,0.9672466734902764,139.73000000000002,1647.7740994981255
2024-07-03 08:00:00+00:00,129.73,400.0,75.0,1635.9816490605708,0.23267294564417007,1635.9816490605708,2432.4375,1635.9816490605708,0,10.954412558467073,0.9672466734902764,129.8,1646.936061619038
2024-07-03 08:15:00+00:00,199.4,400.0,75.0,1635.9816490605708,0.23267294564417007,1635.9816490605708,3738.75,1635.9816490605708,0,9.483415556201425,0.9672466734902764,112.37,1645.4650646167722
2024-07-03 08:30:00+00:00,199.4,400.0,75.0,1635.9816490605708,0.23267294564417007,1635.9816490605708,3738.75,1635.9816490605708,0,15.381750638722716,0.9672466734902764,182.26,1651.3633996992935
2024-07-03 08:45:00+00:00,132.58,400.0,75.0,1635.9816490605708,0.23267294564417007,1635.9816490605708,2485.8750000000005,1635.9816490605708,0,12.195856385393501,0.9672466734902764,144.51,1648.1775054459642
2024-07-03 09:00:00+00:00,199.4,400.0,75.0,1635.9816490605708,0.23267294564417007,1635.9816490605708,3738.75,1635.9816490605708,0,6.203843352641868,0.9672466734902764,73.50999999999999,1642.1854924132126
2024-07-03 09:15:00+00:00,204.4,400.0,75.0,1635.9816490605708,0.23267294564417007,1635.9816490605708,3832.5,1635.9816490605708,0,10.870018008710009,0.9672466734902764,128.8,1646.851667069281
2024-07-03 09:30:00+00:00,204.4,400.0,75.0,1635.9816490605708,0.23267294564417007,1635.9816490605708,3832.5,1635.9816490605708,0,9.080853553860223,0.9672466734902764,107.6,1645.062502614431
2024-07-03 09:45:00+00:00,204.4,400.0,75.0,1635.9816490605708,0.23267294564417007,1635.9816490605708,3832.5,1635.9816490605708,0,12.275187262165142,0.9672466734902764,145.45,1648.256836322736
2024-07-03 10:00:00+00:00,204.4,400.0,75.0,1635.9816490605708,0.23267294564417007,1635.9816490605708,3832.5,1635.9816490605708,0,8.568578636834838,0.9672466734902764,101.53,1644.5502276974057
2024-07-03 10:15:00+00:00,218.85,400.0,75.0,1635.9816490605708,0.23267294564417007,1635.9816490605708,4103.4375,1635.9816490605708,0,9.998222309719523,0.9672466734902764,118.47,1645.9798713702903
2024-07-03 10:30:00+00:00,218.85,400.0,75.0,1635.9816490605708,0.23267294564417007,1635.9816490605708,4103.4375,1635.9816490605708,0,11.305493885456462,0.9672466734902764,133.95999999999998,1647.2871429460272
2024-07-03 10:45:00+00:00,218.85,400.0,75.0,1635.9816490605708,0.23267294564417007,1635.9816490605708,4103.4375,1635.9816490605708,0,12.066732724265194,0.9672466734902764,142.98000000000002,1648.048381784836
2024-07-03 11:00:00+00:00,218.85,400.0,75.0,1635.9816490605708,0.23267294564417007,1635.9816490605708,4103.4375,1635.9816490605708,0,-0.8295984241119515,0.9672466734902764,-9.829999999999998,1635.1520506364589
2024-07-03 11:15:00+00:00,211.69,400.0,75.0,1635.9816490605708,0.23267294564417007,1635.9816490605708,3969.1875,1635.9816490605708,0,9.436154608337468,0.9672466734902764,111.81,1645.4178036689084
2024-07-03 11:30:00+00:00,211.69,400.0,75.0,1635.9816490605708,0.23267294564417007,1635.9816490605708,3969.1875,1635.9816490605708,0,9.139929738690169,0.9672466734902764,108.3,1645.121578799261
2024-07-03 11:45:00+00:00,211.69,400.0,75.0,1635.9816490605708,0.23267294564417007,1635.9816490605708,3969.1875,1635.9816490605708,0,8.763530046773658,0.9672466734902764,103.84,1644.7451791073445
2024-07-03 12:00:00+00:00,211.69,400.0,75.0,1635.9816490605708,0.23267294564417007,1635.9816490605708,3969.1875,1635.9816490605708,0,13.852521397124692,0.9672466734902764,164.14,1649.8341704576956
2024-07-03 12:15:00+00:00,187.4,400.0,75.0,1635.9816490605708,0.23267294564417007,1635.9816490605708,3513.75,1635.9816490605708,0,10.981418814389333,0.9672466734902764,130.12,1646.9630678749602
2024-07-03 12:30:00+00:00,187.4,400.0,75.0,1635.9816490605708,0.23267294564417007,1635.9816490605708,3513.75,1635.9816490605708,0,7.467229762505134,0.9672466734902764,88.47999999999999,1643.448878823076
2024-07-03 12:45:00+00:00,187.4,400.0,75.0,1635.9816490605708,0.23267294564417007,1635.9816490605708,3513.75,1635.9816490605708,0,12.06420088777248,0.9672466734902764,142.95,1648.0458499483434
2024-07-03 13:00:00+00:00,187.4,400.0,75.0,1635.9816490605708,0.23267294564417007,1635.9816490605708,3513.75,1635.9816490605708,0,14.590129762001444,0.9672466734902764,172.88,1650.5717788225722
2024-07-03 13:15:00+00:00,59.75,400.0,75.0,1635.9816490605708,0.23267294564417007,1635.9816490605708,1120.3125,1120.3125,1,12.291222226618984,0.9672466734902764,145.64,1132.603722226619
2024-07-03 13:30:00+00:00,110.4,400.0,75.0,1635.9816490605708,0.23267294564417007,1635.9816490605708,2070.0,1635.9816490605708,0,6.906849952118222,0.9672466734902764,81.84,1642.888499012689
2024-07-03 13:45:00+00:00,59.75,400.0,75.0,1635.9816490605708,0.23267294564417007,1635.9816490605708,1120.3125,1120.3125,1,9.09098089983107,0.9672466734902764,107.72,1129.403480899831
2024-07-03 14:00:00+00:00,110.4,400.0,75.0,1635.9816490605708,0.23267294564417007,1635.9816490605708,2070.0,1635.9816490605708,0,12.68703266497962,0.9672466734902764,150.32999999999998,1648.6686817255504
2024-07-03 14:15:00+00:00,120.51,400.0,75.0,1635.9816490605708,0.23267294564417007,1635.9816490605708,2259.5625,1635.9816490605708,0,8.52131768897088,0.9672466734902764,100.97,1644.5029667495417
2024-07-03 14:30:00+00:00,87.1,400.0,75.0,1635.9816490605708,0.23267294564417007,1635.9816490605708,1633.125,1633.125,1,10.951036776476789,0.9672466734902764,129.76,1644.0760367764767
2024-07-03 14:45:00+00:00,87.1,400.0,75.0,1635.9816490605708,0.23267294564417007,1635.9816490605708,1633.125,1633.125,1,11.64897970296772,0.9672466734902764,138.03,1644.7739797029676
2024-07-03 15:00:00+00:00,87.1,400.0,75.0,1635.9816490605708,0.23267294564417007,1635.9816490605708,1633.125,1633.125,1,7.82168687148481,0.9672466734902764,92.68,1640.9466868714849
2024-07-03 15:15:00+00:00,68.89,400.0,75.0,1635.9816490605708,0.23267294564417007,1635.9816490605708,1291.6875,1291.6875,1,9.652204655715556,0.9672466734902764,114.37,1301.3397046557157
2024-07-03 15:30:00+00:00,124.46,400.0,75.0,1635.9816490605708,0.23267294564417007,1635.9816490605708,2333.625,1635.9816490605708,0,2.9394621680385833,0.9672466734902764,34.83,1638.9211112286093
2024-07-03 15:45:00+00:00,68.89,400.0,75.0,1635.9816490605708,0.23267294564417007,1635.9816490605708,1291.6875,1291.6875,1,7.616608115575141,0.9672466734902764,90.25,1299.3041081155752
2024-07-03 16:00:00+00:00,68.89,400.0,75.0,1635.9816490605708,0.23267294564417007,1635.9816490605708,1291.6875,1291.6875,1,8.863959560984565,0.9672466734902764,105.03,1300.5514595609845
2024-07-03 16:15:00+00:00,144.99,400.0,75.0,1635.9816490605708,0.23267294564417007,1635.9816490605708,2718.5625,1635.9816490605708,0,6.764223163028782,0.9672466734902764,80.15,1642.7458722235997
2024-07-03 16:30:00+00:00,144.99,400.0,75.0,1635.9816490605708,0.23267294564417007,1635.9816490605708,2718.5625,1635.9816490605708,0,12.840630745537482,0.9672466734902764,152.15,1648.8222798061083
2024-07-03 16:45:00+00:00,68.89,400.0,75.0,1635.9816490605708,0.23267294564417007,1635.9816490605708,1291.6875,1291.6875,1,6.379384016136564,0.9672466734902764,75.59,1298.0668840161366
2024-07-03 17:00:00+00:00,68.89,400.0,75.0,1635.9816490605708,0.23267294564417007,1635.9816490605708,1291.6875,1291.6875,1,7.990475970998941,0.9672466734902764,94.68,1299.677975970999
2024-07-03 17:15:00+00:00,68.89,400.0,75.0,1635.9816490605708,0.23267294564417007,1635.9816490605708,1291.6875,1291.6875,1,9.194786196032261,0.9672466734902764,108.95,1300.8822861960323
2024-07-03 17:30:00+00:00,41.62,400.0,75.0,1635.9816490605708,0.23267294564417007,1635.9816490605708,780.375,780.375,1,11.959551646073718,0.9672466734902764,141.70999999999998,792.3345516460737
2024-07-03 17:45:00+00:00,41.62,400.0,75.0,1635.9816490605708,0.23267294564417007,1635.9816490605708,780.375,780.375,1,5.889051682048015,0.9672466734902764,69.78,786.264051682048
2024-07-03 18:00:00+00:00,41.62,400.0,75.0,1635.9816490605708,0.23267294564417007,1635.9816490605708,780.375,780.375,1,10.893648482641984,0.9672466734902764,129.07999999999998,791.268648482642
2024-07-03 18:15:00+00:00,14.46,400.0,75.0,1635.9816490605708,0.23267294564417007,1635.9816490605708,271.125,271.125,1,8.461397558643364,0.9672466734902764,100.26,279.58639755864334
2024-07-03 18:30:00+00:00,14.46,400.0,75.0,1635.9816490605708,0.23267294564417007,1635.9816490605708,271.125,271.125,1,6.368412724668146,0.9672466734902764,75.46000000000001,277.49341272466813
2024-07-03 18:45:00+00:00,14.46,400.0,75.0,1635.9816490605708,0.23267294564417007,1635.9816490605708,271.125,271.125,1,9.41421202540063,0.9672466734902764,111.55,280.5392120254006
2024-07-03 19:00:00+00:00,14.46,400.0,75.0,1635.9816490605708,0.23267294564417007,1635.9816490605708,271.125,271.125,1,0.05570040283966309,0.9672466734902764,0.6600000000000001,271.18070040283965
2024-07-03 19:15:00+00:00,41.62,400.0,75.0,1635.9816490605708,0.23267294564417007,1635.9816490605708,780.375,780.375,1,6.808952274400027,0.9672466734902764,80.68,787.1839522744
2024-07-03 19:30:00+00:00,41.62,400.0,75.0,1635.9816490605708,0.23267294564417007,1635.9816490605708,780.375,780.375,1,8.22256098283087,0.9672466734902764,97.43,788.5975609828308
2024-07-03 19:45:00+00:00,68.89,400.0,75.0,1635.9816490605708,0.23267294564417007,1635.9816490605708,1291.6875,1291.6875,1,7.262151006595467,0.9672466734902764,86.05,1298.9496510065956
2024-07-03 20:00:00+00:00,222.83,400.0,75.0,1635.9816490605708,0.23267294564417007,1635.9816490605708,4178.0625,1635.9816490605708,0,8.174456089469341,0.9672466734902764,96.86,1644.15610515004
2024-07-03 20:15:00+00:00,189.28,400.0,75.0,1635.9816490605708,0.23267294564417007,1635.9816490605708,3549.0,1635.9816490605708,0,9.331505366638707,0.9672466734902764,110.57,1645.3131544272096
2024-07-03 20:30:00+00:00,41.62,400.0,75.0,1635.9816490605708,0.23267294564417007,1635.9816490605708,780.375,780.375,1,2.841564490320388,0.9672466734902764,33.67,783.2165644903204
2024-07-03 20:45:00+00:00,41.62,400.0,75.0,1635.9816490605708,0.23267294564417007,1635.9816490605708,780.375,780.375,1,5.322764253178106,0.9672466734902764,63.07,785.6977642531781
2024-07-03 21:00:00+00:00,186.8,400.0,75.0,1635.9816490605708,0.23267294564417007,1635.9816490605708,3502.5,1635.9816490605708,0,12.589978932758997,0.9672466734902764,149.18,1648.57162799333
2024-07-03 21:15:00+00:00,139.92,400.0,75.0,1635.9816490605708,0.23267294564417007,1635.9816490605708,2623.4999999999995,1635.9816490605708,0,3.971607511567492,0.9672466734902764,47.06,1639.9532565721383
2024-07-03 21:30:00+00:00,119.92,400.0,75.0,1635.9816490605708,0.23267294564417007,1635.9816490605708,2248.5,1635.9816490605708,0,7.769362250635429,0.9672466734902764,92.06,1643.7510113112062
2024-07-03 21:45:00+00:00,41.62,400.0,75.0,1635.9816490605708,0.23267294564417007,1635.9816490605708,780.375,780.375,1,9.331505366638707,0.9672466734902764,110.57,789.7065053666387
2024-07-03 22:00:00+00:00,41.62,400.0,75.0,1635.9816490605708,0.23267294564417007,1635.9816490605708,780.375,780.375,1,9.144993411675593,0.9672466734902764,108.36,789.5199934116756
2024-07-03 22:15:00+00:00,101.12,400.0,75.0,1635.9816490605708,0.23267294564417007,1635.9816490605708,1896.0,1635.9816490605708,0,7.238520532663489,0.9672466734902764,85.77000000000001,1643.2201695932342
2024-07-03 22:30:00+00:00,101.12,400.0,75.0,1635.9816490605708,0.23267294564417007,1635.9816490605708,1896.0,1635.9816490605708,0,8.113692013644256,0.9672466734902764,96.14,1644.0953410742152
2024-07-03 22:45:00+00:00,101.12,400.0,75.0,1635.9816490605708,0.23267294564417007,1635.9816490605708,1896.0,1635.9816490605708,0,7.51195887387638,0.9672466734902764,89.01,1643.4936079344473
2024-07-03 23:00:00+00:00,101.12,400.0,75.0,1635.9816490605708,0.23267294564417007,1635.9816490605708,1896.0,1635.9816490605708,0,8.025077736399338,0.9672466734902764,95.09,1644.00672679697
2024-07-03 23:15:00+00:00,112.4,400.0,75.0,1635.9816490605708,0.23267294564417007,1635.9816490605708,2107.5,1635.9816490605708,0,11.060749691160975,0.9672466734902764,131.06,1647.0423987517318
2024-07-03 23:30:00+00:00,112.4,400.0,75.0,1635.9816490605708,0.23267294564417007,1635.9816490605708,2107.5,1635.9816490605708,0,10.0218527836515,0.9672466734902764,118.75,1646.0035018442222
2024-07-03 23:45:00+00:00,101.76,400.0,75.0,1635.9816490605708,0.23267294564417007,1635.9816490605708,1908.0,1635.9816490605708,0,7.8064958525285375,0.9672466734902764,92.5,1643.7881449130994
2024-07-04 00:00:00+00:00,101.76,400.0,75.0,1635.9816490605708,0.23267294564417007,1635.9816490605708,1908.0,1635.9816490605708,0,12.025379394884231,0.9672466734902764,142.49,1648.0070284554552
2024-07-04 00:15:00+00:00,132.07,400.0,75.0,1635.9816490605708,0.23267294564417007,1635.9816490605708,2476.3125,1635.9816490605708,0,10.775496112982095,0.9672466734902764,127.68,1646.757145173553
2024-07-04 00:30:00+00:00,132.07,400.0,75.0,1635.9816490605708,0.23267294564417007,1635.9816490605708,2476.3125,1635.9816490605708,0,11.842243221911398,0.9672466734902764,140.32,1647.8238922824821
2024-07-04 00:45:00+00:00,132.07,400.0,75.0,1635.9816490605708,0.23267294564417007,1635.9816490605708,2476.3125,1635.9816490605708,0,11.455716184024041,0.9672466734902764,135.74,1647.437365244595
2024-07-04 01:00:00+00:00,132.07,400.0,75.0,1635.9816490605708,0.23267294564417007,1635.9816490605708,2476.3125,1635.9816490605708,0,9.236983470910793,0.9672466734902764,109.45,1645.2186325314817
2024-07-04 01:15:00+00:00,137.76,400.0,75.0,1635.9816490605708,0.23267294564417007,1635.9816490605708,2583.0,1635.9816490605708,0,9.804114845278272,0.9672466734902764,116.17,1645.785763905849
2024-07-04 01:30:00+00:00,148.4,400.0,75.0,1635.9816490605708,0.23267294564417007,1635.9816490605708,2782.5,1635.9816490605708,0,12.562972676836738,0.9672466734902764,148.86,1648.5446217374076
2024-07-04 01:45:00+00:00,148.4,400.0,75.0,1635.9816490605708,0.23267294564417007,1635.9816490605708,2782.5,1635.9816490605708,0,12.274343316667572,0.9672466734902764,145.44,1648.2559923772385
2024-07-04 02:00:00+00:00,148.4,400.0,75.0,1635.9816490605708,0.23267294564417007,1635.9816490605708,2782.5,1635.9816490605708,0,11.658263103440996,0.9672466734902764,138.14,1647.6399121640118
2024-07-04 02:15:00+00:00,144.4,400.0,75.0,1635.9816490605708,0.23267294564417007,1635.9816490605708,2707.5,1635.9816490605708,0,11.949424300102873,0.9672466734902764,141.59,1647.9310733606737
2024-07-04 02:30:00+00:00,144.4,400.0,75.0,1635.9816490605708,0.23267294564417007,1635.9816490605708,2707.5,1635.9816490605708,0,14.397710188555335,0.9672466734902764,170.6,1650.379359249126
2024-07-04 02:45:00+00:00,133.76,400.0,75.0,1635.9816490605708,0.23267294564417007,1635.9816490605708,2508.0,1635.9816490605708,0,10.453952878407675,0.9672466734902764,123.87,1646.4356019389784
2024-07-04 03:00:00+00:00,152.36,400.0,75.0,1635.9816490605708,0.23267294564417007,1635.9816490605708,2856.7500000000005,1635.9816490605708,0,13.31914784266004,0.9672466734902764,157.82,1649.3007969032308
2024-07-04 03:15:00+00:00,173.33,400.0,75.0,1635.9816490605708,0.23267294564417007,1635.9816490605708,3249.9375000000005,1635.9816490605708,0,11.738437925710208,0.9672466734902764,139.09,1647.720086986281
2024-07-04 03:30:00+00:00,173.33,400.0,75.0,1635.9816490605708,0.23267294564417007,1635.9816490605708,3249.9375000000005,1635.9816490605708,0,11.705524051304952,0.9672466734902764,138.7,1647.6871731118758
2024-07-04 03:45:00+00:00,173.33,400.0,75.0,1635.9816490605708,0.23267294564417007,1635.9816490605708,3249.9375000000005,1635.9816490605708,0,14.482948683809973,0.9672466734902764,171.61,1650.4645977443809
2024-07-04 04:00:00+00:00,173.33,400.0,75.0,1635.9816490605708,0.23267294564417007,1635.9816490605708,3249.9375000000005,1635.9816490605708,0,14.061819880522215,0.9672466734902764,166.62,1650.0434689410931
2024-07-04 04:15:00+00:00,107.07,400.0,75.0,1635.9816490605708,0.23267294564417007,1635.9816490605708,2007.5624999999998,1635.9816490605708,0,14.036501515595095,0.9672466734902764,166.32,1650.018150576166
2024-07-04 04:30:00+00:00,107.07,400.0,75.0,1635.9816490605708,0.23267294564417007,1635.9816490605708,2007.5624999999998,1635.9816490605708,0,15.074554477606998,0.9672466734902764,178.62,1651.056203538178
2024-07-04 04:45:00+00:00,70.89,400.0,75.0,1635.9816490605708,0.23267294564417007,1635.9816490605708,1329.1875,1329.1875,1,12.364645484907632,0.9672466734902764,146.51,1341.5521454849077
2024-07-04 05:00:00+00:00,107.07,400.0,75.0,1635.9816490605708,0.23267294564417007,1635.9816490605708,2007.5624999999998,1635.9816490605708,0,0.9595660307378321,0.9672466734902764,11.37,1636.9412150913085
2024-07-04 05:15:00+00:00,103.36,400.0,75.0,1635.9816490605708,0.23267294564417007,1635.9816490605708,1938.0,1635.9816490605708,0,11.524919714824833,0.9672466734902764,136.56,1647.5065687753956
2024-07-04 05:30:00+00:00,120.94,400.0,75.0,1635.9816490605708,0.23267294564417007,1635.9816490605708,2267.625,1635.9816490605708,0,12.86341727397189,0.9672466734902764,152.42000000000002,1648.8450663345427
2024-07-04 05:45:00+00:00,120.94,400.0,75.0,1635.9816490605708,0.23267294564417007,1635.9816490605708,2267.625,1635.9816490605708,0,11.904695188731628,0.9672466734902764,141.06,1647.8863442493025
2024-07-04 06:00:00+00:00,120.94,400.0,75.0,1635.9816490605708,0.23267294564417007,1635.9816490605708,2267.625,1635.9816490605708,0,12.019471776401238,0.9672466734902764,142.42000000000002,1648.001120836972
2024-07-04 06:15:00+00:00,34.8,400.0,75.0,1635.9816490605708,0.23267294564417007,1635.9816490605708,652.5,652.5,1,13.07102786637427,0.9672466734902764,154.88,665.5710278663743
2024-07-04 06:30:00+00:00,34.8,400.0,75.0,1635.9816490605708,0.23267294564417007,1635.9816490605708,652.5,652.5,1,10.088524477959583,0.9672466734902764,119.54,662.5885244779596
2024-07-04 06:45:00+00:00,34.8,400.0,75.0,1635.9816490605708,0.23267294564417007,1635.9816490605708,652.5,652.5,1,3.5707334002214317,0.9672466734902764,42.31,656.0707334002215
2024-07-04 07:00:00+00:00,131.59,400.0,75.0,1635.9816490605708,0.23267294564417007,1635.9816490605708,2467.3125,1635.9816490605708,0,9.213352996978816,0.9672466734902764,109.17,1645.1950020575496
2024-07-04 07:15:00+00:00,119.53,400.0,75.0,1635.9816490605708,0.23267294564417007,1635.9816490605708,2241.1875,1635.9816490605708,0,8.773657392744505,0.9672466734902764,103.96,1644.7553064533154
2024-07-04 07:30:00+00:00,227.75,400.0,75.0,1635.9816490605708,0.23267294564417007,1635.9816490605708,4270.3125,1635.9816490605708,0,13.779098138836048,0.9672466734902764,163.27,1649.760747199407
2024-07-04 07:45:00+00:00,227.75,400.0,75.0,1635.9816490605708,0.23267294564417007,1635.9816490605708,4270.3125,1635.9816490605708,0,13.00604406306133,0.9672466734902764,154.11,1648.9876931236322
2024-07-04 08:00:00+00:00,227.75,400.0,75.0,1635.9816490605708,0.23267294564417007,1635.9816490605708,4270.3125,1635.9816490605708,0,12.174757747954235,0.9672466734902764,144.26,1648.1564068085252
2024-07-04 08:15:00+00:00,304.16,400.0,75.0,1635.9816490605708,0.23267294564417007,1635.9816490605708,5703.000000000001,1635.9816490605708,0,12.184041148427514,0.9672466734902764,144.37,1648.1656902089983
2024-07-04 08:30:00+00:00,304.16,400.0,75.0,1635.9816490605708,0.23267294564417007,1635.9816490605708,5703.000000000001,1635.9816490605708,0,10.832040461319327,0.9672466734902764,128.35,1646.8136895218902
2024-07-04 08:45:00+00:00,304.16,400.0,75.0,1635.9816490605708,0.23267294564417007,1635.9816490605708,5703.000000000001,1635.9816490605708,0,8.965233020693043,0.9672466734902764,106.23,1644.9468820812638
2024-07-04 09:00:00+00:00,304.16,400.0,75.0,1635.9816490605708,0.23267294564417007,1635.9816490605708,5703.000000000001,1635.9816490605708,0,10.637089051380507,0.9672466734902764,126.04,1646.6187381119514
2024-07-04 09:15:00+00:00,260.16,400.0,75.0,1635.9816490605708,0.23267294564417007,1635.9816490605708,4878.000000000001,1635.9816490605708,0,9.047939679454966,0.9672466734902764,107.21,1645.0295887400257
2024-07-04 09:30:00+00:00,260.16,400.0,75.0,1635.9816490605708,0.23267294564417007,1635.9816490605708,4878.000000000001,1635.9816490605708,0,12.534278529919332,0.9672466734902764,148.51999999999998,1648.51592759049
2024-07-04 09:45:00+00:00,260.16,400.0,75.0,1635.9816490605708,0.23267294564417007,1635.9816490605708,4878.000000000001,1635.9816490605708,0,10.167011409233654,0.9672466734902764,120.47,1646.1486604698046
2024-07-04 10:00:00+00:00,260.16,400.0,75.0,1635.9816490605708,0.23267294564417007,1635.9816490605708,4878.000000000001,1635.9816490605708,0,8.498531160536473,0.9672466734902764,100.7,1644.4801802211073
2024-07-04 10:15:00+00:00,275.15,400.0,75.0,1635.9816490605708,0.23267294564417007,1635.9816490605708,5159.0625,1635.9816490605708,0,9.562746432973066,0.9672466734902764,113.31,1645.5443954935438
2024-07-04 10:30:00+00:00,275.15,400.0,75.0,1635.9816490605708,0.23267294564417007,1635.9816490605708,5159.0625,1635.9816490605708,0,11.111386421015213,0.9672466734902764,131.66,1647.093035481586
2024-07-04 10:45:00+00:00,275.15,400.0,75.0,1635.9816490605708,0.23267294564417007,1635.9816490605708,5159.0625,1635.9816490605708,0,9.05131546144525,0.9672466734902764,107.25,1645.032964522016
2024-07-04 11:00:00+00:00,275.15,400.0,75.0,1635.9816490605708,0.23267294564417007,1635.9816490605708,5159.0625,1635.9816490605708,0,8.407385046798842,0.9672466734902764,99.62,1644.3890341073698
2024-07-04 11:15:00+00:00,273.39,400.0,75.0,1635.9816490605708,0.23267294564417007,1635.9816490605708,5126.0625,1635.9816490605708,0,10.656499797824631,0.9672466734902764,126.27,1646.6381488583954
2024-07-04 11:30:00+00:00,273.4,400.0,75.0,1635.9816490605708,0.23267294564417007,1635.9816490605708,5126.25,1635.9816490605708,0,10.659031634317344,0.9672466734902764,126.3,1646.6406806948883
2024-07-04 11:45:00+00:00,273.4,400.0,75.0,1635.9816490605708,0.23267294564417007,1635.9816490605708,5126.25,1635.9816490605708,0,9.072414098884517,0.9672466734902764,107.5,1645.0540631594554
2024-07-04 12:00:00+00:00,273.4,400.0,75.0,1635.9816490605708,0.23267294564417007,1635.9816490605708,5126.25,1635.9816490605708,0,9.133178174709604,0.9672466734902764,108.22,1645.1148272352805
2024-07-04 12:15:00+00:00,278.17,400.0,75.0,1635.9816490605708,0.23267294564417007,1635.9816490605708,5215.6875,1635.9816490605708,0,10.61683435943881,0.9672466734902764,125.8,1646.5984834200096
2024-07-04 12:30:00+00:00,278.17,400.0,75.0,1635.9816490605708,0.23267294564417007,1635.9816490605708,5215.6875,1635.9816490605708,0,7.072263269642069,0.9672466734902764,83.8,1643.0539123302128
2024-07-04 12:45:00+00:00,278.17,400.0,75.0,1635.9816490605708,0.23267294564417007,1635.9816490605708,5215.6875,1635.9816490605708,0,7.157501764896706,0.9672466734902764,84.81,1643.1391508254676
2024-07-04 13:00:00+00:00,278.17,400.0,75.0,1635.9816490605708,0.23267294564417007,1635.9816490605708,5215.6875,1635.9816490605708,0,-4.062753625305122,0.9672466734902764,-48.14,1631.9188954352658
2024-07-04 13:15:00+00:00,312.17,400.0,75.0,1635.9816490605708,0.23267294564417007,1635.9816490605708,5853.1875,1635.9816490605708,0,9.662332001686403,0.9672466734902764,114.49,1645.6439810622571
2024-07-04 13:30:00+00:00,312.17,400.0,75.0,1635.9816490605708,0.23267294564417007,1635.9816490605708,5853.1875,1635.9816490605708,0,10.768744549001529,0.9672466734902764,127.6,1646.7503936095723
2024-07-04 13:45:00+00:00,312.17,400.0,75.0,1635.9816490605708,0.23267294564417007,1635.9816490605708,5853.1875,1635.9816490605708,0,13.225469892429699,0.9672466734902764,156.71,1649.2071189530004
2024-07-04 14:00:00+00:00,312.17,400.0,75.0,1635.9816490605708,0.23267294564417007,1635.9816490605708,5853.1875,1635.9816490605708,0,11.823676420964844,0.9672466734902764,140.1,1647.8053254815356
2024-07-04 14:15:00+00:00,256.56,400.0,75.0,1635.9816490605708,0.23267294564417007,1635.9816490605708,4810.5,1635.9816490605708,0,9.676679075145104,0.9672466734902764,114.66,1645.658328135716
2024-07-04 14:30:00+00:00,256.56,400.0,75.0,1635.9816490605708,0.23267294564417007,1635.9816490605708,4810.5,1635.9816490605708,0,9.973747890289975,0.9672466734902764,118.18,1645.9553969508609
2024-07-04 14:45:00+00:00,256.55,400.0,75.0,1635.9816490605708,0.23267294564417007,1635.9816490605708,4810.3125,1635.9816490605708,0,-0.5401251184452176,0.9672466734902764,-6.399999999999999,1635.4415239421255
2024-07-04 15:00:00+00:00,256.55,400.0,75.0,1635.9816490605708,0.23267294564417007,1635.9816490605708,4810.3125,1635.9816490605708,0,9.739131041965333,0.9672466734902764,115.4,1645.720780102536
2024-07-04 15:15:00+00:00,218.95,400.0,75.0,1635.9816490605708,0.23267294564417007,1635.9816490605708,4105.3125,1635.9816490605708,0,9.168623885607571,0.9672466734902764,108.64,1645.1502729461783
2024-07-04 15:30:00+00:00,218.95,400.0,75.0,1635.9816490605708,0.23267294564417007,1635.9816490605708,4105.3125,1635.9816490605708,0,10.4590165513931,0.9672466734902764,123.93,1646.4406656119638
2024-07-04 15:45:00+00:00,218.95,400.0,75.0,1635.9816490605708,0.23267294564417007,1635.9816490605708,4105.3125,1635.9816490605708,0,8.032673245877474,0.9672466734902764,95.18,1644.0143223064483
2024-07-04 16:00:00+00:00,218.95,400.0,75.0,1635.9816490605708,0.23267294564417007,1635.9816490605708,4105.3125,1635.9816490605708,0,10.491930425798355,0.9672466734902764,124.32,1646.473579486369
2024-07-04 16:15:00+00:00,101.45,400.0,75.0,1635.9816490605708,0.23267294564417007,1635.9816490605708,1902.1875,1635.9816490605708,0,12.630488316642388,0.9672466734902764,149.66,1648.6121373772132
2024-07-04 16:30:00+00:00,101.45,400.0,75.0,1635.9816490605708,0.23267294564417007,1635.9816490605708,1902.1875,1635.9816490605708,0,9.16693599461243,0.9672466734902764,108.62,1645.1485850551833
2024-07-04 16:45:00+00:00,34.8,400.0,75.0,1635.9816490605708,0.23267294564417007,1635.9816490605708,652.5,652.5,1,10.243810449512582,0.9672466734902764,121.38,662.7438104495126
2024-07-04 17:00:00+00:00,34.8,400.0,75.0,1635.9816490605708,0.23267294564417007,1635.9816490605708,652.5,652.5,1,10.375465947133604,0.9672466734902764,122.94,662.8754659471336
2024-07-04 17:15:00+00:00,34.8,400.0,75.0,1635.9816490605708,0.23267294564417007,1635.9816490605708,652.5,652.5,1,8.072338684263293,0.9672466734902764,95.65,660.5723386842633
2024-07-04 17:30:00+00:00,34.8,400.0,75.0,1635.9816490605708,0.23267294564417007,1635.9816490605708,652.5,652.5,1,9.391425496966223,0.9672466734902764,111.28,661.8914254969662
2024-07-04 17:45:00+00:00,34.8,400.0,75.0,1635.9816490605708,0.23267294564417007,1635.9816490605708,652.5,652.5,1,8.945822274248918,0.9672466734902764,106.0,661.4458222742489
2024-07-04 18:00:00+00:00,34.8,400.0,75.0,1635.9816490605708,0.23267294564417007,1635.9816490605708,652.5,652.5,1,8.645377677113766,0.9672466734902764,102.44,661.1453776771137
2024-07-04 18:15:00+00:00,34.8,400.0,75.0,1635.9816490605708,0.23267294564417007,1635.9816490605708,652.5,652.5,1,6.808108328902455,0.9672466734902764,80.67,659.3081083289024
2024-07-04 18:30:00+00:00,34.8,400.0,75.0,1635.9816490605708,0.23267294564417007,1635.9816490605708,652.5,652.5,1,-4.168246812501454,0.9672466734902764,-49.39,648.3317531874985
2024-07-04 18:45:00+00:00,14.47,400.0,75.0,1635.9816490605708,0.23267294564417007,1635.9816490605708,271.3125,271.3125,1,9.49016712018199,0.9672466734902764,112.45,280.802667120182
2024-07-04 19:00:00+00:00,14.46,400.0,75.0,1635.9816490605708,0.23267294564417007,1635.9816490605708,271.125,271.125,1,11.136704785942332,0.9672466734902764,131.95999999999998,282.26170478594236
2024-07-04 19:15:00+00:00,34.8,400.0,75.0,1635.9816490605708,0.23267294564417007,1635.9816490605708,652.5,652.5,1,10.09865182393043,0.9672466734902764,119.66,662.5986518239305
2024-07-04 19:30:00+00:00,34.8,400.0,75.0,1635.9816490605708,0.23267294564417007,1635.9816490605708,652.5,652.5,1,12.617829134178828,0.9672466734902764,149.51,665.1178291341788
2024-07-04 19:45:00+00:00,70.89,400.0,75.0,1635.9816490605708,0.23267294564417007,1635.9816490605708,1329.1875,1329.1875,1,6.456183056415493,0.9672466734902764,76.5,1335.6436830564155
2024-07-04 20:00:00+00:00,34.8,400.0,75.0,1635.9816490605708,0.23267294564417007,1635.9816490605708,652.5,652.5,1,9.77542069836087,0.9672466734902764,115.83,662.2754206983609
2024-07-04 20:15:00+00:00,34.8,400.0,75.0,1635.9816490605708,0.23267294564417007,1635.9816490605708,652.5,652.5,1,8.321302606046634,0.9672466734902764,98.6,660.8213026060466
2024-07-04 20:30:00+00:00,109.32,400.0,75.0,1635.9816490605708,0.23267294564417007,1635.9816490605708,2049.75,1635.9816490605708,0,12.554533221861028,0.9672466734902764,148.76,1648.5361822824318
2024-07-04 20:45:00+00:00,109.32,400.0,75.0,1635.9816490605708,0.23267294564417007,1635.9816490605708,2049.75,1635.9816490605708,0,6.229161717568988,0.9672466734902764,73.81,1642.2108107781398
2024-07-04 21:00:00+00:00,109.32,400.0,75.0,1635.9816490605708,0.23267294564417007,1635.9816490605708,2049.75,1635.9816490605708,0,6.317775994813906,0.9672466734902764,74.86,1642.2994250553847
2024-07-04 21:15:00+00:00,160.02,400.0,75.0,1635.9816490605708,0.23267294564417007,1635.9816490605708,3000.375,1635.9816490605708,0,6.824987238853869,0.9672466734902764,80.87,1642.8066362994248
2024-07-04 21:30:00+00:00,106.33,400.0,75.0,1635.9816490605708,0.23267294564417007,1635.9816490605708,1993.6875,1635.9816490605708,0,3.6087109476121113,0.9672466734902764,42.760000000000005,1639.5903600081829
2024-07-04 21:45:00+00:00,106.33,400.0,75.0,1635.9816490605708,0.23267294564417007,1635.9816490605708,1993.6875,1635.9816490605708,0,6.980273210406869,0.9672466734902764,82.71000000000001,1642.9619222709778
2024-07-04 22:00:00+00:00,101.76,400.0,75.0,1635.9816490605708,0.23267294564417007,1635.9816490605708,1908.0,1635.9816490605708,0,6.950735117991895,0.9672466734902764,82.36,1642.9323841785626
2024-07-04 22:15:00+00:00,110.63,400.0,75.0,1635.9816490605708,0.23267294564417007,1635.9816490605708,2074.3125,1635.9816490605708,0,8.86986717946756,0.9672466734902764,105.1,1644.8515162400383
2024-07-04 22:30:00+00:00,85.39,400.0,75.0,1635.9816490605708,0.23267294564417007,1635.9816490605708,1601.0625,1601.0625,1,9.273273127306332,0.9672466734902764,109.88,1610.3357731273063
2024-07-04 22:45:00+00:00,85.39,400.0,75.0,1635.9816490605708,0.23267294564417007,1635.9816490605708,1601.0625,1601.0625,1,12.510648055987357,0.9672466734902764,148.24,1613.5731480559873
2024-07-04 23:00:00+00:00,110.63,400.0,75.0,1635.9816490605708,0.23267294564417007,1635.9816490605708,2074.3125,1635.9816490605708,0,11.273423956548777,0.9672466734902764,133.57999999999998,1647.2550730171197
2024-07-04 23:15:00+00:00,188.15,400.0,75.0,1635.9816490605708,0.23267294564417007,1635.9816490605708,3527.8125,1635.9816490605708,0,8.051240046824027,0.9672466734902764,95.4,1644.0328891073948
2024-07-04 23:30:00+00:00,188.15,400.0,75.0,1635.9816490605708,0.23267294564417007,1635.9816490605708,3527.8125,1635.9816490605708,0,7.372707866777222,0.9672466734902764,87.36,1643.3543569273481
2024-07-04 23:45:00+00:00,188.15,400.0,75.0,1635.9816490605708,0.23267294564417007,1635.9816490605708,3527.8125,1635.9816490605708,0,10.306262416332812,0.9672466734902764,122.12,1646.2879114769037
2024-07-05 00:00:00+00:00,188.15,400.0,75.0,1635.9816490605708,0.23267294564417007,1635.9816490605708,3527.8125,1635.9816490605708,0,7.341481883367108,0.9672466734902764,86.99000000000001,1643.323130943938
2024-07-05 00:15:00+00:00,190.15,400.0,75.0,1635.9816490605708,0.23267294564417007,1635.9816490605708,3565.3125,1635.9816490605708,0,13.99177240422385,0.9672466734902764,165.79,1649.9734214647947
2024-07-05 00:30:00+00:00,190.15,400.0,75.0,1635.9816490605708,0.23267294564417007,1635.9816490605708,3565.3125,1635.9816490605708,0,12.616141243183687,0.9672466734902764,149.49,1648.5977903037544
2024-07-05 00:45:00+00:00,190.15,400.0,75.0,1635.9816490605708,0.23267294564417007,1635.9816490605708,3565.3125,1635.9816490605708,0,9.137397902197456,0.9672466734902764,108.27,1645.1190469627684
2024-07-05 01:00:00+00:00,190.15,400.0,75.0,1635.9816490605708,0.23267294564417007,1635.9816490605708,3565.3125,1635.9816490605708,0,-5.28731854228014,0.9672466734902764,-62.650000000000006,1630.6943305182906
2024-07-05 01:15:00+00:00,186.15,400.0,75.0,1635.9816490605708,0.23267294564417007,1635.9816490605708,3490.3125,1635.9816490605708,0,13.842394051153846,0.9672466734902764,164.02,1649.8240431117247
2024-07-05 01:30:00+00:00,186.15,400.0,75.0,1635.9816490605708,0.23267294564417007,1635.9816490605708,3490.3125,1635.9816490605708,0,10.74427012957198,0.9672466734902764,127.31,1646.7259191901428
2024-07-05 01:45:00+00:00,186.15,400.0,75.0,1635.9816490605708,0.23267294564417007,1635.9816490605708,3490.3125,1635.9816490605708,0,13.597649856858357,0.9672466734902764,161.12,1649.5792989174292
2024-07-05 02:00:00+00:00,186.15,400.0,75.0,1635.9816490605708,0.23267294564417007,1635.9816490605708,3490.3125,1635.9816490605708,0,8.338181515998048,0.9672466734902764,98.8,1644.3198305765688
2024-07-05 02:15:00+00:00,194.15,400.0,75.0,1635.9816490605708,0.23267294564417007,1635.9816490605708,3640.3125,1635.9816490605708,0,10.437917913953834,0.9672466734902764,123.68,1646.4195669745247
2024-07-05 02:30:00+00:00,194.15,400.0,75.0,1635.9816490605708,0.23267294564417007,1635.9816490605708,3640.3125,1635.9816490605708,0,11.71311956078309,0.9672466734902764,138.79000000000002,1647.694768621354
2024-07-05 02:45:00+00:00,194.15,400.0,75.0,1635.9816490605708,0.23267294564417007,1635.9816490605708,3640.3125,1635.9816490605708,0,11.800889892530435,0.9672466734902764,139.82999999999998,1647.7825389531013
2024-07-05 03:00:00+00:00,194.15,400.0,75.0,1635.9816490605708,0.23267294564417007,1635.9816490605708,3640.3125,1635.9816490605708,0,11.215191717216403,0.9672466734902764,132.89,1647.1968407777872
2024-07-05 03:15:00+00:00,186.15,400.0,75.0,1635.9816490605708,0.23267294564417007,1635.9816490605708,3490.3125,1635.9816490605708,0,13.478653541700895,0.9672466734902764,159.71,1649.4603026022717
2024-07-05 03:30:00+00:00,186.15,400.0,75.0,1635.9816490605708,0.23267294564417007,1635.9816490605708,3490.3125,1635.9816490605708,0,9.912139868967316,0.9672466734902764,117.45,1645.8937889295382
2024-07-05 03:45:00+00:00,186.15,400.0,75.0,1635.9816490605708,0.23267294564417007,1635.9816490605708,3490.3125,1635.9816490605708,0,11.864185804848235,0.9672466734902764,140.57999999999998,1647.845834865419
2024-07-05 04:00:00+00:00,207.07,400.0,75.0,1635.9816490605708,0.23267294564417007,1635.9816490605708,3882.5625,1635.9816490605708,0,12.573943968305155,0.9672466734902764,148.99,1648.555593028876
2024-07-05 04:15:00+00:00,105.07,400.0,75.0,1635.9816490605708,0.23267294564417007,1635.9816490605708,1970.0624999999998,1635.9816490605708,0,13.405230283412248,0.9672466734902764,158.84,1649.386879343983
2024-07-05 04:30:00+00:00,85.15,400.0,75.0,1635.9816490605708,0.23267294564417007,1635.9816490605708,1596.5625,1596.5625,1,13.82129541371458,0.9672466734902764,163.77,1610.3837954137146
2024-07-05 04:45:00+00:00,65.21,400.0,75.0,1635.9816490605708,0.23267294564417007,1635.9816490605708,1222.6874999999998,1222.6874999999998,1,9.946741634367713,0.9672466734902764,117.86,1232.6342416343675
2024-07-05 05:00:00+00:00,105.07,400.0,75.0,1635.9816490605708,0.23267294564417007,1635.9816490605708,1970.0624999999998,1635.9816490605708,0,8.943290437756207,0.9672466734902764,105.97,1644.924939498327
2024-07-05 05:15:00+00:00,216.09,400.0,75.0,1635.9816490605708,0.23267294564417007,1635.9816490605708,4051.6875,1635.9816490605708,0,6.435928364473797,0.9672466734902764,76.25999999999999,1642.4175774250446
2024-07-05 05:30:00+00:00,216.09,400.0,75.0,1635.9816490605708,0.23267294564417007,1635.9816490605708,4051.6875,1635.9816490605708,0,12.881140129420872,0.9672466734902764,152.63,1648.8627891899916
2024-07-05 05:45:00+00:00,216.09,400.0,75.0,1635.9816490605708,0.23267294564417007,1635.9816490605708,4051.6875,1635.9816490605708,0,10.60079939498497,0.9672466734902764,125.61,1646.5824484555558
2024-07-05 06:00:00+00:00,216.09,400.0,75.0,1635.9816490605708,0.23267294564417007,1635.9816490605708,4051.6875,1635.9816490605708,0,15.08805760556813,0.9672466734902764,178.78,1651.069706666139
2024-07-05 06:15:00+00:00,260.15,400.0,75.0,1635.9816490605708,0.23267294564417007,1635.9816490605708,4877.8125,1635.9816490605708,0,12.059137214787055,0.9672466734902764,142.89,1648.040786275358
2024-07-05 06:30:00+00:00,260.15,400.0,75.0,1635.9816490605708,0.23267294564417007,1635.9816490605708,4877.8125,1635.9816490605708,0,14.303188292827421,0.9672466734902764,169.48,1650.2848373533982
2024-07-05 06:45:00+00:00,261.15,400.0,75.0,1635.9816490605708,0.23267294564417007,1635.9816490605708,4896.5625,1635.9816490605708,0,11.957863755078579,0.9672466734902764,141.69,1647.9395128156493
2024-07-05 07:00:00+00:00,261.15,400.0,75.0,1635.9816490605708,0.23267294564417007,1635.9816490605708,4896.5625,1635.9816490605708,0,15.68388312685301,0.9672466734902764,185.84,1651.6655321874239
2024-07-05 07:15:00+00:00,411.15,400.0,75.0,1635.9816490605708,0.23267294564417007,1635.9816490605708,7709.0625,1635.9816490605708,0,15.039108766709031,0.9672466734902764,178.2,1651.0207578272798
2024-07-05 07:30:00+00:00,411.15,400.0,75.0,1635.9816490605708,0.23267294564417007,1635.9816490605708,7709.0625,1635.9816490605708,0,10.810097878382491,0.9672466734902764,128.09,1646.7917469389533
2024-07-05 07:45:00+00:00,1000.0,400.0,75.0,1635.9816490605708,0.23267294564417007,1635.9816490605708,18750.0,1635.9816490605708,0,13.385819536968123,0.9672466734902764,158.61,1649.3674685975388
2024-07-05 08:00:00+00:00,1000.0,400.0,75.0,1635.9816490605708,0.23267294564417007,1635.9816490605708,18750.0,1635.9816490605708,0,12.219486859325482,0.9672466734902764,144.79000000000002,1648.2011359198964
2024-07-05 08:15:00+00:00,1000.0,400.0,75.0,1635.9816490605708,0.23267294564417007,1635.9816490605708,18750.0,1635.9816490605708,0,13.746184264430791,0.9672466734902764,162.88,1649.7278333250017
2024-07-05 08:30:00+00:00,1000.0,400.0,75.0,1635.9816490605708,0.23267294564417007,1635.9816490605708,18750.0,1635.9816490605708,0,8.822606231603604,0.9672466734902764,104.54,1644.8042552921745
2024-07-05 08:45:00+00:00,1000.0,400.0,75.0,1635.9816490605708,0.23267294564417007,1635.9816490605708,18750.0,1635.9816490605708,0,12.305569300077687,0.9672466734902764,145.81,1648.2872183606485
2024-07-05 09:00:00+00:00,1000.0,400.0,75.0,1635.9816490605708,0.23267294564417007,1635.9816490605708,18750.0,1635.9816490605708,0,12.70981919341403,0.9672466734902764,150.6,1648.6914682539848
2024-07-05 09:15:00+00:00,1000.0,400.0,75.0,1635.9816490605708,0.23267294564417007,1635.9816490605708,18750.0,1635.9816490605708,0,6.765911054023923,0.9672466734902764,80.17,1642.7475601145948
2024-07-05 09:30:00+00:00,1000.0,400.0,75.0,1635.9816490605708,0.23267294564417007,1635.9816490605708,18750.0,1635.9816490605708,0,-0.4591063506784352,0.9672466734902764,-5.440000000000001,1635.5225427098924
2024-07-05 09:45:00+00:00,1000.0,400.0,75.0,1635.9816490605708,0.23267294564417007,1635.9816490605708,18750.0,1635.9816490605708,0,6.174305260226895,0.9672466734902764,73.16,1642.1559543207977
2024-07-05 10:00:00+00:00,1000.0,400.0,75.0,1635.9816490605708,0.23267294564417007,1635.9816490605708,18750.0,1635.9816490605708,0,1.232160426453153,0.9672466734902764,14.6,1637.213809487024
2024-07-05 10:15:00+00:00,1000.0,400.0,75.0,1635.9816490605708,0.23267294564417007,1635.9816490605708,18750.0,1635.9816490605708,0,11.75447289016405,0.9672466734902764,139.28,1647.736121950735
2024-07-05 10:30:00+00:00,1000.0,400.0,75.0,1635.9816490605708,0.23267294564417007,1635.9816490605708,18750.0,1635.9816490605708,0,13.410293956397672,0.9672466734902764,158.9,1649.3919430169685
2024-07-05 10:45:00+00:00,1000.0,400.0,75.0,1635.9816490605708,0.23267294564417007,1635.9816490605708,18750.0,1635.9816490605708,0,10.39656458457287,0.9672466734902764,123.19,1646.3782136451437
2024-07-05 11:00:00+00:00,1000.0,400.0,75.0,1635.9816490605708,0.23267294564417007,1635.9816490605708,18750.0,1635.9816490605708,0,13.57823911041423,0.9672466734902764,160.89,1649.559888170985
2024-07-05 11:15:00+00:00,1000.0,400.0,75.0,1635.9816490605708,0.23267294564417007,1635.9816490605708,18750.0,1635.9816490605708,0,7.230081077687782,0.9672466734902764,85.67,1643.2117301382586
2024-07-05 11:30:00+00:00,1000.0,400.0,75.0,1635.9816490605708,0.23267294564417007,1635.9816490605708,18750.0,1635.9816490605708,0,6.548173115650695,0.9672466734902764,77.59,1642.5298221762216
2024-07-05 11:45:00+00:00,1000.0,400.0,75.0,1635.9816490605708,0.23267294564417007,1635.9816490605708,18750.0,1635.9816490605708,0,10.025228565641784,0.9672466734902764,118.79,1646.0068776262126
2024-07-05 12:00:00+00:00,1000.0,400.0,75.0,1635.9816490605708,0.23267294564417007,1635.9816490605708,18750.0,1635.9816490605708,0,10.93753364851566,0.9672466734902764,129.6,1646.9191827090865
2024-07-05 12:15:00+00:00,1000.0,400.0,75.0,1635.9816490605708,0.23267294564417007,1635.9816490605708,18750.0,1635.9816490605708,0,10.058142440047039,0.9672466734902764,119.18,1646.0397915006179
2024-07-05 12:30:00+00:00,1000.0,400.0,75.0,1635.9816490605708,0.23267294564417007,1635.9816490605708,18750.0,1635.9816490605708,0,5.764991693905129,0.9672466734902764,68.31,1641.746640754476
2024-07-05 12:45:00+00:00,1000.0,400.0,75.0,1635.9816490605708,0.23267294564417007,1635.9816490605708,18750.0,1635.9816490605708,0,9.939146124889577,0.9672466734902764,117.77,1645.9207951854603
2024-07-05 13:00:00+00:00,1000.0,400.0,75.0,1635.9816490605708,0.23267294564417007,1635.9816490605708,18750.0,1635.9816490605708,0,7.3600486843136625,0.9672466734902764,87.21000000000001,1643.3416977448844
2024-07-05 13:15:00+00:00,1000.0,400.0,75.0,1635.9816490605708,0.23267294564417007,1635.9816490605708,18750.0,1635.9816490605708,0,11.525763660322404,0.9672466734902764,136.57,1647.5074127208932
2024-07-05 13:30:00+00:00,1000.0,400.0,75.0,1635.9816490605708,0.23267294564417007,1635.9816490605708,18750.0,1635.9816490605708,0,10.88605297316385,0.9672466734902764,128.99,1646.8677020337348
2024-07-05 13:45:00+00:00,1000.0,400.0,75.0,1635.9816490605708,0.23267294564417007,1635.9816490605708,18750.0,1635.9816490605708,0,-4.5294554854616935,0.9672466734902764,-53.67,1631.452193575109
2024-07-05 14:00:00+00:00,1000.0,400.0,75.0,1635.9816490605708,0.23267294564417007,1635.9816490605708,18750.0,1635.9816490605708,0,8.929787309795076,0.9672466734902764,105.81,1644.911436370366
2024-07-05 14:15:00+00:00,1000.0,400.0,75.0,1635.9816490605708,0.23267294564417007,1635.9816490605708,18750.0,1635.9816490605708,0,7.779489596606277,0.9672466734902764,92.18,1643.761138657177
2024-07-05 14:30:00+00:00,1000.0,400.0,75.0,1635.9816490605708,0.23267294564417007,1635.9816490605708,18750.0,1635.9816490605708,0,-2.7774246325050176,0.9672466734902764,-32.91,1633.2042244280658
2024-07-05 14:45:00+00:00,1000.0,400.0,75.0,1635.9816490605708,0.23267294564417007,1635.9816490605708,18750.0,1635.9816490605708,0,12.029599122372085,0.9672466734902764,142.54000000000002,1648.0112481829428
2024-07-05 15:00:00+00:00,1000.0,400.0,75.0,1635.9816490605708,0.23267294564417007,1635.9816490605708,18750.0,1635.9816490605708,0,7.697626883341923,0.9672466734902764,91.21,1643.6792759439127
2024-07-05 15:15:00+00:00,1000.0,400.0,75.0,1635.9816490605708,0.23267294564417007,1635.9816490605708,18750.0,1635.9816490605708,0,10.841323861792603,0.9672466734902764,128.45999999999998,1646.8229729223635
2024-07-05 15:30:00+00:00,1000.0,400.0,75.0,1635.9816490605708,0.23267294564417007,1635.9816490605708,18750.0,1635.9816490605708,0,8.658880805074896,0.9672466734902764,102.6,1644.6405298656457
2024-07-05 15:45:00+00:00,1000.0,400.0,75.0,1635.9816490605708,0.23267294564417007,1635.9816490605708,18750.0,1635.9816490605708,0,8.10525255866855,0.9672466734902764,96.04,1644.0869016192394
2024-07-05 16:00:00+00:00,1000.0,400.0,75.0,1635.9816490605708,0.23267294564417007,1635.9816490605708,18750.0,1635.9816490605708,0,9.170311776602713,0.9672466734902764,108.66,1645.1519608371734
2024-07-05 16:15:00+00:00,1000.0,400.0,75.0,1635.9816490605708,0.23267294564417007,1635.9816490605708,18750.0,1635.9816490605708,0,7.212358222238799,0.9672466734902764,85.46000000000001,1643.1940072828097
2024-07-05 16:30:00+00:00,63.37,400.0,75.0,1635.9816490605708,0.23267294564417007,1635.9816490605708,1188.1875,1188.1875,1,8.228468601313864,0.9672466734902764,97.5,1196.4159686013138
2024-07-05 16:45:00+00:00,63.37,400.0,75.0,1635.9816490605708,0.23267294564417007,1635.9816490605708,1188.1875,1188.1875,1,-5.790310058832248,0.9672466734902764,-68.61,1182.3971899411677
2024-07-05 17:00:00+00:00,83.37,400.0,75.0,1635.9816490605708,0.23267294564417007,1635.9816490605708,1563.1875,1563.1875,1,13.064276302393704,0.9672466734902764,154.8,1576.2517763023936
2024-07-05 17:15:00+00:00,239.19,400.0,75.0,1635.9816490605708,0.23267294564417007,1635.9816490605708,4484.8125,1635.9816490605708,0,8.993083222112876,0.9672466734902764,106.56,1644.9747322826836
2024-07-05 17:30:00+00:00,26.25,400.0,75.0,1635.9816490605708,0.23267294564417007,1635.9816490605708,492.1875,492.1875,1,7.442755343075586,0.9672466734902764,88.19,499.6302553430756
2024-07-05 17:45:00+00:00,26.25,400.0,75.0,1635.9816490605708,0.23267294564417007,1635.9816490605708,492.1875,492.1875,1,9.370326859526957,0.9672466734902764,111.03,501.557826859527
2024-07-05 18:00:00+00:00,26.25,400.0,75.0,1635.9816490605708,0.23267294564417007,1635.9816490605708,492.1875,492.1875,1,8.202306290889174,0.9672466734902764,97.19,500.38980629088917
2024-07-05 18:15:00+00:00,26.25,400.0,75.0,1635.9816490605708,0.23267294564417007,1635.9816490605708,492.1875,492.1875,1,7.973597061047527,0.9672466734902764,94.48,500.16109706104754
2024-07-05 18:30:00+00:00,26.25,400.0,75.0,1635.9816490605708,0.23267294564417007,1635.9816490605708,492.1875,492.1875,1,9.734911314477479,0.9672466734902764,115.35,501.9224113144775
2024-07-05 18:45:00+00:00,26.25,400.0,75.0,1635.9816490605708,0.23267294564417007,1635.9816490605708,492.1875,492.1875,1,10.037887748105343,0.9672466734902764,118.94,502.22538774810533
2024-07-05 19:00:00+00:00,26.25,400.0,75.0,1635.9816490605708,0.23267294564417007,1635.9816490605708,492.1875,492.1875,1,6.95579879097732,0.9672466734902764,82.42,499.1432987909773
2024-07-05 19:15:00+00:00,26.25,400.0,75.0,1635.9816490605708,0.23267294564417007,1635.9816490605708,492.1875,492.1875,1,6.860432949751835,0.9672466734902764,81.28999999999999,499.04793294975184
2024-07-05 19:30:00+00:00,26.25,400.0,75.0,1635.9816490605708,0.23267294564417007,1635.9816490605708,492.1875,492.1875,1,7.495079963924967,0.9672466734902764,88.81,499.682579963925
2024-07-05 19:45:00+00:00,26.25,400.0,75.0,1635.9816490605708,0.23267294564417007,1635.9816490605708,492.1875,492.1875,1,3.217964182236899,0.9672466734902764,38.13,495.4054641822369
2024-07-05 20:00:00+00:00,188.54,400.0,75.0,1635.9816490605708,0.23267294564417007,1635.9816490605708,3535.125,1635.9816490605708,0,4.7379100233616445,0.9672466734902764,56.14,1640.7195590839324
2024-07-05 20:15:00+00:00,1000.0,400.0,75.0,1635.9816490605708,0.23267294564417007,1635.9816490605708,18750.0,1635.9816490605708,0,10.818537333358197,0.9672466734902764,128.19,1646.800186393929
2024-07-05 20:30:00+00:00,42.45,400.0,75.0,1635.9816490605708,0.23267294564417007,1635.9816490605708,795.9375,795.9375,1,11.4050794541698,0.9672466734902764,135.14,807.3425794541698
2024-07-05 20:45:00+00:00,26.25,400.0,75.0,1635.9816490605708,0.23267294564417007,1635.9816490605708,492.1875,492.1875,1,7.40899752317276,0.9672466734902764,87.78999999999999,499.5964975231728
2024-07-05 21:00:00+00:00,26.25,400.0,75.0,1635.9816490605708,0.23267294564417007,1635.9816490605708,492.1875,492.1875,1,9.306187001711587,0.9672466734902764,110.27,501.4936870017116
2024-07-05 21:15:00+00:00,111.15,400.0,75.0,1635.9816490605708,0.23267294564417007,1635.9816490605708,2084.0625,1635.9816490605708,0,8.746651136822244,0.9672466734902764,103.64,1644.728300197393
2024-07-05 21:30:00+00:00,107.54,400.0,75.0,1635.9816490605708,0.23267294564417007,1635.9816490605708,2016.3750000000002,1635.9816490605708,0,14.585910034513592,0.9672466734902764,172.83,1650.5675590950843
2024-07-05 21:45:00+00:00,111.15,400.0,75.0,1635.9816490605708,0.23267294564417007,1635.9816490605708,2084.0625,1635.9816490605708,0,10.452264987412534,0.9672466734902764,123.85,1646.4339140479833
2024-07-05 22:00:00+00:00,111.15,400.0,75.0,1635.9816490605708,0.23267294564417007,1635.9816490605708,2084.0625,1635.9816490605708,0,8.282481113158386,0.9672466734902764,98.14,1644.2641301737292
2024-07-05 22:15:00+00:00,107.07,400.0,75.0,1635.9816490605708,0.23267294564417007,1635.9816490605708,2007.5624999999998,1635.9816490605708,0,6.536357878684705,0.9672466734902764,77.45,1642.5180069392554
2024-07-05 22:30:00+00:00,107.07,400.0,75.0,1635.9816490605708,0.23267294564417007,1635.9816490605708,2007.5624999999998,1635.9816490605708,0,5.163258554137253,0.9672466734902764,61.18,1641.144907614708
2024-07-05 22:45:00+00:00,107.07,400.0,75.0,1635.9816490605708,0.23267294564417007,1635.9816490605708,2007.5624999999998,1635.9816490605708,0,8.982111930644457,0.9672466734902764,106.43,1644.9637609912152
2024-07-05 23:00:00+00:00,107.07,400.0,75.0,1635.9816490605708,0.23267294564417007,1635.9816490605708,2007.5624999999998,1635.9816490605708,0,7.672308518414804,0.9672466734902764,90.91,1643.6539575789857
2024-07-05 23:15:00+00:00,185.83,400.0,75.0,1635.9816490605708,0.23267294564417007,1635.9816490605708,3484.3125000000005,1635.9816490605708,0,6.267983210457238,0.9672466734902764,74.27000000000001,1642.249632271028
2024-07-05 23:30:00+00:00,185.83,400.0,75.0,1635.9816490605708,0.23267294564417007,1635.9816490605708,3484.3125000000005,1635.9816490605708,0,-0.5350614454597938,0.9672466734902764,-6.34,1635.446587615111
2024-07-05 23:45:00+00:00,163.95,400.0,75.0,1635.9816490605708,0.23267294564417007,1635.9816490605708,3074.0625,1635.9816490605708,0,6.9861808288898635,0.9672466734902764,82.78,1642.9678298894607
2024-07-06 00:00:00+00:00,163.95,400.0,75.0,1635.9816490605708,0.23267294564417007,1635.9816490605708,3074.0625,1635.9816490605708,0,3.137789359967687,0.9672466734902764,37.18,1639.1194384205385
2024-07-06 00:15:00+00:00,196.73,400.0,75.0,1635.9816490605708,0.23267294564417007,1635.9816490605708,3688.6875,1635.9816490605708,0,9.87753810356692,0.9672466734902764,117.04,1645.8591871641377
2024-07-06 00:30:00+00:00,196.73,400.0,75.0,1635.9816490605708,0.23267294564417007,1635.9816490605708,3688.6875,1635.9816490605708,0,8.000603316969787,0.9672466734902764,94.8,1643.9822523775406
2024-07-06 00:45:00+00:00,196.73,400.0,75.0,1635.9816490605708,0.23267294564417007,1635.9816490605708,3688.6875,1635.9816490605708,0,11.140080567932616,0.9672466734902764,132.0,1647.1217296285035
2024-07-06 01:00:00+00:00,196.73,400.0,75.0,1635.9816490605708,0.23267294564417007,1635.9816490605708,3688.6875,1635.9816490605708,0,9.03950022447926,0.9672466734902764,107.11,1645.0211492850501
2024-07-06 01:15:00+00:00,195.63,400.0,75.0,1635.9816490605708,0.23267294564417007,1635.9816490605708,3668.0625,1635.9816490605708,0,7.058760141680939,0.9672466734902764,83.64,1643.0404092022518
2024-07-06 01:30:00+00:00,195.63,400.0,75.0,1635.9816490605708,0.23267294564417007,1635.9816490605708,3668.0625,1635.9816490605708,0,12.089519252699601,0.9672466734902764,143.25,1648.0711683132704
2024-07-06 01:45:00+00:00,195.63,400.0,75.0,1635.9816490605708,0.23267294564417007,1635.9816490605708,3668.0625,1635.9816490605708,0,10.013413328675794,0.9672466734902764,118.65,1645.9950623892466
2024-07-06 02:00:00+00:00,223.28,400.0,75.0,1635.9816490605708,0.23267294564417007,1635.9816490605708,4186.5,1635.9816490605708,0,7.403933850187335,0.9672466734902764,87.72999999999999,1643.385582910758
2024-07-06 02:15:00+00:00,253.06,400.0,75.0,1635.9816490605708,0.23267294564417007,1635.9816490605708,4744.875,1635.9816490605708,0,9.190566468544409,0.9672466734902764,108.9,1645.1722155291152
2024-07-06 02:30:00+00:00,253.06,400.0,75.0,1635.9816490605708,0.23267294564417007,1635.9816490605708,4744.875,1635.9816490605708,0,7.7448878312058795,0.9672466734902764,91.77,1643.7265368917767
2024-07-06 02:45:00+00:00,253.06,400.0,75.0,1635.9816490605708,0.23267294564417007,1635.9816490605708,4744.875,1635.9816490605708,0,6.674764940286293,0.9672466734902764,79.09,1642.656414000857
2024-07-06 03:00:00+00:00,253.06,400.0,75.0,1635.9816490605708,0.23267294564417007,1635.9816490605708,4744.875,1635.9816490605708,0,12.009344430430389,0.9672466734902764,142.3,1647.9909934910013
2024-07-06 03:15:00+00:00,1000.0,400.0,75.0,1635.9816490605708,0.23267294564417007,1635.9816490605708,18750.0,1635.9816490605708,0,14.083762463459053,0.9672466734902764,166.88,1650.06541152403
2024-07-06 03:30:00+00:00,1000.0,400.0,75.0,1635.9816490605708,0.23267294564417007,1635.9816490605708,18750.0,1635.9816490605708,0,7.104333198549755,0.9672466734902764,84.18,1643.0859822591206
2024-07-06 03:45:00+00:00,1000.0,400.0,75.0,1635.9816490605708,0.23267294564417007,1635.9816490605708,18750.0,1635.9816490605708,0,11.243041918636235,0.9672466734902764,133.22,1647.224690979207
2024-07-06 04:00:00+00:00,1000.0,400.0,75.0,1635.9816490605708,0.23267294564417007,1635.9816490605708,18750.0,1635.9816490605708,0,8.836953305062304,0.9672466734902764,104.71,1644.818602365633
2024-07-06 04:15:00+00:00,1000.0,400.0,75.0,1635.9816490605708,0.23267294564417007,1635.9816490605708,18750.0,1635.9816490605708,0,0.7426720378621744,0.9672466734902764,8.8,1636.724321098433
2024-07-06 04:30:00+00:00,1000.0,400.0,75.0,1635.9816490605708,0.23267294564417007,1635.9816490605708,18750.0,1635.9816490605708,0,8.96016934770762,0.9672466734902764,106.17,1644.9418184082783
2024-07-06 04:45:00+00:00,1000.0,400.0,75.0,1635.9816490605708,0.23267294564417007,1635.9816490605708,18750.0,1635.9816490605708,0,8.387130354857145,0.9672466734902764,99.38,1644.368779415428
2024-07-06 05:00:00+00:00,258.73,400.0,75.0,1635.9816490605708,0.23267294564417007,1635.9816490605708,4851.1875,1635.9816490605708,0,10.172075082219077,0.9672466734902764,120.53,1646.15372414279
2024-07-06 05:15:00+00:00,307.04,400.0,75.0,1635.9816490605708,0.23267294564417007,1635.9816490605708,5757.0,1635.9816490605708,0,8.316238933061213,0.9672466734902764,98.54,1644.297887993632
2024-07-06 05:30:00+00:00,307.04,400.0,75.0,1635.9816490605708,0.23267294564417007,1635.9816490605708,5757.0,1635.9816490605708,0,10.640464833370789,0.9672466734902764,126.08,1646.6221138939416
2024-07-06 05:45:00+00:00,307.04,400.0,75.0,1635.9816490605708,0.23267294564417007,1635.9816490605708,5757.0,1635.9816490605708,0,9.963620544319125,0.9672466734902764,118.06,1645.94526960489
2024-07-06 06:00:00+00:00,307.04,400.0,75.0,1635.9816490605708,0.23267294564417007,1635.9816490605708,5757.0,1635.9816490605708,0,9.201537760012826,0.9672466734902764,109.03,1645.1831868205836
2024-07-06 06:15:00+00:00,304.57,400.0,75.0,1635.9816490605708,0.23267294564417007,1635.9816490605708,5710.6875,1635.9816490605708,0,7.790460888074695,0.9672466734902764,92.31,1643.7721099486455
2024-07-06 06:30:00+00:00,304.57,400.0,75.0,1635.9816490605708,0.23267294564417007,1635.9816490605708,5710.6875,1635.9816490605708,0,8.488403814565626,0.9672466734902764,100.58,1644.4700528751364
2024-07-06 06:45:00+00:00,304.57,400.0,75.0,1635.9816490605708,0.23267294564417007,1635.9816490605708,5710.6875,1635.9816490605708,0,11.298742321475897,0.9672466734902764,133.88,1647.2803913820467
2024-07-06 07:00:00+00:00,304.57,400.0,75.0,1635.9816490605708,0.23267294564417007,1635.9816490605708,5710.6875,1635.9816490605708,0,10.282631942400833,0.9672466734902764,121.84,1646.2642810029718
2024-07-06 07:15:00+00:00,465.21,400.0,75.0,1635.9816490605708,0.23267294564417007,1635.9816490605708,8722.6875,1635.9816490605708,0,7.1634093833797,0.9672466734902764,84.88,1643.1450584439506
2024-07-06 07:30:00+00:00,465.21,400.0,75.0,1635.9816490605708,0.23267294564417007,1635.9816490605708,8722.6875,1635.9816490605708,0,9.435310662839896,0.9672466734902764,111.8,1645.4169597234106
2024-07-06 07:45:00+00:00,465.21,400.0,75.0,1635.9816490605708,0.23267294564417007,1635.9816490605708,8722.6875,1635.9816490605708,0,10.81094182388006,0.9672466734902764,128.1,1646.7925908844509
2024-07-06 08:00:00+00:00,465.21,400.0,75.0,1635.9816490605708,0.23267294564417007,1635.9816490605708,8722.6875,1635.9816490605708,0,5.2265544664550525,0.9672466734902764,61.93,1641.208203527026
2024-07-06 08:15:00+00:00,627.27,400.0,75.0,1635.9816490605708,0.23267294564417007,1635.9816490605708,11761.3125,1635.9816490605708,0,9.894417013518332,0.9672466734902764,117.24,1645.876066074089
2024-07-06 08:30:00+00:00,627.27,400.0,75.0,1635.9816490605708,0.23267294564417007,1635.9816490605708,11761.3125,1635.9816490605708,0,7.349921338342814,0.9672466734902764,87.09,1643.3315703989135
2024-07-06 08:45:00+00:00,627.27,400.0,75.0,1635.9816490605708,0.23267294564417007,1635.9816490605708,11761.3125,1635.9816490605708,0,9.952649252850708,0.9672466734902764,117.93,1645.9342983134216
2024-07-06 09:00:00+00:00,627.27,400.0,75.0,1635.9816490605708,0.23267294564417007,1635.9816490605708,11761.3125,1635.9816490605708,0,6.7566276535506455,0.9672466734902764,80.06,1642.7382767141214
2024-07-06 09:15:00+00:00,698.67,400.0,75.0,1635.9816490605708,0.23267294564417007,1635.9816490605708,13100.0625,1635.9816490605708,0,4.558993577876666,0.9672466734902764,54.019999999999996,1640.5406426384475
2024-07-06 09:30:00+00:00,698.67,400.0,75.0,1635.9816490605708,0.23267294564417007,1635.9816490605708,13100.0625,1635.9816490605708,0,4.932861433300466,0.9672466734902764,58.45,1640.9145104938714
2024-07-06 09:45:00+00:00,698.67,400.0,75.0,1635.9816490605708,0.23267294564417007,1635.9816490605708,13100.0625,1635.9816490605708,0,8.46814912262393,0.9672466734902764,100.34,1644.4497981831948
2024-07-06 10:00:00+00:00,698.67,400.0,75.0,1635.9816490605708,0.23267294564417007,1635.9816490605708,13100.0625,1635.9816490605708,0,8.678291551519022,0.9672466734902764,102.83,1644.65994061209
2024-07-06 10:15:00+00:00,795.57,400.0,75.0,1635.9816490605708,0.23267294564417007,1635.9816490605708,14916.937500000002,1635.9816490605708,0,6.222410153588422,0.9672466734902764,73.72999999999999,1642.2040592141593
2024-07-06 10:30:00+00:00,795.57,400.0,75.0,1635.9816490605708,0.23267294564417007,1635.9816490605708,14916.937500000002,1635.9816490605708,0,9.47750793771843,0.9672466734902764,112.3,1645.4591569982892
2024-07-06 10:45:00+00:00,795.57,400.0,75.0,1635.9816490605708,0.23267294564417007,1635.9816490605708,14916.937500000002,1635.9816490605708,0,4.624821326687177,0.9672466734902764,54.8,1640.606470387258
2024-07-06 11:00:00+00:00,795.57,400.0,75.0,1635.9816490605708,0.23267294564417007,1635.9816490605708,14916.937500000002,1635.9816490605708,0,-0.546876682425783,0.9672466734902764,-6.48,1635.434772378145
2024-07-06 11:15:00+00:00,795.57,400.0,75.0,1635.9816490605708,0.23267294564417007,1635.9816490605708,14916.937500000002,1635.9816490605708,0,5.4772062792335365,0.9672466734902764,64.9,1641.4588553398044
2024-07-06 11:30:00+00:00,795.57,400.0,75.0,1635.9816490605708,0.23267294564417007,1635.9816490605708,14916.937500000002,1635.9816490605708,0,6.657042084837308,0.9672466734902764,78.88,1642.638691145408
2024-07-06 11:45:00+00:00,795.57,400.0,75.0,1635.9816490605708,0.23267294564417007,1635.9816490605708,14916.937500000002,1635.9816490605708,0,8.13225881459081,0.9672466734902764,96.36,1644.1139078751617
2024-07-06 12:00:00+00:00,795.57,400.0,75.0,1635.9816490605708,0.23267294564417007,1635.9816490605708,14916.937500000002,1635.9816490605708,0,6.202155461646727,0.9672466734902764,73.49000000000001,1642.1838045222175
2024-07-06 12:15:00+00:00,795.57,400.0,75.0,1635.9816490605708,0.23267294564417007,1635.9816490605708,14916.937500000002,1635.9816490605708,0,7.206450603755804,0.9672466734902764,85.39,1643.1880996643267
2024-07-06 12:30:00+00:00,795.57,400.0,75.0,1635.9816490605708,0.23267294564417007,1635.9816490605708,14916.937500000002,1635.9816490605708,0,10.140849098808962,0.9672466734902764,120.16,1646.1224981593798
2024-07-06 12:45:00+00:00,795.57,400.0,75.0,1635.9816490605708,0.23267294564417007,1635.9816490605708,14916.937500000002,1635.9816490605708,0,6.800512819424319,0.9672466734902764,80.58,1642.782161879995
2024-07-06 13:00:00+00:00,795.57,400.0,75.0,1635.9816490605708,0.23267294564417007,1635.9816490605708,14916.937500000002,1635.9816490605708,0,9.766137297887592,0.9672466734902764,115.72,1645.7477863584584
2024-07-06 13:15:00+00:00,706.73,400.0,75.0,1635.9816490605708,0.23267294564417007,1635.9816490605708,13251.1875,1635.9816490605708,0,5.618989122825406,0.9672466734902764,66.58,1641.6006381833963
2024-07-06 13:30:00+00:00,706.73,400.0,75.0,1635.9816490605708,0.23267294564417007,1635.9816490605708,13251.1875,1635.9816490605708,0,9.120518992246044,0.9672466734902764,108.07,1645.1021680528168
2024-07-06 13:45:00+00:00,739.47,400.0,75.0,1635.9816490605708,0.23267294564417007,1635.9816490605708,13865.0625,1635.9816490605708,0,11.043870781209563,0.9672466734902764,130.86,1647.0255198417804
2024-07-06 14:00:00+00:00,739.47,400.0,75.0,1635.9816490605708,0.23267294564417007,1635.9816490605708,13865.0625,1635.9816490605708,0,2.6896543007576703,0.9672466734902764,31.87,1638.6713033613285
2024-07-06 14:15:00+00:00,617.07,400.0,75.0,1635.9816490605708,0.23267294564417007,1635.9816490605708,11570.062500000002,1635.9816490605708,0,6.2232540990859935,0.9672466734902764,73.74000000000001,1642.2049031596569
2024-07-06 14:30:00+00:00,617.07,400.0,75.0,1635.9816490605708,0.23267294564417007,1635.9816490605708,11570.062500000002,1635.9816490605708,0,9.122206883241185,0.9672466734902764,108.09,1645.103855943812
2024-07-06 14:45:00+00:00,617.07,400.0,75.0,1635.9816490605708,0.23267294564417007,1635.9816490605708,11570.062500000002,1635.9816490605708,0,-0.9637857582256856,0.9672466734902764,-11.420000000000002,1635.0178633023452
2024-07-06 15:00:00+00:00,617.07,400.0,75.0,1635.9816490605708,0.23267294564417007,1635.9816490605708,11570.062500000002,1635.9816490605708,0,8.451270212672517,0.9672466734902764,100.14,1644.4329192732434
2024-07-06 15:15:00+00:00,563.41,400.0,75.0,1635.9816490605708,0.23267294564417007,1635.9816490605708,10563.9375,1635.9816490605708,0,6.393731089595264,0.9672466734902764,75.75999999999999,1642.3753801501662
2024-07-06 15:30:00+00:00,563.41,400.0,75.0,1635.9816490605708,0.23267294564417007,1635.9816490605708,10563.9375,1635.9816490605708,0,7.850381018402211,0.9672466734902764,93.02,1643.832030078973
2024-07-06 15:45:00+00:00,563.41,400.0,75.0,1635.9816490605708,0.23267294564417007,1635.9816490605708,10563.9375,1635.9816490605708,0,7.339793992371966,0.9672466734902764,86.97,1643.3214430529429
2024-07-06 16:00:00+00:00,563.41,400.0,75.0,1635.9816490605708,0.23267294564417007,1635.9816490605708,10563.9375,1635.9816490605708,0,9.75010233343375,0.9672466734902764,115.53,1645.7317513940045
2024-07-06 16:15:00+00:00,563.41,400.0,75.0,1635.9816490605708,0.23267294564417007,1635.9816490605708,10563.9375,1635.9816490605708,0,7.823374762479951,0.9672466734902764,92.7,1643.8050238230508
2024-07-06 16:30:00+00:00,290.3,400.0,75.0,1635.9816490605708,0.23267294564417007,1635.9816490605708,5443.125,1635.9816490605708,0,7.998915425974647,0.9672466734902764,94.78,1643.9805644865455
2024-07-06 16:45:00+00:00,290.3,400.0,75.0,1635.9816490605708,0.23267294564417007,1635.9816490605708,5443.125,1635.9816490605708,0,6.417361563527242,0.9672466734902764,76.03999999999999,1642.399010624098
2024-07-06 17:00:00+00:00,290.3,400.0,75.0,1635.9816490605708,0.23267294564417007,1635.9816490605708,5443.125,1635.9816490605708,0,5.780182712861401,0.9672466734902764,68.49000000000001,1641.7618317734323
2024-07-06 17:15:00+00:00,1000.0,400.0,75.0,1635.9816490605708,0.23267294564417007,1635.9816490605708,18750.0,1635.9816490605708,0,5.896647191526151,0.9672466734902764,69.87,1641.878296252097
2024-07-06 17:30:00+00:00,1000.0,400.0,75.0,1635.9816490605708,0.23267294564417007,1635.9816490605708,18750.0,1635.9816490605708,0,7.64108253500469,0.9672466734902764,90.54,1643.6227315955755
2024-07-06 17:45:00+00:00,1000.0,400.0,75.0,1635.9816490605708,0.23267294564417007,1635.9816490605708,18750.0,1635.9816490605708,0,-2.518333364750828,0.9672466734902764,-29.840000000000003,1633.46331569582
2024-07-06 18:00:00+00:00,1000.0,400.0,75.0,1635.9816490605708,0.23267294564417007,1635.9816490605708,18750.0,1635.9816490605708,0,6.940607772021049,0.9672466734902764,82.24000000000001,1642.9222568325918
2024-07-06 18:15:00+00:00,1000.0,400.0,75.0,1635.9816490605708,0.23267294564417007,1635.9816490605708,18750.0,1635.9816490605708,0,10.708824418674013,0.9672466734902764,126.89,1646.690473479245
2024-07-06 18:30:00+00:00,1000.0,400.0,75.0,1635.9816490605708,0.23267294564417007,1635.9816490605708,18750.0,1635.9816490605708,0,-0.2717504502177501,0.9672466734902764,-3.219999999999999,1635.709898610353
2024-07-06 18:45:00+00:00,1000.0,400.0,75.0,1635.9816490605708,0.23267294564417007,1635.9816490605708,18750.0,1635.9816490605708,0,5.641775651259813,0.9672466734902764,66.85,1641.6234247118307
2024-07-06 19:00:00+00:00,1000.0,400.0,75.0,1635.9816490605708,0.23267294564417007,1635.9816490605708,18750.0,1635.9816490605708,0,8.499375106034043,0.9672466734902764,100.71,1644.4810241666048
2024-07-06 19:15:00+00:00,1000.0,400.0,75.0,1635.9816490605708,0.23267294564417007,1635.9816490605708,18750.0,1635.9816490605708,0,5.104182369307307,0.9672466734902764,60.48,1641.0858314298782
2024-07-06 19:30:00+00:00,1000.0,400.0,75.0,1635.9816490605708,0.23267294564417007,1635.9816490605708,18750.0,1635.9816490605708,0,1.665104466706898,0.9672466734902764,19.73,1637.6467535272777
2024-07-06 19:45:00+00:00,1000.0,400.0,75.0,1635.9816490605708,0.23267294564417007,1635.9816490605708,18750.0,1635.9816490605708,0,3.838264122951329,0.9672466734902764,45.480000000000004,1639.8199131835222
2024-07-06 20:00:00+00:00,1000.0,400.0,75.0,1635.9816490605708,0.23267294564417007,1635.9816490605708,18750.0,1635.9816490605708,0,1.8777787320947024,0.9672466734902764,22.25,1637.8594277926654
2024-07-06 20:15:00+00:00,1000.0,400.0,75.0,1635.9816490605708,0.23267294564417007,1635.9816490605708,18750.0,1635.9816490605708,0,5.083083731868041,0.9672466734902764,60.23,1641.064732792439
2024-07-06 20:30:00+00:00,1000.0,400.0,75.0,1635.9816490605708,0.23267294564417007,1635.9816490605708,18750.0,1635.9816490605708,0,5.863733317120894,0.9672466734902764,69.47999999999999,1641.8453823776917
2024-07-06 20:45:00+00:00,1000.0,400.0,75.0,1635.9816490605708,0.23267294564417007,1635.9816490605708,18750.0,1635.9816490605708,0,9.36188740455125,0.9672466734902764,110.93,1645.343536465122
2024-07-06 21:00:00+00:00,1000.0,400.0,75.0,1635.9816490605708,0.23267294564417007,1635.9816490605708,18750.0,1635.9816490605708,0,6.669701267300868,0.9672466734902764,79.03,1642.6513503278718
2024-07-06 21:15:00+00:00,1000.0,400.0,75.0,1635.9816490605708,0.23267294564417007,1635.9816490605708,18750.0,1635.9816490605708,0,5.517715663116927,0.9672466734902764,65.38,1641.4993647236877
2024-07-06 21:30:00+00:00,1000.0,400.0,75.0,1635.9816490605708,0.23267294564417007,1635.9816490605708,18750.0,1635.9816490605708,0,7.729696812249609,0.9672466734902764,91.59,1643.7113458728204
2024-07-06 21:45:00+00:00,1000.0,400.0,75.0,1635.9816490605708,0.23267294564417007,1635.9816490605708,18750.0,1635.9816490605708,0,1.314867085215077,0.9672466734902764,15.58,1637.296516145786
2024-07-06 22:00:00+00:00,260.86,400.0,75.0,1635.9816490605708,0.23267294564417007,1635.9816490605708,4891.125,1635.9816490605708,0,6.9397638265234765,0.9672466734902764,82.22999999999999,1642.9214128870942
2024-07-06 22:15:00+00:00,311.08,400.0,75.0,1635.9816490605708,0.23267294564417007,1635.9816490605708,5832.75,1635.9816490605708,0,8.068962902273011,0.9672466734902764,95.61,1644.0506119628437
2024-07-06 22:30:00+00:00,311.08,400.0,75.0,1635.9816490605708,0.23267294564417007,1635.9816490605708,5832.75,1635.9816490605708,0,3.3234573694332306,0.9672466734902764,39.38,1639.3051064300041
2024-07-06 22:45:00+00:00,311.08,400.0,75.0,1635.9816490605708,0.23267294564417007,1635.9816490605708,5832.75,1635.9816490605708,0,8.855520106008859,0.9672466734902764,104.93,1644.8371691665798
2024-07-06 23:00:00+00:00,311.08,400.0,75.0,1635.9816490605708,0.23267294564417007,1635.9816490605708,5832.75,1635.9816490605708,0,7.87316754683662,0.9672466734902764,93.29,1643.8548166074074
2024-07-06 23:15:00+00:00,307.0,400.0,75.0,1635.9816490605708,0.23267294564417007,1635.9816490605708,5756.25,1635.9816490605708,0,6.282330283915939,0.9672466734902764,74.44,1642.2639793444866
2024-07-06 23:30:00+00:00,307.0,400.0,75.0,1635.9816490605708,0.23267294564417007,1635.9816490605708,5756.25,1635.9816490605708,0,8.49346748755105,0.9672466734902764,100.64,1644.4751165481218
2024-07-06 23:45:00+00:00,307.0,400.0,75.0,1635.9816490605708,0.23267294564417007,1635.9816490605708,5756.25,1635.9816490605708,0,11.949424300102873,0.9672466734902764,141.59,1647.9310733606737
2024-07-07 00:00:00+00:00,307.0,400.0,75.0,1635.9816490605708,0.23267294564417007,1635.9816490605708,5756.25,1635.9816490605708,0,8.401477428315847,0.9672466734902764,99.55,1644.3831264888868
2024-07-07 00:15:00+00:00,292.71,400.0,75.0,1635.9816490605708,0.23267294564417007,1635.9816490605708,5488.3125,1635.9816490605708,0,8.541572380912575,0.9672466734902764,101.21,1644.5232214414834
2024-07-07 00:30:00+00:00,292.71,400.0,75.0,1635.9816490605708,0.23267294564417007,1635.9816490605708,5488.3125,1635.9816490605708,0,7.048632795710092,0.9672466734902764,83.52000000000001,1643.030281856281
2024-07-07 00:45:00+00:00,292.71,400.0,75.0,1635.9816490605708,0.23267294564417007,1635.9816490605708,5488.3125,1635.9816490605708,0,6.224098044583564,0.9672466734902764,73.75,1642.2057471051544
2024-07-07 01:00:00+00:00,292.71,400.0,75.0,1635.9816490605708,0.23267294564417007,1635.9816490605708,5488.3125,1635.9816490605708,0,10.62780565090723,0.9672466734902764,125.93,1646.609454711478
2024-07-07 01:15:00+00:00,288.64,400.0,75.0,1635.9816490605708,0.23267294564417007,1635.9816490605708,5412.0,1635.9816490605708,0,7.069731433149359,0.9672466734902764,83.77000000000001,1643.0513804937202
2024-07-07 01:30:00+00:00,288.64,400.0,75.0,1635.9816490605708,0.23267294564417007,1635.9816490605708,5412.0,1635.9816490605708,0,9.027684987513272,0.9672466734902764,106.97,1645.0093340480842
2024-07-07 01:45:00+00:00,288.64,400.0,75.0,1635.9816490605708,0.23267294564417007,1635.9816490605708,5412.0,1635.9816490605708,0,7.8681038738511955,0.9672466734902764,93.23,1643.849752934422
2024-07-07 02:00:00+00:00,288.64,400.0,75.0,1635.9816490605708,0.23267294564417007,1635.9816490605708,5412.0,1635.9816490605708,0,10.602487285980109,0.9672466734902764,125.63,1646.5841363465508
2024-07-07 02:15:00+00:00,286.6,400.0,75.0,1635.9816490605708,0.23267294564417007,1635.9816490605708,5373.75,1635.9816490605708,0,10.296135070361963,0.9672466734902764,122.0,1646.2777841309328
2024-07-07 02:30:00+00:00,286.6,400.0,75.0,1635.9816490605708,0.23267294564417007,1635.9816490605708,5373.75,1635.9816490605708,0,11.781479146086312,0.9672466734902764,139.6,1647.763128206657
2024-07-07 02:45:00+00:00,286.6,400.0,75.0,1635.9816490605708,0.23267294564417007,1635.9816490605708,5373.75,1635.9816490605708,0,8.516254015985457,0.9672466734902764,100.91,1644.4979030765562
2024-07-07 03:00:00+00:00,286.6,400.0,75.0,1635.9816490605708,0.23267294564417007,1635.9816490605708,5373.75,1635.9816490605708,0,-3.1732350708656543,0.9672466734902764,-37.6,1632.808413989705
2024-07-07 03:15:00+00:00,290.67,400.0,75.0,1635.9816490605708,0.23267294564417007,1635.9816490605708,5450.0625,1635.9816490605708,0,7.989632025501369,0.9672466734902764,94.67,1643.9712810860722
2024-07-07 03:30:00+00:00,290.67,400.0,75.0,1635.9816490605708,0.23267294564417007,1635.9816490605708,5450.0625,1635.9816490605708,0,9.117143210255762,0.9672466734902764,108.03,1645.0987922708266
2024-07-07 03:45:00+00:00,290.67,400.0,75.0,1635.9816490605708,0.23267294564417007,1635.9816490605708,5450.0625,1635.9816490605708,0,10.850607262265882,0.9672466734902764,128.57,1646.8322563228367
2024-07-07 04:00:00+00:00,290.67,400.0,75.0,1635.9816490605708,0.23267294564417007,1635.9816490605708,5450.0625,1635.9816490605708,0,11.807641456511002,0.9672466734902764,139.91,1647.7892905170818
2024-07-07 04:15:00+00:00,290.67,400.0,75.0,1635.9816490605708,0.23267294564417007,1635.9816490605708,5450.0625,1635.9816490605708,0,8.264758257709403,0.9672466734902764,97.93,1644.2464073182803
2024-07-07 04:30:00+00:00,290.67,400.0,75.0,1635.9816490605708,0.23267294564417007,1635.9816490605708,5450.0625,1635.9816490605708,0,12.044790141328356,0.9672466734902764,142.72,1648.0264392018992
2024-07-07 04:45:00+00:00,290.67,400.0,75.0,1635.9816490605708,0.23267294564417007,1635.9816490605708,5450.0625,1635.9816490605708,0,13.0701839208767,0.9672466734902764,154.87,1649.0518329814474
2024-07-07 05:00:00+00:00,290.67,400.0,75.0,1635.9816490605708,0.23267294564417007,1635.9816490605708,5450.0625,1635.9816490605708,0,10.941753376003513,0.9672466734902764,129.65,1646.9234024365744
2024-07-07 05:15:00+00:00,332.85,400.0,75.0,1635.9816490605708,0.23267294564417007,1635.9816490605708,6240.9375,1635.9816490605708,0,14.029749951614532,0.9672466734902764,166.24,1650.0113990121854
2024-07-07 05:30:00+00:00,332.85,400.0,75.0,1635.9816490605708,0.23267294564417007,1635.9816490605708,6240.9375,1635.9816490605708,0,8.436923139213816,0.9672466734902764,99.97,1644.4185721997846
2024-07-07 05:45:00+00:00,332.85,400.0,75.0,1635.9816490605708,0.23267294564417007,1635.9816490605708,6240.9375,1635.9816490605708,0,7.443599288573157,0.9672466734902764,88.2,1643.4252483491439
2024-07-07 06:00:00+00:00,332.85,400.0,75.0,1635.9816490605708,0.23267294564417007,1635.9816490605708,6240.9375,1635.9816490605708,0,5.952347594365814,0.9672466734902764,70.53,1641.9339966549367
2024-07-07 06:15:00+00:00,379.85,400.0,75.0,1635.9816490605708,0.23267294564417007,1635.9816490605708,7122.1875,1635.9816490605708,0,12.861729382976748,0.9672466734902764,152.4,1648.8433784435476
2024-07-07 06:30:00+00:00,379.85,400.0,75.0,1635.9816490605708,0.23267294564417007,1635.9816490605708,7122.1875,1635.9816490605708,0,11.086068056088095,0.9672466734902764,131.36,1647.067717116659
2024-07-07 06:45:00+00:00,379.85,400.0,75.0,1635.9816490605708,0.23267294564417007,1635.9816490605708,7122.1875,1635.9816490605708,0,9.588064797900186,0.9672466734902764,113.61,1645.569713858471
2024-07-07 07:00:00+00:00,379.85,400.0,75.0,1635.9816490605708,0.23267294564417007,1635.9816490605708,7122.1875,1635.9816490605708,0,9.816774027741832,0.9672466734902764,116.32,1645.7984230883126
2024-07-07 07:15:00+00:00,464.07,400.0,75.0,1635.9816490605708,0.23267294564417007,1635.9816490605708,8701.3125,1635.9816490605708,0,6.851149549278559,0.9672466734902764,81.18,1642.8327986098493
2024-07-07 07:30:00+00:00,464.07,400.0,75.0,1635.9816490605708,0.23267294564417007,1635.9816490605708,8701.3125,1635.9816490605708,0,14.385894951589346,0.9672466734902764,170.46,1650.3675440121601
2024-07-07 07:45:00+00:00,464.07,400.0,75.0,1635.9816490605708,0.23267294564417007,1635.9816490605708,8701.3125,1635.9816490605708,0,9.498606575157696,0.9672466734902764,112.55,1645.4802556357286
2024-07-07 08:00:00+00:00,464.07,400.0,75.0,1635.9816490605708,0.23267294564417007,1635.9816490605708,8701.3125,1635.9816490605708,0,8.979580094151745,0.9672466734902764,106.4,1644.9612291547226
2024-07-07 08:15:00+00:00,501.27,400.0,75.0,1635.9816490605708,0.23267294564417007,1635.9816490605708,9398.8125,1635.9816490605708,0,10.279256160410549,0.9672466734902764,121.8,1646.2609052209814
2024-07-07 08:30:00+00:00,501.27,400.0,75.0,1635.9816490605708,0.23267294564417007,1635.9816490605708,9398.8125,1635.9816490605708,0,9.763605461394882,0.9672466734902764,115.69,1645.7452545219658
2024-07-07 08:45:00+00:00,501.27,400.0,75.0,1635.9816490605708,0.23267294564417007,1635.9816490605708,9398.8125,1635.9816490605708,0,9.220948506456953,0.9672466734902764,109.26,1645.2025975670279
2024-07-07 09:00:00+00:00,501.27,400.0,75.0,1635.9816490605708,0.23267294564417007,1635.9816490605708,9398.8125,1635.9816490605708,0,6.699239359715841,0.9672466734902764,79.38,1642.6808884202867
2024-07-07 09:15:00+00:00,515.79,400.0,75.0,1635.9816490605708,0.23267294564417007,1635.9816490605708,9671.0625,1635.9816490605708,0,-3.2972950590085395,0.9672466734902764,-39.06999999999999,1632.6843540015623
2024-07-07 09:30:00+00:00,515.79,400.0,75.0,1635.9816490605708,0.23267294564417007,1635.9816490605708,9671.0625,1635.9816490605708,0,12.337639228985372,0.9672466734902764,146.19,1648.3192882895562
2024-07-07 09:45:00+00:00,515.79,400.0,75.0,1635.9816490605708,0.23267294564417007,1635.9816490605708,9671.0625,1635.9816490605708,0,11.205908316743127,0.9672466734902764,132.78,1647.1875573773139
2024-07-07 10:00:00+00:00,515.79,400.0,75.0,1635.9816490605708,0.23267294564417007,1635.9816490605708,9671.0625,1635.9816490605708,0,11.49200584041958,0.9672466734902764,136.17000000000002,1647.4736549009904
2024-07-07 10:15:00+00:00,520.19,400.0,75.0,1635.9816490605708,0.23267294564417007,1635.9816490605708,9753.562500000002,1635.9816490605708,0,7.0520085777003745,0.9672466734902764,83.56,1643.0336576382713
2024-07-07 10:30:00+00:00,520.19,400.0,75.0,1635.9816490605708,0.23267294564417007,1635.9816490605708,9753.562500000002,1635.9816490605708,0,6.042649762605873,0.9672466734902764,71.6,1642.0242988231767
2024-07-07 10:45:00+00:00,520.19,400.0,75.0,1635.9816490605708,0.23267294564417007,1635.9816490605708,9753.562500000002,1635.9816490605708,0,7.865572037358484,0.9672466734902764,93.2,1643.8472210979294
2024-07-07 11:00:00+00:00,520.19,400.0,75.0,1635.9816490605708,0.23267294564417007,1635.9816490605708,9753.562500000002,1635.9816490605708,0,8.149981670039793,0.9672466734902764,96.57,1644.1316307306106
2024-07-07 11:15:00+00:00,518.29,400.0,75.0,1635.9816490605708,0.23267294564417007,1635.9816490605708,9717.9375,1635.9816490605708,0,10.340864181733208,0.9672466734902764,122.53,1646.322513242304
2024-07-07 11:30:00+00:00,518.29,400.0,75.0,1635.9816490605708,0.23267294564417007,1635.9816490605708,9717.9375,1635.9816490605708,0,4.46109590015847,0.9672466734902764,52.86,1640.4427449607292
2024-07-07 11:45:00+00:00,518.29,400.0,75.0,1635.9816490605708,0.23267294564417007,1635.9816490605708,9717.9375,1635.9816490605708,0,11.25992082858765,0.9672466734902764,133.42000000000002,1647.2415698891584
2024-07-07 12:00:00+00:00,518.29,400.0,75.0,1635.9816490605708,0.23267294564417007,1635.9816490605708,9717.9375,1635.9816490605708,0,7.684123755380793,0.9672466734902764,91.05,1643.6657728159516
2024-07-07 12:15:00+00:00,509.72,400.0,75.0,1635.9816490605708,0.23267294564417007,1635.9816490605708,9557.25,1635.9816490605708,0,7.116992381013314,0.9672466734902764,84.33,1643.098641441584
2024-07-07 12:30:00+00:00,509.72,400.0,75.0,1635.9816490605708,0.23267294564417007,1635.9816490605708,9557.25,1635.9816490605708,0,5.88230011806745,0.9672466734902764,69.7,1641.8639491786382
2024-07-07 12:45:00+00:00,509.72,400.0,75.0,1635.9816490605708,0.23267294564417007,1635.9816490605708,9557.25,1635.9816490605708,0,4.52607970347141,0.9672466734902764,53.629999999999995,1640.5077287640422
2024-07-07 13:00:00+00:00,509.72,400.0,75.0,1635.9816490605708,0.23267294564417007,1635.9816490605708,9557.25,1635.9816490605708,0,9.739131041965333,0.9672466734902764,115.4,1645.720780102536
2024-07-07 13:15:00+00:00,447.07,400.0,75.0,1635.9816490605708,0.23267294564417007,1635.9816490605708,8382.5625,1635.9816490605708,0,8.15757717951793,0.9672466734902764,96.66,1644.1392262400886
2024-07-07 13:30:00+00:00,447.07,400.0,75.0,1635.9816490605708,0.23267294564417007,1635.9816490605708,8382.5625,1635.9816490605708,0,-3.158887997406953,0.9672466734902764,-37.43,1632.8227610631639
2024-07-07 13:45:00+00:00,447.07,400.0,75.0,1635.9816490605708,0.23267294564417007,1635.9816490605708,8382.5625,1635.9816490605708,0,5.270439632328727,0.9672466734902764,62.45,1641.2520886928996
2024-07-07 14:00:00+00:00,447.07,400.0,75.0,1635.9816490605708,0.23267294564417007,1635.9816490605708,8382.5625,1635.9816490605708,0,7.1963232577849565,0.9672466734902764,85.27000000000001,1643.1779723183558
2024-07-07 14:15:00+00:00,331.31,400.0,75.0,1635.9816490605708,0.23267294564417007,1635.9816490605708,6212.0625,1635.9816490605708,0,11.426178091609065,0.9672466734902764,135.39,1647.4078271521798
2024-07-07 14:30:00+00:00,331.31,400.0,75.0,1635.9816490605708,0.23267294564417007,1635.9816490605708,6212.0625,1635.9816490605708,0,7.35667290232338,0.9672466734902764,87.17,1643.3383219628943
2024-07-07 14:45:00+00:00,331.31,400.0,75.0,1635.9816490605708,0.23267294564417007,1635.9816490605708,6212.0625,1635.9816490605708,0,4.73284635037622,0.9672466734902764,56.08,1640.714495410947
2024-07-07 15:00:00+00:00,331.31,400.0,75.0,1635.9816490605708,0.23267294564417007,1635.9816490605708,6212.0625,1635.9816490605708,0,-5.510120153638792,0.9672466734902764,-65.29,1630.471528906932
2024-07-07 15:15:00+00:00,171.08,400.0,75.0,1635.9816490605708,0.23267294564417007,1635.9816490605708,3207.7500000000005,1635.9816490605708,0,7.092517961583765,0.9672466734902764,84.03999999999999,1643.0741670221546
2024-07-07 15:30:00+00:00,171.08,400.0,75.0,1635.9816490605708,0.23267294564417007,1635.9816490605708,3207.7500000000005,1635.9816490605708,0,1.97820824630561,0.9672466734902764,23.44,1637.9598573068765
2024-07-07 15:45:00+00:00,171.08,400.0,75.0,1635.9816490605708,0.23267294564417007,1635.9816490605708,3207.7500000000005,1635.9816490605708,0,7.553312203257342,0.9672466734902764,89.5,1643.534961263828
2024-07-07 16:00:00+00:00,151.08,400.0,75.0,1635.9816490605708,0.23267294564417007,1635.9816490605708,2832.7500000000005,1635.9816490605708,0,6.799668873926748,0.9672466734902764,80.57,1642.7813179344976
2024-07-07 16:15:00+00:00,94.61,400.0,75.0,1635.9816490605708,0.23267294564417007,1635.9816490605708,1773.9375,1635.9816490605708,0,8.75509059179795,0.9672466734902764,103.74,1644.7367396523687
2024-07-07 16:30:00+00:00,94.61,400.0,75.0,1635.9816490605708,0.23267294564417007,1635.9816490605708,1773.9375,1635.9816490605708,0,11.187341515796572,0.9672466734902764,132.56,1647.1689905763674
2024-07-07 16:45:00+00:00,94.61,400.0,75.0,1635.9816490605708,0.23267294564417007,1635.9816490605708,1773.9375,1635.9816490605708,0,9.663175947183973,0.9672466734902764,114.5,1645.644825007755
2024-07-07 17:00:00+00:00,94.61,400.0,75.0,1635.9816490605708,0.23267294564417007,1635.9816490605708,1773.9375,1635.9816490605708,0,6.241820900032548,0.9672466734902764,73.96000000000001,1642.2234699606033
2024-07-07 17:15:00+00:00,57.93,400.0,75.0,1635.9816490605708,0.23267294564417007,1635.9816490605708,1086.1875,1086.1875,1,4.4745990281196,0.9672466734902764,53.019999999999996,1090.6620990281197
2024-07-07 17:30:00+00:00,57.93,400.0,75.0,1635.9816490605708,0.23267294564417007,1635.9816490605708,1086.1875,1086.1875,1,12.238897605769605,0.9672466734902764,145.01999999999998,1098.4263976057696
2024-07-07 17:45:00+00:00,57.93,400.0,75.0,1635.9816490605708,0.23267294564417007,1635.9816490605708,1086.1875,1086.1875,1,6.933856208040482,0.9672466734902764,82.16,1093.1213562080404
2024-07-07 18:00:00+00:00,37.49,400.0,75.0,1635.9816490605708,0.23267294564417007,1635.9816490605708,702.9375,702.9375,1,6.359129324194868,0.9672466734902764,75.35,709.2966293241949
2024-07-07 18:15:00+00:00,15.46,400.0,75.0,1635.9816490605708,0.23267294564417007,1635.9816490605708,289.875,289.875,1,6.278954501925656,0.9672466734902764,74.4,296.1539545019257
2024-07-07 18:30:00+00:00,73.38,400.0,75.0,1635.9816490605708,0.23267294564417007,1635.9816490605708,1375.875,1375.875,1,6.747344253077369,0.9672466734902764,79.95,1382.6223442530775
2024-07-07 18:45:00+00:00,73.38,400.0,75.0,1635.9816490605708,0.23267294564417007,1635.9816490605708,1375.875,1375.875,1,6.02492690715689,0.9672466734902764,71.39,1381.899926907157
2024-07-07 19:00:00+00:00,73.38,400.0,75.0,1635.9816490605708,0.23267294564417007,1635.9816490605708,1375.875,1375.875,1,4.7547889333130575,0.9672466734902764,56.34,1380.629788933313
2024-07-07 19:15:00+00:00,71.76,400.0,75.0,1635.9816490605708,0.23267294564417007,1635.9816490605708,1345.5,1345.5,1,4.811333281650291,0.9672466734902764,57.01,1350.3113332816504
2024-07-07 19:30:00+00:00,71.76,400.0,75.0,1635.9816490605708,0.23267294564417007,1635.9816490605708,1345.5,1345.5,1,5.89580324602858,0.9672466734902764,69.86,1351.3958032460287
2024-07-07 19:45:00+00:00,71.76,400.0,75.0,1635.9816490605708,0.23267294564417007,1635.9816490605708,1345.5,1345.5,1,4.818928791128427,0.9672466734902764,57.1,1350.3189287911284
2024-07-07 20:00:00+00:00,71.76,400.0,75.0,1635.9816490605708,0.23267294564417007,1635.9816490605708,1345.5,1345.5,1,4.321000947561742,0.9672466734902764,51.2,1349.8210009475617
2024-07-07 20:15:00+00:00,66.75,400.0,75.0,1635.9816490605708,0.23267294564417007,1635.9816490605708,1251.5625,1251.5625,1,6.049401326586439,0.9672466734902764,71.68,1257.6119013265863
2024-07-07 20:30:00+00:00,66.75,400.0,75.0,1635.9816490605708,0.23267294564417007,1635.9816490605708,1251.5625,1251.5625,1,5.286474596782568,0.9672466734902764,62.64,1256.8489745967827
2024-07-07 20:45:00+00:00,86.75,400.0,75.0,1635.9816490605708,0.23267294564417007,1635.9816490605708,1626.5625,1626.5625,1,8.9981468950983,0.9672466734902764,106.62,1635.5606468950982
2024-07-07 21:00:00+00:00,66.75,400.0,75.0,1635.9816490605708,0.23267294564417007,1635.9816490605708,1251.5625,1251.5625,1,0.3865270378873588,0.9672466734902764,4.579999999999998,1251.9490270378874
2024-07-07 21:15:00+00:00,53.11,400.0,75.0,1635.9816490605708,0.23267294564417007,1635.9816490605708,995.8125,995.8125,1,8.283325058655956,0.9672466734902764,98.15,1004.0958250586559
2024-07-07 21:30:00+00:00,53.11,400.0,75.0,1635.9816490605708,0.23267294564417007,1635.9816490605708,995.8125,995.8125,1,8.609088020718229,0.9672466734902764,102.01,1004.4215880207182
2024-07-07 21:45:00+00:00,53.11,400.0,75.0,1635.9816490605708,0.23267294564417007,1635.9816490605708,995.8125,995.8125,1,1.6051843363793814,0.9672466734902764,19.02,997.4176843363794
2024-07-07 22:00:00+00:00,53.11,400.0,75.0,1635.9816490605708,0.23267294564417007,1635.9816490605708,995.8125,995.8125,1,5.7194186370363145,0.9672466734902764,67.77000000000001,1001.5319186370364
2024-07-07 22:15:00+00:00,103.07,400.0,75.0,1635.9816490605708,0.23267294564417007,1635.9816490605708,1932.5624999999998,1635.9816490605708,0,5.658654561211226,0.9672466734902764,67.05,1641.640303621782
2024-07-07 22:30:00+00:00,103.07,400.0,75.0,1635.9816490605708,0.23267294564417007,1635.9816490605708,1932.5624999999998,1635.9816490605708,0,3.472835722503236,0.9672466734902764,41.15,1639.4544847830741
2024-07-07 22:45:00+00:00,103.07,400.0,75.0,1635.9816490605708,0.23267294564417007,1635.9816490605708,1932.5624999999998,1635.9816490605708,0,4.801205935679444,0.9672466734902764,56.89,1640.7828549962503
2024-07-07 23:00:00+00:00,103.07,400.0,75.0,1635.9816490605708,0.23267294564417007,1635.9816490605708,1932.5624999999998,1635.9816490605708,0,4.815553009138145,0.9672466734902764,57.06,1640.7972020697089
2024-07-07 23:15:00+00:00,113.07,400.0,75.0,1635.9816490605708,0.23267294564417007,1635.9816490605708,2120.0625,1635.9816490605708,0,10.855670935251306,0.9672466734902764,128.63,1646.837319995822
2024-07-07 23:30:00+00:00,113.07,400.0,75.0,1635.9816490605708,0.23267294564417007,1635.9816490605708,2120.0625,1635.9816490605708,0,9.133178174709604,0.9672466734902764,108.22,1645.1148272352805
2024-07-07 23:45:00+00:00,88.91,400.0,75.0,1635.9816490605708,0.23267294564417007,1635.9816490605708,1667.0625,1635.9816490605708,0,9.841248447171381,0.9672466734902764,116.61,1645.8228975077423
2024-07-08 00:00:00+00:00,113.07,400.0,75.0,1635.9816490605708,0.23267294564417007,1635.9816490605708,2120.0625,1635.9816490605708,0,11.649823648465292,0.9672466734902764,138.04000000000002,1647.6314727090362
2024-07-08 00:15:00+00:00,1000.0,400.0,75.0,1635.9816490605708,0.23267294564417007,1635.9816490605708,18750.0,1635.9816490605708,0,7.7448878312058795,0.9672466734902764,91.77,1643.7265368917767
2024-07-08 00:30:00+00:00,1000.0,400.0,75.0,1635.9816490605708,0.23267294564417007,1635.9816490605708,18750.0,1635.9816490605708,0,9.020933423532707,0.9672466734902764,106.89,1645.0025824841034
2024-07-08 00:45:00+00:00,1000.0,400.0,75.0,1635.9816490605708,0.23267294564417007,1635.9816490605708,18750.0,1635.9816490605708,0,11.159491314376742,0.9672466734902764,132.23000000000002,1647.1411403749476
2024-07-08 01:00:00+00:00,1000.0,400.0,75.0,1635.9816490605708,0.23267294564417007,1635.9816490605708,18750.0,1635.9816490605708,0,8.407385046798842,0.9672466734902764,99.62,1644.3890341073698
2024-07-08 01:15:00+00:00,61.8,400.0,75.0,1635.9816490605708,0.23267294564417007,1635.9816490605708,1158.75,1158.75,1,12.49039336404566,0.9672466734902764,148.0,1171.2403933640458
2024-07-08 01:30:00+00:00,61.8,400.0,75.0,1635.9816490605708,0.23267294564417007,1635.9816490605708,1158.75,1158.75,1,-2.1799112202249957,0.9672466734902764,-25.83,1156.570088779775
2024-07-08 01:45:00+00:00,61.8,400.0,75.0,1635.9816490605708,0.23267294564417007,1635.9816490605708,1158.75,1158.75,1,10.195705556151056,0.9672466734902764,120.81,1168.945705556151
2024-07-08 02:00:00+00:00,61.8,400.0,75.0,1635.9816490605708,0.23267294564417007,1635.9816490605708,1158.75,1158.75,1,13.201839418497721,0.9672466734902764,156.43,1171.9518394184977
2024-07-08 02:15:00+00:00,66.36,400.0,75.0,1635.9816490605708,0.23267294564417007,1635.9816490605708,1244.25,1244.25,1,12.639771717115664,0.9672466734902764,149.76999999999998,1256.8897717171158
2024-07-08 02:30:00+00:00,66.36,400.0,75.0,1635.9816490605708,0.23267294564417007,1635.9816490605708,1244.25,1244.25,1,10.94090943050594,0.9672466734902764,129.64,1255.190909430506
2024-07-08 02:45:00+00:00,66.36,400.0,75.0,1635.9816490605708,0.23267294564417007,1635.9816490605708,1244.25,1244.25,1,14.14790232127442,0.9672466734902764,167.64,1258.3979023212744
2024-07-08 03:00:00+00:00,66.36,400.0,75.0,1635.9816490605708,0.23267294564417007,1635.9816490605708,1244.25,1244.25,1,9.884289667547485,0.9672466734902764,117.12,1254.1342896675476
2024-07-08 03:15:00+00:00,43.27,400.0,75.0,1635.9816490605708,0.23267294564417007,1635.9816490605708,811.3125000000001,811.3125000000001,1,13.464306468242192,0.9672466734902764,159.54,824.7768064682423
2024-07-08 03:30:00+00:00,30.72,400.0,75.0,1635.9816490605708,0.23267294564417007,1635.9816490605708,576.0,576.0,1,13.416201574880667,0.9672466734902764,158.97,589.4162015748807
2024-07-08 03:45:00+00:00,30.72,400.0,75.0,1635.9816490605708,0.23267294564417007,1635.9816490605708,576.0,576.0,1,11.511416586863703,0.9672466734902764,136.4,587.5114165868637
2024-07-08 04:00:00+00:00,43.27,400.0,75.0,1635.9816490605708,0.23267294564417007,1635.9816490605708,811.3125000000001,811.3125000000001,1,13.007731954056469,0.9672466734902764,154.13,824.3202319540566
2024-07-08 04:15:00+00:00,1000.0,400.0,75.0,1635.9816490605708,0.23267294564417007,1635.9816490605708,18750.0,1635.9816490605708,0,9.680054857135387,0.9672466734902764,114.7,1645.6617039177063
2024-07-08 04:30:00+00:00,60.91,400.0,75.0,1635.9816490605708,0.23267294564417007,1635.9816490605708,1142.0625,1142.0625,1,14.269430472924597,0.9672466734902764,169.08,1156.3319304729246
2024-07-08 04:45:00+00:00,60.91,400.0,75.0,1635.9816490605708,0.23267294564417007,1635.9816490605708,1142.0625,1142.0625,1,11.930013553658748,0.9672466734902764,141.36,1153.9925135536587
2024-07-08 05:00:00+00:00,1000.0,400.0,75.0,1635.9816490605708,0.23267294564417007,1635.9816490605708,18750.0,1635.9816490605708,0,11.076784655614818,0.9672466734902764,131.25,1647.0584337161856
2024-07-08 05:15:00+00:00,1000.0,400.0,75.0,1635.9816490605708,0.23267294564417007,1635.9816490605708,18750.0,1635.9816490605708,0,14.392646515569911,0.9672466734902764,170.54,1650.3742955761406
2024-07-08 05:30:00+00:00,60.91,400.0,75.0,1635.9816490605708,0.23267294564417007,1635.9816490605708,1142.0625,1142.0625,1,10.69363339971774,0.9672466734902764,126.71,1152.7561333997178
2024-07-08 05:45:00+00:00,60.91,400.0,75.0,1635.9816490605708,0.23267294564417007,1635.9816490605708,1142.0625,1142.0625,1,9.208289323993391,0.9672466734902764,109.11,1151.2707893239933
2024-07-08 06:00:00+00:00,60.91,400.0,75.0,1635.9816490605708,0.23267294564417007,1635.9816490605708,1142.0625,1142.0625,1,8.530601089444158,0.9672466734902764,101.08,1150.5931010894442
2024-07-08 06:15:00+00:00,49.54,400.0,75.0,1635.9816490605708,0.23267294564417007,1635.9816490605708,928.875,928.875,1,13.093814394808676,0.9672466734902764,155.15,941.9688143948086
2024-07-08 06:30:00+00:00,49.54,400.0,75.0,1635.9816490605708,0.23267294564417007,1635.9816490605708,928.875,928.875,1,9.113767428265477,0.9672466734902764,107.99,937.9887674282655
2024-07-08 06:45:00+00:00,49.54,400.0,75.0,1635.9816490605708,0.23267294564417007,1635.9816490605708,928.875,928.875,1,15.517625863831592,0.9672466734902764,183.87,944.3926258638315
2024-07-08 07:00:00+00:00,1000.0,400.0,75.0,1635.9816490605708,0.23267294564417007,1635.9816490605708,18750.0,1635.9816490605708,0,6.943139608513761,0.9672466734902764,82.27000000000001,1642.9247886690846
2024-07-08 07:15:00+00:00,92.0,400.0,75.0,1635.9816490605708,0.23267294564417007,1635.9816490605708,1725.0,1635.9816490605708,0,14.915048778566144,0.9672466734902764,176.73,1650.896697839137
2024-07-08 07:30:00+00:00,92.0,400.0,75.0,1635.9816490605708,0.23267294564417007,1635.9816490605708,1725.0,1635.9816490605708,0,11.780635200588742,0.9672466734902764,139.59,1647.7622842611595
2024-07-08 07:45:00+00:00,92.0,400.0,75.0,1635.9816490605708,0.23267294564417007,1635.9816490605708,1725.0,1635.9816490605708,0,11.13164111295691,0.9672466734902764,131.9,1647.1132901735277
2024-07-08 08:00:00+00:00,92.0,400.0,75.0,1635.9816490605708,0.23267294564417007,1635.9816490605708,1725.0,1635.9816490605708,0,9.70874900405279,0.9672466734902764,115.04,1645.6903980646237
2024-07-08 08:15:00+00:00,170.17,400.0,75.0,1635.9816490605708,0.23267294564417007,1635.9816490605708,3190.6874999999995,1635.9816490605708,0,11.700460378319528,0.9672466734902764,138.64,1647.6821094388904
2024-07-08 08:30:00+00:00,170.17,400.0,75.0,1635.9816490605708,0.23267294564417007,1635.9816490605708,3190.6874999999995,1635.9816490605708,0,10.778871894972376,0.9672466734902764,127.72,1646.7605209555431
2024-07-08 08:45:00+00:00,170.17,400.0,75.0,1635.9816490605708,0.23267294564417007,1635.9816490605708,3190.6874999999995,1635.9816490605708,0,13.185804454043879,0.9672466734902764,156.24,1649.1674535146146
2024-07-08 09:00:00+00:00,170.17,400.0,75.0,1635.9816490605708,0.23267294564417007,1635.9816490605708,3190.6874999999995,1635.9816490605708,0,10.71810781914729,0.9672466734902764,127.0,1646.699756879718
2024-07-08 09:15:00+00:00,184.96,400.0,75.0,1635.9816490605708,0.23267294564417007,1635.9816490605708,3468.0,1635.9816490605708,0,10.794062913928649,0.9672466734902764,127.9,1646.7757119744995
2024-07-08 09:30:00+00:00,184.96,400.0,75.0,1635.9816490605708,0.23267294564417007,1635.9816490605708,3468.0,1635.9816490605708,0,9.709592949550359,0.9672466734902764,115.05,1645.6912420101212
2024-07-08 09:45:00+00:00,184.96,400.0,75.0,1635.9816490605708,0.23267294564417007,1635.9816490605708,3468.0,1635.9816490605708,0,10.35689914618705,0.9672466734902764,122.72,1646.3385482067579
2024-07-08 10:00:00+00:00,184.96,400.0,75.0,1635.9816490605708,0.23267294564417007,1635.9816490605708,3468.0,1635.9816490605708,0,10.889428755154132,0.9672466734902764,129.03,1646.871077815725
2024-07-08 10:15:00+00:00,184.5,400.0,75.0,1635.9816490605708,0.23267294564417007,1635.9816490605708,3459.375,1635.9816490605708,0,6.63256766540776,0.9672466734902764,78.59,1642.6142167259786
2024-07-08 10:30:00+00:00,184.5,400.0,75.0,1635.9816490605708,0.23267294564417007,1635.9816490605708,3459.375,1635.9816490605708,0,7.3963383407092005,0.9672466734902764,87.64,1643.37798740128
2024-07-08 10:45:00+00:00,184.5,400.0,75.0,1635.9816490605708,0.23267294564417007,1635.9816490605708,3459.375,1635.9816490605708,0,11.808485402008573,0.9672466734902764,139.92000000000002,1647.7901344625793
2024-07-08 11:00:00+00:00,184.5,400.0,75.0,1635.9816490605708,0.23267294564417007,1635.9816490605708,3459.375,1635.9816490605708,0,10.502901717266774,0.9672466734902764,124.45,1646.4845507778375
2024-07-08 11:15:00+00:00,163.02,400.0,75.0,1635.9816490605708,0.23267294564417007,1635.9816490605708,3056.625,1635.9816490605708,0,9.754322060921604,0.9672466734902764,115.58,1645.7359711214924
2024-07-08 11:30:00+00:00,163.02,400.0,75.0,1635.9816490605708,0.23267294564417007,1635.9816490605708,3056.625,1635.9816490605708,0,10.181358482692355,0.9672466734902764,120.64,1646.1630075432631
2024-07-08 11:45:00+00:00,163.02,400.0,75.0,1635.9816490605708,0.23267294564417007,1635.9816490605708,3056.625,1635.9816490605708,0,10.875925627193002,0.9672466734902764,128.87,1646.8575746877639
2024-07-08 12:00:00+00:00,163.02,400.0,75.0,1635.9816490605708,0.23267294564417007,1635.9816490605708,3056.625,1635.9816490605708,0,0.5494085189184951,0.9672466734902764,6.510000000000002,1636.5310575794892
2024-07-08 12:15:00+00:00,109.22,400.0,75.0,1635.9816490605708,0.23267294564417007,1635.9816490605708,2047.875,1635.9816490605708,0,8.485028032575343,0.9672466734902764,100.54,1644.4666770931462
2024-07-08 12:30:00+00:00,109.22,400.0,75.0,1635.9816490605708,0.23267294564417007,1635.9816490605708,2047.875,1635.9816490605708,0,10.540879264657454,0.9672466734902764,124.9,1646.5225283252282
2024-07-08 12:45:00+00:00,109.22,400.0,75.0,1635.9816490605708,0.23267294564417007,1635.9816490605708,2047.875,1635.9816490605708,0,8.063055283790016,0.9672466734902764,95.54,1644.0447043443608
2024-07-08 13:00:00+00:00,109.22,400.0,75.0,1635.9816490605708,0.23267294564417007,1635.9816490605708,2047.875,1635.9816490605708,0,10.973823304911198,0.9672466734902764,130.03,1646.955472365482
2024-07-08 13:15:00+00:00,55.02,400.0,75.0,1635.9816490605708,0.23267294564417007,1635.9816490605708,1031.625,1031.625,1,6.520322914230862,0.9672466734902764,77.25999999999999,1038.145322914231
2024-07-08 13:30:00+00:00,55.02,400.0,75.0,1635.9816490605708,0.23267294564417007,1635.9816490605708,1031.625,1031.625,1,12.283626717140852,0.9672466734902764,145.55,1043.9086267171408
2024-07-08 13:45:00+00:00,90.62,400.0,75.0,1635.9816490605708,0.23267294564417007,1635.9816490605708,1699.125,1635.9816490605708,0,11.10969853002007,0.9672466734902764,131.64,1647.0913475905909
2024-07-08 14:00:00+00:00,90.62,400.0,75.0,1635.9816490605708,0.23267294564417007,1635.9816490605708,1699.125,1635.9816490605708,0,10.554382392618583,0.9672466734902764,125.06,1646.5360314531895
2024-07-08 14:15:00+00:00,63.27,400.0,75.0,1635.9816490605708,0.23267294564417007,1635.9816490605708,1186.3125,1186.3125,1,12.08783136170446,0.9672466734902764,143.23000000000002,1198.4003313617045
2024-07-08 14:30:00+00:00,63.27,400.0,75.0,1635.9816490605708,0.23267294564417007,1635.9816490605708,1186.3125,1186.3125,1,13.528446326057564,0.9672466734902764,160.3,1199.8409463260575
2024-07-08 14:45:00+00:00,43.27,400.0,75.0,1635.9816490605708,0.23267294564417007,1635.9816490605708,811.3125000000001,811.3125000000001,1,12.154503056012539,0.9672466734902764,144.01999999999998,823.4670030560127
2024-07-08 15:00:00+00:00,43.27,400.0,75.0,1635.9816490605708,0.23267294564417007,1635.9816490605708,811.3125000000001,811.3125000000001,1,5.894115355033438,0.9672466734902764,69.84,817.2066153550336
2024-07-08 15:15:00+00:00,74.98,400.0,75.0,1635.9816490605708,0.23267294564417007,1635.9816490605708,1405.875,1405.875,1,7.078170888125064,0.9672466734902764,83.87,1412.953170888125
2024-07-08 15:30:00+00:00,74.98,400.0,75.0,1635.9816490605708,0.23267294564417007,1635.9816490605708,1405.875,1405.875,1,8.459709667648223,0.9672466734902764,100.24,1414.3347096676482
2024-07-08 15:45:00+00:00,74.98,400.0,75.0,1635.9816490605708,0.23267294564417007,1635.9816490605708,1405.875,1405.875,1,9.832808992195675,0.9672466734902764,116.51,1415.7078089921956
2024-07-08 16:00:00+00:00,74.98,400.0,75.0,1635.9816490605708,0.23267294564417007,1635.9816490605708,1405.875,1405.875,1,10.488554643808072,0.9672466734902764,124.28,1416.3635546438081
2024-07-08 16:15:00+00:00,43.27,400.0,75.0,1635.9816490605708,0.23267294564417007,1635.9816490605708,811.3125000000001,811.3125000000001,1,7.865572037358484,0.9672466734902764,93.2,819.1780720373586
2024-07-08 16:30:00+00:00,43.27,400.0,75.0,1635.9816490605708,0.23267294564417007,1635.9816490605708,811.3125000000001,811.3125000000001,1,9.790611717317143,0.9672466734902764,116.01,821.1031117173172
2024-07-08 16:45:00+00:00,43.27,400.0,75.0,1635.9816490605708,0.23267294564417007,1635.9816490605708,811.3125000000001,811.3125000000001,1,7.803120070538254,0.9672466734902764,92.46,819.1156200705384
2024-07-08 17:00:00+00:00,43.27,400.0,75.0,1635.9816490605708,0.23267294564417007,1635.9816490605708,811.3125000000001,811.3125000000001,1,7.62842335254113,0.9672466734902764,90.39,818.9409233525413
2024-07-08 17:15:00+00:00,103.69,400.0,75.0,1635.9816490605708,0.23267294564417007,1635.9816490605708,1944.1875,1635.9816490605708,0,5.950659703370672,0.9672466734902764,70.50999999999999,1641.9323087639416
2024-07-08 17:30:00+00:00,11.77,400.0,75.0,1635.9816490605708,0.23267294564417007,1635.9816490605708,220.6875,220.6875,1,6.970989809933591,0.9672466734902764,82.6,227.6584898099336
2024-07-08 17:45:00+00:00,71.89,400.0,75.0,1635.9816490605708,0.23267294564417007,1635.9816490605708,1347.9375,1347.9375,1,6.067124182035422,0.9672466734902764,71.89,1354.0046241820355
2024-07-08 18:00:00+00:00,103.69,400.0,75.0,1635.9816490605708,0.23267294564417007,1635.9816490605708,1944.1875,1635.9816490605708,0,-2.0592270140723925,0.9672466734902764,-24.4,1633.9224220464985
2024-07-08 18:15:00+00:00,191.84,400.0,75.0,1635.9816490605708,0.23267294564417007,1635.9816490605708,3597.0,1635.9816490605708,0,10.662407416307627,0.9672466734902764,126.34,1646.6440564768784
2024-07-08 18:30:00+00:00,191.84,400.0,75.0,1635.9816490605708,0.23267294564417007,1635.9816490605708,3597.0,1635.9816490605708,0,6.436772309971369,0.9672466734902764,76.27000000000001,1642.418421370542
2024-07-08 18:45:00+00:00,191.84,400.0,75.0,1635.9816490605708,0.23267294564417007,1635.9816490605708,3597.0,1635.9816490605708,0,13.993460295218993,0.9672466734902764,165.81,1649.9751093557898
2024-07-08 19:00:00+00:00,37.49,400.0,75.0,1635.9816490605708,0.23267294564417007,1635.9816490605708,702.9375,702.9375,1,9.11545531926062,0.9672466734902764,108.01,712.0529553192606
2024-07-08 19:15:00+00:00,60.09,400.0,75.0,1635.9816490605708,0.23267294564417007,1635.9816490605708,1126.6875,1126.6875,1,8.464773340633647,0.9672466734902764,100.3,1135.1522733406337
2024-07-08 19:30:00+00:00,37.49,400.0,75.0,1635.9816490605708,0.23267294564417007,1635.9816490605708,702.9375,702.9375,1,6.2637634829693845,0.9672466734902764,74.22,709.2012634829694
2024-07-08 19:45:00+00:00,60.09,400.0,75.0,1635.9816490605708,0.23267294564417007,1635.9816490605708,1126.6875,1126.6875,1,-3.1065633765575726,0.9672466734902764,-36.81,1123.5809366234425
2024-07-08 20:00:00+00:00,80.09,400.0,75.0,1635.9816490605708,0.23267294564417007,1635.9816490605708,1501.6875,1501.6875,1,6.720337997155107,0.9672466734902764,79.63,1508.4078379971552
2024-07-08 20:15:00+00:00,108.7,400.0,75.0,1635.9816490605708,0.23267294564417007,1635.9816490605708,2038.125,1635.9816490605708,0,8.192178944918325,0.9672466734902764,97.07,1644.1738280054892
2024-07-08 20:30:00+00:00,88.7,400.0,75.0,1635.9816490605708,0.23267294564417007,1635.9816490605708,1663.125,1635.9816490605708,0,13.336026752611454,0.9672466734902764,158.02,1649.3176758131822
2024-07-08 20:45:00+00:00,88.7,400.0,75.0,1635.9816490605708,0.23267294564417007,1635.9816490605708,1663.125,1635.9816490605708,0,7.73222864874232,0.9672466734902764,91.62,1643.7138777093132
2024-07-08 21:00:00+00:00,88.7,400.0,75.0,1635.9816490605708,0.23267294564417007,1635.9816490605708,1663.125,1635.9816490605708,0,10.514716954232762,0.9672466734902764,124.59,1646.4963660148035
2024-07-08 21:15:00+00:00,56.2,400.0,75.0,1635.9816490605708,0.23267294564417007,1635.9816490605708,1053.75,1053.75,1,-1.8330496207234577,0.9672466734902764,-21.72,1051.9169503792766
2024-07-08 21:30:00+00:00,56.2,400.0,75.0,1635.9816490605708,0.23267294564417007,1635.9816490605708,1053.75,1053.75,1,8.01579433592606,0.9672466734902764,94.98,1061.765794335926
2024-07-08 21:45:00+00:00,56.2,400.0,75.0,1635.9816490605708,0.23267294564417007,1635.9816490605708,1053.75,1053.75,1,11.826208257457557,0.9672466734902764,140.13,1065.5762082574577
2024-07-08 22:00:00+00:00,56.2,400.0,75.0,1635.9816490605708,0.23267294564417007,1635.9816490605708,1053.75,1053.75,1,7.230081077687782,0.9672466734902764,85.67,1060.9800810776878
2024-07-08 22:15:00+00:00,74.52,400.0,75.0,1635.9816490605708,0.23267294564417007,1635.9816490605708,1397.25,1397.25,1,12.376460721873622,0.9672466734902764,146.65,1409.6264607218736
2024-07-08 22:30:00+00:00,74.52,400.0,75.0,1635.9816490605708,0.23267294564417007,1635.9816490605708,1397.25,1397.25,1,10.045483257583479,0.9672466734902764,119.03,1407.2954832575836
2024-07-08 22:45:00+00:00,74.52,400.0,75.0,1635.9816490605708,0.23267294564417007,1635.9816490605708,1397.25,1397.25,1,7.365956302796657,0.9672466734902764,87.28,1404.6159563027966
2024-07-08 23:00:00+00:00,74.52,400.0,75.0,1635.9816490605708,0.23267294564417007,1635.9816490605708,1397.25,1397.25,1,10.602487285980109,0.9672466734902764,125.63,1407.85248728598
2024-07-08 23:15:00+00:00,148.2,400.0,75.0,1635.9816490605708,0.23267294564417007,1635.9816490605708,2778.75,1635.9816490605708,0,11.320684904412735,0.9672466734902764,134.14,1647.3023339649835
2024-07-08 23:30:00+00:00,148.2,400.0,75.0,1635.9816490605708,0.23267294564417007,1635.9816490605708,2778.75,1635.9816490605708,0,10.580544703043273,0.9672466734902764,125.37,1646.562193763614
2024-07-08 23:45:00+00:00,148.2,400.0,75.0,1635.9816490605708,0.23267294564417007,1635.9816490605708,2778.75,1635.9816490605708,0,5.9557233763560955,0.9672466734902764,70.57,1641.9373724369268
2024-07-09 00:00:00+00:00,148.2,400.0,75.0,1635.9816490605708,0.23267294564417007,1635.9816490605708,2778.75,1635.9816490605708,0,8.593053056264385,0.9672466734902764,101.82,1644.5747021168352
2024-07-09 00:15:00+00:00,157.38,400.0,75.0,1635.9816490605708,0.23267294564417007,1635.9816490605708,2950.875,1635.9816490605708,0,9.604943707851598,0.9672466734902764,113.81,1645.5865927684224
2024-07-09 00:30:00+00:00,157.38,400.0,75.0,1635.9816490605708,0.23267294564417007,1635.9816490605708,2950.875,1635.9816490605708,0,9.97037210829969,0.9672466734902764,118.14,1645.9520211688705
2024-07-09 00:45:00+00:00,157.38,400.0,75.0,1635.9816490605708,0.23267294564417007,1635.9816490605708,2950.875,1635.9816490605708,0,11.437149383077484,0.9672466734902764,135.51999999999998,1647.4187984436483
2024-07-09 01:00:00+00:00,157.38,400.0,75.0,1635.9816490605708,0.23267294564417007,1635.9816490605708,2950.875,1635.9816490605708,0,11.361194288296128,0.9672466734902764,134.62,1647.3428433488668
2024-07-09 01:15:00+00:00,159.38,400.0,75.0,1635.9816490605708,0.23267294564417007,1635.9816490605708,2988.375,1635.9816490605708,0,8.168548470986348,0.9672466734902764,96.79,1644.150197531557
2024-07-09 01:30:00+00:00,113.59,400.0,75.0,1635.9816490605708,0.23267294564417007,1635.9816490605708,2129.8125,1635.9816490605708,0,11.788230710066877,0.9672466734902764,139.68,1647.7698797706378
2024-07-09 01:45:00+00:00,113.59,400.0,75.0,1635.9816490605708,0.23267294564417007,1635.9816490605708,2129.8125,1635.9816490605708,0,12.274343316667572,0.9672466734902764,145.44,1648.2559923772385
2024-07-09 02:00:00+00:00,113.59,400.0,75.0,1635.9816490605708,0.23267294564417007,1635.9816490605708,2129.8125,1635.9816490605708,0,12.883671965913583,0.9672466734902764,152.66,1648.8653210264845
2024-07-09 02:15:00+00:00,108.79,400.0,75.0,1635.9816490605708,0.23267294564417007,1635.9816490605708,2039.8125000000002,1635.9816490605708,0,13.982489003750574,0.9672466734902764,165.68,1649.9641380643213
2024-07-09 02:30:00+00:00,108.79,400.0,75.0,1635.9816490605708,0.23267294564417007,1635.9816490605708,2039.8125000000002,1635.9816490605708,0,13.461774631749481,0.9672466734902764,159.51,1649.4434236923203
2024-07-09 02:45:00+00:00,108.79,400.0,75.0,1635.9816490605708,0.23267294564417007,1635.9816490605708,2039.8125000000002,1635.9816490605708,0,12.67099770052578,0.9672466734902764,150.14,1648.6526467610965
2024-07-09 03:00:00+00:00,108.79,400.0,75.0,1635.9816490605708,0.23267294564417007,1635.9816490605708,2039.8125000000002,1635.9816490605708,0,12.016939939908523,0.9672466734902764,142.39,1647.9985890004793
2024-07-09 03:15:00+00:00,97.19,400.0,75.0,1635.9816490605708,0.23267294564417007,1635.9816490605708,1822.3125,1635.9816490605708,0,8.660568696070039,0.9672466734902764,102.62,1644.6422177566408
2024-07-09 03:30:00+00:00,97.19,400.0,75.0,1635.9816490605708,0.23267294564417007,1635.9816490605708,1822.3125,1635.9816490605708,0,13.07102786637427,0.9672466734902764,154.88,1649.0526769269452
2024-07-09 03:45:00+00:00,97.19,400.0,75.0,1635.9816490605708,0.23267294564417007,1635.9816490605708,1822.3125,1635.9816490605708,0,12.602638115222556,0.9672466734902764,149.32999999999998,1648.5842871757934
2024-07-09 04:00:00+00:00,97.19,400.0,75.0,1635.9816490605708,0.23267294564417007,1635.9816490605708,1822.3125,1635.9816490605708,0,12.89295536638686,0.9672466734902764,152.76999999999998,1648.8746044269576
2024-07-09 04:15:00+00:00,63.06,400.0,75.0,1635.9816490605708,0.23267294564417007,1635.9816490605708,1182.375,1182.375,1,9.626042345290864,0.9672466734902764,114.06,1192.001042345291
2024-07-09 04:30:00+00:00,63.06,400.0,75.0,1635.9816490605708,0.23267294564417007,1635.9816490605708,1182.375,1182.375,1,10.038731693602914,0.9672466734902764,118.95,1192.4137316936028
2024-07-09 04:45:00+00:00,63.06,400.0,75.0,1635.9816490605708,0.23267294564417007,1635.9816490605708,1182.375,1182.375,1,14.542024868639917,0.9672466734902764,172.31,1196.9170248686398
2024-07-09 05:00:00+00:00,1000.0,400.0,75.0,1635.9816490605708,0.23267294564417007,1635.9816490605708,18750.0,1635.9816490605708,0,12.096270816680164,0.9672466734902764,143.32999999999998,1648.077919877251
2024-07-09 05:15:00+00:00,1000.0,400.0,75.0,1635.9816490605708,0.23267294564417007,1635.9816490605708,18750.0,1635.9816490605708,0,13.617904548800054,0.9672466734902764,161.36,1649.5995536093708
2024-07-09 05:30:00+00:00,98.77,400.0,75.0,1635.9816490605708,0.23267294564417007,1635.9816490605708,1851.9375,1635.9816490605708,0,12.239741551267176,0.9672466734902764,145.03,1648.221390611838
2024-07-09 05:45:00+00:00,60.91,400.0,75.0,1635.9816490605708,0.23267294564417007,1635.9816490605708,1142.0625,1142.0625,1,12.242273387759889,0.9672466734902764,145.06,1154.30477338776
2024-07-09 06:00:00+00:00,98.77,400.0,75.0,1635.9816490605708,0.23267294564417007,1635.9816490605708,1851.9375,1635.9816490605708,0,13.79513310328989,0.9672466734902764,163.46,1649.7767821638606
2024-07-09 06:15:00+00:00,37.34,400.0,75.0,1635.9816490605708,0.23267294564417007,1635.9816490605708,700.1250000000001,700.1250000000001,1,10.726547274122995,0.9672466734902764,127.1,710.8515472741232
2024-07-09 06:30:00+00:00,37.34,400.0,75.0,1635.9816490605708,0.23267294564417007,1635.9816490605708,700.1250000000001,700.1250000000001,1,12.017783885406095,0.9672466734902764,142.4,712.1427838854062
2024-07-09 06:45:00+00:00,37.34,400.0,75.0,1635.9816490605708,0.23267294564417007,1635.9816490605708,700.1250000000001,700.1250000000001,1,10.839635970797463,0.9672466734902764,128.44,710.9646359707975
2024-07-09 07:00:00+00:00,37.34,400.0,75.0,1635.9816490605708,0.23267294564417007,1635.9816490605708,700.1250000000001,700.1250000000001,1,10.419351113007277,0.9672466734902764,123.46,710.5443511130073
2024-07-09 07:15:00+00:00,223.39,400.0,75.0,1635.9816490605708,0.23267294564417007,1635.9816490605708,4188.5625,1635.9816490605708,0,10.683506053746893,0.9672466734902764,126.59,1646.6651551143177
2024-07-09 07:30:00+00:00,223.39,400.0,75.0,1635.9816490605708,0.23267294564417007,1635.9816490605708,4188.5625,1635.9816490605708,0,11.80426567452072,0.9672466734902764,139.87,1647.7859147350916
2024-07-09 07:45:00+00:00,223.39,400.0,75.0,1635.9816490605708,0.23267294564417007,1635.9816490605708,4188.5625,1635.9816490605708,0,10.325673162776935,0.9672466734902764,122.35,1646.3073222233477
2024-07-09 08:00:00+00:00,223.39,400.0,75.0,1635.9816490605708,0.23267294564417007,1635.9816490605708,4188.5625,1635.9816490605708,0,13.507347688618298,0.9672466734902764,160.05,1649.488996749189
2024-07-09 08:15:00+00:00,302.35,400.0,75.0,1635.9816490605708,0.23267294564417007,1635.9816490605708,5669.0625,1635.9816490605708,0,8.971140639176038,0.9672466734902764,106.3,1644.9527896997467
2024-07-09 08:30:00+00:00,302.35,400.0,75.0,1635.9816490605708,0.23267294564417007,1635.9816490605708,5669.0625,1635.9816490605708,0,-2.1951022391812676,0.9672466734902764,-26.009999999999998,1633.7865468213895
2024-07-09 08:45:00+00:00,302.35,400.0,75.0,1635.9816490605708,0.23267294564417007,1635.9816490605708,5669.0625,1635.9816490605708,0,9.93070666991387,0.9672466734902764,117.67,1645.9123557304847
2024-07-09 09:00:00+00:00,302.35,400.0,75.0,1635.9816490605708,0.23267294564417007,1635.9816490605708,5669.0625,1635.9816490605708,0,13.530134217052703,0.9672466734902764,160.32,1649.5117832776234
2024-07-09 09:15:00+00:00,302.35,400.0,75.0,1635.9816490605708,0.23267294564417007,1635.9816490605708,5669.0625,1635.9816490605708,0,10.891960591646844,0.9672466734902764,129.06,1646.8736096522177
2024-07-09 09:30:00+00:00,302.35,400.0,75.0,1635.9816490605708,0.23267294564417007,1635.9816490605708,5669.0625,1635.9816490605708,0,12.654118790574367,0.9672466734902764,149.94,1648.6357678511451
2024-07-09 09:45:00+00:00,302.35,400.0,75.0,1635.9816490605708,0.23267294564417007,1635.9816490605708,5669.0625,1635.9816490605708,0,7.342325828864679,0.9672466734902764,87.0,1643.3239748894355
2024-07-09 10:00:00+00:00,302.35,400.0,75.0,1635.9816490605708,0.23267294564417007,1635.9816490605708,5669.0625,1635.9816490605708,0,10.804190259899494,0.9672466734902764,128.01999999999998,1646.7858393204704
2024-07-09 10:15:00+00:00,302.35,400.0,75.0,1635.9816490605708,0.23267294564417007,1635.9816490605708,5669.0625,1635.9816490605708,0,12.11736945411943,0.9672466734902764,143.57999999999998,1648.0990185146902
2024-07-09 10:30:00+00:00,302.35,400.0,75.0,1635.9816490605708,0.23267294564417007,1635.9816490605708,5669.0625,1635.9816490605708,0,10.414287440021855,0.9672466734902764,123.4,1646.3959365005926
2024-07-09 10:45:00+00:00,302.35,400.0,75.0,1635.9816490605708,0.23267294564417007,1635.9816490605708,5669.0625,1635.9816490605708,0,12.488705473050521,0.9672466734902764,147.98000000000002,1648.4703545336213
2024-07-09 11:00:00+00:00,302.35,400.0,75.0,1635.9816490605708,0.23267294564417007,1635.9816490605708,5669.0625,1635.9816490605708,0,9.05047151594768,0.9672466734902764,107.24,1645.0321205765185
2024-07-09 11:15:00+00:00,271.39,400.0,75.0,1635.9816490605708,0.23267294564417007,1635.9816490605708,5088.5625,1635.9816490605708,0,13.115756977745514,0.9672466734902764,155.41,1649.0974060383164
2024-07-09 11:30:00+00:00,271.39,400.0,75.0,1635.9816490605708,0.23267294564417007,1635.9816490605708,5088.5625,1635.9816490605708,0,14.992691764342647,0.9672466734902764,177.65,1650.9743408249135
2024-07-09 11:45:00+00:00,271.39,400.0,75.0,1635.9816490605708,0.23267294564417007,1635.9816490605708,5088.5625,1635.9816490605708,0,0.9376234478009952,0.9672466734902764,11.11,1636.9192725083717
2024-07-09 12:00:00+00:00,271.39,400.0,75.0,1635.9816490605708,0.23267294564417007,1635.9816490605708,5088.5625,1635.9816490605708,0,9.187190686554125,0.9672466734902764,108.86,1645.168839747125
2024-07-09 12:15:00+00:00,298.11,400.0,75.0,1635.9816490605708,0.23267294564417007,1635.9816490605708,5589.5625,1635.9816490605708,0,13.193399963522015,0.9672466734902764,156.33,1649.175049024093
2024-07-09 12:30:00+00:00,275.39,400.0,75.0,1635.9816490605708,0.23267294564417007,1635.9816490605708,5163.5625,1635.9816490605708,0,13.46008674075434,0.9672466734902764,159.49,1649.4417358013252
2024-07-09 12:45:00+00:00,275.39,400.0,75.0,1635.9816490605708,0.23267294564417007,1635.9816490605708,5163.5625,1635.9816490605708,0,9.02430920552299,0.9672466734902764,106.93,1645.0059582660938
2024-07-09 13:00:00+00:00,275.39,400.0,75.0,1635.9816490605708,0.23267294564417007,1635.9816490605708,5163.5625,1635.9816490605708,0,9.226012179442375,0.9672466734902764,109.32,1645.2076612400133
2024-07-09 13:15:00+00:00,254.6,400.0,75.0,1635.9816490605708,0.23267294564417007,1635.9816490605708,4773.75,1635.9816490605708,0,9.518017321601821,0.9672466734902764,112.78,1645.4996663821726
2024-07-09 13:30:00+00:00,254.6,400.0,75.0,1635.9816490605708,0.23267294564417007,1635.9816490605708,4773.75,1635.9816490605708,0,7.275654134556597,0.9672466734902764,86.21000000000001,1643.2573031951274
2024-07-09 13:45:00+00:00,231.88,400.0,75.0,1635.9816490605708,0.23267294564417007,1635.9816490605708,4347.75,1635.9816490605708,0,8.174456089469341,0.9672466734902764,96.86,1644.15610515004
2024-07-09 14:00:00+00:00,254.6,400.0,75.0,1635.9816490605708,0.23267294564417007,1635.9816490605708,4773.75,1635.9816490605708,0,7.895954075271027,0.9672466734902764,93.56,1643.8776031358418
2024-07-09 14:15:00+00:00,169.38,400.0,75.0,1635.9816490605708,0.23267294564417007,1635.9816490605708,3175.875,1635.9816490605708,0,8.394725864335282,0.9672466734902764,99.47,1644.376374924906
2024-07-09 14:30:00+00:00,169.38,400.0,75.0,1635.9816490605708,0.23267294564417007,1635.9816490605708,3175.875,1635.9816490605708,0,9.940834015884718,0.9672466734902764,117.79,1645.9224830764556
2024-07-09 14:45:00+00:00,59.9,400.0,75.0,1635.9816490605708,0.23267294564417007,1635.9816490605708,1123.125,1123.125,1,10.508809335749767,0.9672466734902764,124.52,1133.6338093357497
2024-07-09 15:00:00+00:00,169.38,400.0,75.0,1635.9816490605708,0.23267294564417007,1635.9816490605708,3175.875,1635.9816490605708,0,13.049085283437433,0.9672466734902764,154.62,1649.0307343440084
2024-07-09 15:15:00+00:00,111.97,400.0,75.0,1635.9816490605708,0.23267294564417007,1635.9816490605708,2099.4375,1635.9816490605708,0,7.671464572917234,0.9672466734902764,90.9,1643.6531136334881
2024-07-09 15:30:00+00:00,111.97,400.0,75.0,1635.9816490605708,0.23267294564417007,1635.9816490605708,2099.4375,1635.9816490605708,0,11.85490240437496,0.9672466734902764,140.47,1647.8365514649458
2024-07-09 15:45:00+00:00,93.8,400.0,75.0,1635.9816490605708,0.23267294564417007,1635.9816490605708,1758.75,1635.9816490605708,0,9.326441693653283,0.9672466734902764,110.51,1645.3080907542242
2024-07-09 16:00:00+00:00,1000.0,400.0,75.0,1635.9816490605708,0.23267294564417007,1635.9816490605708,18750.0,1635.9816490605708,0,9.291839928252886,0.9672466734902764,110.1,1645.2734889888236
2024-07-09 16:15:00+00:00,39.9,400.0,75.0,1635.9816490605708,0.23267294564417007,1635.9816490605708,748.125,748.125,1,-1.8389572392064522,0.9672466734902764,-21.79,746.2860427607935
2024-07-09 16:30:00+00:00,37.34,400.0,75.0,1635.9816490605708,0.23267294564417007,1635.9816490605708,700.1250000000001,700.1250000000001,1,7.027534158270826,0.9672466734902764,83.27000000000001,707.1525341582709
2024-07-09 16:45:00+00:00,37.34,400.0,75.0,1635.9816490605708,0.23267294564417007,1635.9816490605708,700.1250000000001,700.1250000000001,1,10.203301065629192,0.9672466734902764,120.9,710.3283010656293
2024-07-09 17:00:00+00:00,37.34,400.0,75.0,1635.9816490605708,0.23267294564417007,1635.9816490605708,700.1250000000001,700.1250000000001,1,9.26989734531605,0.9672466734902764,109.84,709.3948973453162
2024-07-09 17:15:00+00:00,37.34,400.0,75.0,1635.9816490605708,0.23267294564417007,1635.9816490605708,700.1250000000001,700.1250000000001,1,9.95771292583613,0.9672466734902764,117.99,710.0827129258363
2024-07-09 17:30:00+00:00,37.34,400.0,75.0,1635.9816490605708,0.23267294564417007,1635.9816490605708,700.1250000000001,700.1250000000001,1,9.52898861307024,0.9672466734902764,112.91,709.6539886130704
2024-07-09 17:45:00+00:00,37.34,400.0,75.0,1635.9816490605708,0.23267294564417007,1635.9816490605708,700.1250000000001,700.1250000000001,1,14.098953482415324,0.9672466734902764,167.06,714.2239534824155
2024-07-09 18:00:00+00:00,10.0,400.0,75.0,1635.9816490605708,0.23267294564417007,1635.9816490605708,187.5,187.5,1,7.094205852578907,0.9672466734902764,84.06,194.5942058525789
2024-07-09 18:15:00+00:00,37.34,400.0,75.0,1635.9816490605708,0.23267294564417007,1635.9816490605708,700.1250000000001,700.1250000000001,1,7.31953930043027,0.9672466734902764,86.72999999999999,707.4445393004304
2024-07-09 18:30:00+00:00,37.34,400.0,75.0,1635.9816490605708,0.23267294564417007,1635.9816490605708,700.1250000000001,700.1250000000001,1,7.12458789049145,0.9672466734902764,84.42,707.2495878904915
2024-07-09 18:45:00+00:00,37.34,400.0,75.0,1635.9816490605708,0.23267294564417007,1635.9816490605708,700.1250000000001,700.1250000000001,1,7.26721467958089,0.9672466734902764,86.11,707.392214679581
2024-07-09 19:00:00+00:00,37.34,400.0,75.0,1635.9816490605708,0.23267294564417007,1635.9816490605708,700.1250000000001,700.1250000000001,1,6.730465343125956,0.9672466734902764,79.75,706.8554653431261
2024-07-09 19:15:00+00:00,10.0,400.0,75.0,1635.9816490605708,0.23267294564417007,1635.9816490605708,187.5,187.5,1,10.583920485033556,0.9672466734902764,125.41,198.08392048503356
2024-07-09 19:30:00+00:00,10.0,400.0,75.0,1635.9816490605708,0.23267294564417007,1635.9816490605708,187.5,187.5,1,2.632266006922866,0.9672466734902764,31.19,190.13226600692286
2024-07-09 19:45:00+00:00,37.34,400.0,75.0,1635.9816490605708,0.23267294564417007,1635.9816490605708,700.1250000000001,700.1250000000001,1,6.870560295722683,0.9672466734902764,81.41,706.9955602957228
2024-07-09 20:00:00+00:00,37.34,400.0,75.0,1635.9816490605708,0.23267294564417007,1635.9816490605708,700.1250000000001,700.1250000000001,1,-6.480657475845042,0.9672466734902764,-76.79,693.644342524155
2024-07-09 20:15:00+00:00,89.04,400.0,75.0,1635.9816490605708,0.23267294564417007,1635.9816490605708,1669.5000000000002,1635.9816490605708,0,8.928943364297506,0.9672466734902764,105.8,1644.9105924248684
2024-07-09 20:30:00+00:00,69.04,400.0,75.0,1635.9816490605708,0.23267294564417007,1635.9816490605708,1294.5000000000002,1294.5000000000002,1,6.769286836014206,0.9672466734902764,80.21000000000001,1301.2692868360145
2024-07-09 20:45:00+00:00,69.04,400.0,75.0,1635.9816490605708,0.23267294564417007,1635.9816490605708,1294.5000000000002,1294.5000000000002,1,9.26989734531605,0.9672466734902764,109.84,1303.7698973453162
2024-07-09 21:00:00+00:00,69.04,400.0,75.0,1635.9816490605708,0.23267294564417007,1635.9816490605708,1294.5000000000002,1294.5000000000002,1,8.517941906980598,0.9672466734902764,100.93,1303.017941906981
2024-07-09 21:15:00+00:00,78.17,400.0,75.0,1635.9816490605708,0.23267294564417007,1635.9816490605708,1465.6875,1465.6875,1,4.891508103919503,0.9672466734902764,57.96,1470.5790081039195
2024-07-09 21:30:00+00:00,77.64,400.0,75.0,1635.9816490605708,0.23267294564417007,1635.9816490605708,1455.75,1455.75,1,11.355286669813133,0.9672466734902764,134.55,1467.105286669813
2024-07-09 21:45:00+00:00,77.64,400.0,75.0,1635.9816490605708,0.23267294564417007,1635.9816490605708,1455.75,1455.75,1,11.878532878306936,0.9672466734902764,140.75,1467.628532878307
2024-07-09 22:00:00+00:00,78.17,400.0,75.0,1635.9816490605708,0.23267294564417007,1635.9816490605708,1465.6875,1465.6875,1,7.259619170102756,0.9672466734902764,86.02000000000001,1472.9471191701027
2024-07-09 22:15:00+00:00,1000.0,400.0,75.0,1635.9816490605708,0.23267294564417007,1635.9816490605708,18750.0,1635.9816490605708,0,7.734760485235032,0.9672466734902764,91.65,1643.7164095458058
2024-07-09 22:30:00+00:00,1000.0,400.0,75.0,1635.9816490605708,0.23267294564417007,1635.9816490605708,18750.0,1635.9816490605708,0,9.155964703144011,0.9672466734902764,108.49,1645.1376137637149
2024-07-09 22:45:00+00:00,134.83,400.0,75.0,1635.9816490605708,0.23267294564417007,1635.9816490605708,2528.0625000000005,1635.9816490605708,0,9.258082108350061,0.9672466734902764,109.7,1645.2397311689208
2024-07-09 23:00:00+00:00,143.87,400.0,75.0,1635.9816490605708,0.23267294564417007,1635.9816490605708,2697.5625,1635.9816490605708,0,10.658187688819774,0.9672466734902764,126.29,1646.6398367493905
2024-07-09 23:15:00+00:00,195.29,400.0,75.0,1635.9816490605708,0.23267294564417007,1635.9816490605708,3661.6875,1635.9816490605708,0,13.50987952511101,0.9672466734902764,160.08,1649.4915285856819
2024-07-09 23:30:00+00:00,195.29,400.0,75.0,1635.9816490605708,0.23267294564417007,1635.9816490605708,3661.6875,1635.9816490605708,0,8.89518554439468,0.9672466734902764,105.4,1644.8768346049656
2024-07-09 23:45:00+00:00,195.29,400.0,75.0,1635.9816490605708,0.23267294564417007,1635.9816490605708,3661.6875,1635.9816490605708,0,7.584538186667456,0.9672466734902764,89.87,1643.5661872472383
2024-07-10 00:00:00+00:00,195.29,400.0,75.0,1635.9816490605708,0.23267294564417007,1635.9816490605708,3661.6875,1635.9816490605708,0,7.217421895224223,0.9672466734902764,85.52000000000001,1643.1990709557952
2024-07-10 00:15:00+00:00,211.34,400.0,75.0,1635.9816490605708,0.23267294564417007,1635.9816490605708,3962.625,1635.9816490605708,0,8.58545754678625,0.9672466734902764,101.73,1644.5671066073571
2024-07-10 00:30:00+00:00,201.8,400.0,75.0,1635.9816490605708,0.23267294564417007,1635.9816490605708,3783.75,1635.9816490605708,0,10.05729849454947,0.9672466734902764,119.17,1646.0389475551203
2024-07-10 00:45:00+00:00,201.8,400.0,75.0,1635.9816490605708,0.23267294564417007,1635.9816490605708,3783.75,1635.9816490605708,0,13.913285472949783,0.9672466734902764,164.86,1649.8949345335207
2024-07-10 01:00:00+00:00,201.8,400.0,75.0,1635.9816490605708,0.23267294564417007,1635.9816490605708,3783.75,1635.9816490605708,0,9.894417013518332,0.9672466734902764,117.24,1645.876066074089
2024-07-10 01:15:00+00:00,213.83,400.0,75.0,1635.9816490605708,0.23267294564417007,1635.9816490605708,4009.3125000000005,1635.9816490605708,0,11.45824802051675,0.9672466734902764,135.76999999999998,1647.4398970810876
2024-07-10 01:30:00+00:00,182.09,400.0,75.0,1635.9816490605708,0.23267294564417007,1635.9816490605708,3414.1875,1635.9816490605708,0,10.951880721974359,0.9672466734902764,129.76999999999998,1646.933529782545
2024-07-10 01:45:00+00:00,182.09,400.0,75.0,1635.9816490605708,0.23267294564417007,1635.9816490605708,3414.1875,1635.9816490605708,0,13.493844560657164,0.9672466734902764,159.89,1649.475493621228
2024-07-10 02:00:00+00:00,182.09,400.0,75.0,1635.9816490605708,0.23267294564417007,1635.9816490605708,3414.1875,1635.9816490605708,0,17.033351977468485,0.9672466734902764,201.83,1653.0150010380394
2024-07-10 02:15:00+00:00,215.38,400.0,75.0,1635.9816490605708,0.23267294564417007,1635.9816490605708,4038.375,1635.9816490605708,0,10.582232594038414,0.9672466734902764,125.39,1646.5638816546093
2024-07-10 02:30:00+00:00,215.38,400.0,75.0,1635.9816490605708,0.23267294564417007,1635.9816490605708,4038.375,1635.9816490605708,0,10.669158980288191,0.9672466734902764,126.42,1646.650808040859
2024-07-10 02:45:00+00:00,215.38,400.0,75.0,1635.9816490605708,0.23267294564417007,1635.9816490605708,4038.375,1635.9816490605708,0,13.904846017974073,0.9672466734902764,164.76,1649.8864950785448
2024-07-10 03:00:00+00:00,215.38,400.0,75.0,1635.9816490605708,0.23267294564417007,1635.9816490605708,4038.375,1635.9816490605708,0,13.60355747534135,0.9672466734902764,161.19,1649.5852065359122
2024-07-10 03:15:00+00:00,216.5,400.0,75.0,1635.9816490605708,0.23267294564417007,1635.9816490605708,4059.375,1635.9816490605708,0,16.06112676426709,0.9672466734902764,190.31,1652.042775824838
2024-07-10 03:30:00+00:00,216.5,400.0,75.0,1635.9816490605708,0.23267294564417007,1635.9816490605708,4059.375,1635.9816490605708,0,13.396790828436542,0.9672466734902764,158.74,1649.3784398890073
2024-07-10 03:45:00+00:00,216.5,400.0,75.0,1635.9816490605708,0.23267294564417007,1635.9816490605708,4059.375,1635.9816490605708,0,11.406767345164942,0.9672466734902764,135.16,1647.3884164057358
2024-07-10 04:00:00+00:00,1000.0,400.0,75.0,1635.9816490605708,0.23267294564417007,1635.9816490605708,18750.0,1635.9816490605708,0,13.566423873448242,0.9672466734902764,160.75,1649.548072934019
2024-07-10 04:15:00+00:00,1000.0,400.0,75.0,1635.9816490605708,0.23267294564417007,1635.9816490605708,18750.0,1635.9816490605708,0,14.659333292802236,0.9672466734902764,173.7,1650.6409823533731
2024-07-10 04:30:00+00:00,1000.0,400.0,75.0,1635.9816490605708,0.23267294564417007,1635.9816490605708,18750.0,1635.9816490605708,0,14.050848589053798,0.9672466734902764,166.49,1650.0324976496247
2024-07-10 04:45:00+00:00,1000.0,400.0,75.0,1635.9816490605708,0.23267294564417007,1635.9816490605708,18750.0,1635.9816490605708,0,13.390039264455975,0.9672466734902764,158.66,1649.3716883250268
2024-07-10 05:00:00+00:00,1000.0,400.0,75.0,1635.9816490605708,0.23267294564417007,1635.9816490605708,18750.0,1635.9816490605708,0,14.430624062960591,0.9672466734902764,170.99,1650.4122731235313
2024-07-10 05:15:00+00:00,1000.0,400.0,75.0,1635.9816490605708,0.23267294564417007,1635.9816490605708,18750.0,1635.9816490605708,0,14.64667411033868,0.9672466734902764,173.55,1650.6283231709094
2024-07-10 05:30:00+00:00,1000.0,400.0,75.0,1635.9816490605708,0.23267294564417007,1635.9816490605708,18750.0,1635.9816490605708,0,15.095653115046265,0.9672466734902764,178.87,1651.077302175617
2024-07-10 05:45:00+00:00,1000.0,400.0,75.0,1635.9816490605708,0.23267294564417007,1635.9816490605708,18750.0,1635.9816490605708,0,13.548701017999258,0.9672466734902764,160.54,1649.53035007857
2024-07-10 06:00:00+00:00,1000.0,400.0,75.0,1635.9816490605708,0.23267294564417007,1635.9816490605708,18750.0,1635.9816490605708,0,11.462467748004604,0.9672466734902764,135.82,1647.4441168085755
2024-07-10 06:15:00+00:00,217.29,400.0,75.0,1635.9816490605708,0.23267294564417007,1635.9816490605708,4074.1875,1635.9816490605708,0,3.6855099878910407,0.9672466734902764,43.67,1639.6671590484618
2024-07-10 06:30:00+00:00,216.96,400.0,75.0,1635.9816490605708,0.23267294564417007,1635.9816490605708,4068.0,1635.9816490605708,0,14.360576586662226,0.9672466734902764,170.16,1650.3422256472331
2024-07-10 06:45:00+00:00,216.96,400.0,75.0,1635.9816490605708,0.23267294564417007,1635.9816490605708,4068.0,1635.9816490605708,0,10.091900259949865,0.9672466734902764,119.58,1646.0735493205207
2024-07-10 07:00:00+00:00,217.29,400.0,75.0,1635.9816490605708,0.23267294564417007,1635.9816490605708,4074.1875,1635.9816490605708,0,12.113993672129151,0.9672466734902764,143.54000000000002,1648.0956427327
2024-07-10 07:15:00+00:00,324.78,400.0,75.0,1635.9816490605708,0.23267294564417007,1635.9816490605708,6089.624999999999,1635.9816490605708,0,10.506277499257056,0.9672466734902764,124.49,1646.4879265598279
2024-07-10 07:30:00+00:00,1000.0,400.0,75.0,1635.9816490605708,0.23267294564417007,1635.9816490605708,18750.0,1635.9816490605708,0,11.396639999194097,0.9672466734902764,135.04000000000002,1647.378289059765
2024-07-10 07:45:00+00:00,1000.0,400.0,75.0,1635.9816490605708,0.23267294564417007,1635.9816490605708,18750.0,1635.9816490605708,0,14.033125733604813,0.9672466734902764,166.28,1650.0147747941755
2024-07-10 08:00:00+00:00,1000.0,400.0,75.0,1635.9816490605708,0.23267294564417007,1635.9816490605708,18750.0,1635.9816490605708,0,11.261608719582789,0.9672466734902764,133.44,1647.2432577801535
2024-07-10 08:15:00+00:00,1000.0,400.0,75.0,1635.9816490605708,0.23267294564417007,1635.9816490605708,18750.0,1635.9816490605708,0,10.956100449462213,0.9672466734902764,129.82,1646.937749510033
2024-07-10 08:30:00+00:00,1000.0,400.0,75.0,1635.9816490605708,0.23267294564417007,1635.9816490605708,18750.0,1635.9816490605708,0,7.988788080003798,0.9672466734902764,94.66,1643.9704371405746
2024-07-10 08:45:00+00:00,1000.0,400.0,75.0,1635.9816490605708,0.23267294564417007,1635.9816490605708,18750.0,1635.9816490605708,0,12.433005070210855,0.9672466734902764,147.32,1648.4146541307816
2024-07-10 09:00:00+00:00,1000.0,400.0,75.0,1635.9816490605708,0.23267294564417007,1635.9816490605708,18750.0,1635.9816490605708,0,11.838867439921117,0.9672466734902764,140.28,1647.820516500492
2024-07-10 09:15:00+00:00,1000.0,400.0,75.0,1635.9816490605708,0.23267294564417007,1635.9816490605708,18750.0,1635.9816490605708,0,15.040796657704172,0.9672466734902764,178.22,1651.022445718275
2024-07-10 09:30:00+00:00,1000.0,400.0,75.0,1635.9816490605708,0.23267294564417007,1635.9816490605708,18750.0,1635.9816490605708,0,9.827745319210251,0.9672466734902764,116.45,1645.809394379781
2024-07-10 09:45:00+00:00,1000.0,400.0,75.0,1635.9816490605708,0.23267294564417007,1635.9816490605708,18750.0,1635.9816490605708,0,10.9392215395108,0.9672466734902764,129.62,1646.9208706000816
2024-07-10 10:00:00+00:00,1000.0,400.0,75.0,1635.9816490605708,0.23267294564417007,1635.9816490605708,18750.0,1635.9816490605708,0,10.766212712508816,0.9672466734902764,127.57,1646.7478617730796
2024-07-10 10:15:00+00:00,1000.0,400.0,75.0,1635.9816490605708,0.23267294564417007,1635.9816490605708,18750.0,1635.9816490605708,0,13.568955709940955,0.9672466734902764,160.78,1649.5506047705119
2024-07-10 10:30:00+00:00,1000.0,400.0,75.0,1635.9816490605708,0.23267294564417007,1635.9816490605708,18750.0,1635.9816490605708,0,10.039575639100484,0.9672466734902764,118.96,1646.0212246996714
2024-07-10 10:45:00+00:00,1000.0,400.0,75.0,1635.9816490605708,0.23267294564417007,1635.9816490605708,18750.0,1635.9816490605708,0,10.829508624826614,0.9672466734902764,128.32,1646.8111576853973
2024-07-10 11:00:00+00:00,1000.0,400.0,75.0,1635.9816490605708,0.23267294564417007,1635.9816490605708,18750.0,1635.9816490605708,0,11.424490200613926,0.9672466734902764,135.37,1647.4061392611848
2024-07-10 11:15:00+00:00,1000.0,400.0,75.0,1635.9816490605708,0.23267294564417007,1635.9816490605708,18750.0,1635.9816490605708,0,10.535815591672028,0.9672466734902764,124.84,1646.5174646522428
2024-07-10 11:30:00+00:00,1000.0,400.0,75.0,1635.9816490605708,0.23267294564417007,1635.9816490605708,18750.0,1635.9816490605708,0,9.200693814515256,0.9672466734902764,109.02,1645.182342875086
2024-07-10 11:45:00+00:00,1000.0,400.0,75.0,1635.9816490605708,0.23267294564417007,1635.9816490605708,18750.0,1635.9816490605708,0,10.55185055612587,0.9672466734902764,125.03,1646.5334996166966
2024-07-10 12:00:00+00:00,1000.0,400.0,75.0,1635.9816490605708,0.23267294564417007,1635.9816490605708,18750.0,1635.9816490605708,0,12.392495686327464,0.9672466734902764,146.84,1648.3741447468983
2024-07-10 12:15:00+00:00,1000.0,400.0,75.0,1635.9816490605708,0.23267294564417007,1635.9816490605708,18750.0,1635.9816490605708,0,7.961781824081538,0.9672466734902764,94.34,1643.9434308846523
2024-07-10 12:30:00+00:00,1000.0,400.0,75.0,1635.9816490605708,0.23267294564417007,1635.9816490605708,18750.0,1635.9816490605708,0,10.407535876041289,0.9672466734902764,123.32,1646.389184936612
2024-07-10 12:45:00+00:00,1000.0,400.0,75.0,1635.9816490605708,0.23267294564417007,1635.9816490605708,18750.0,1635.9816490605708,0,8.65044135009919,0.9672466734902764,102.5,1644.6320904106701
2024-07-10 13:00:00+00:00,1000.0,400.0,75.0,1635.9816490605708,0.23267294564417007,1635.9816490605708,18750.0,1635.9816490605708,0,12.633864098632671,0.9672466734902764,149.7,1648.6155131592036
2024-07-10 13:15:00+00:00,1000.0,400.0,75.0,1635.9816490605708,0.23267294564417007,1635.9816490605708,18750.0,1635.9816490605708,0,6.898410497142516,0.9672466734902764,81.74000000000001,1642.8800595577134
2024-07-10 13:30:00+00:00,1000.0,400.0,75.0,1635.9816490605708,0.23267294564417007,1635.9816490605708,18750.0,1635.9816490605708,0,8.933163091785358,0.9672466734902764,105.85,1644.9148121523563
2024-07-10 13:45:00+00:00,1000.0,400.0,75.0,1635.9816490605708,0.23267294564417007,1635.9816490605708,18750.0,1635.9816490605708,0,10.907995556100687,0.9672466734902764,129.25,1646.8896446166716
2024-07-10 14:00:00+00:00,1000.0,400.0,75.0,1635.9816490605708,0.23267294564417007,1635.9816490605708,18750.0,1635.9816490605708,0,13.317459951664901,0.9672466734902764,157.8,1649.2991090122357
2024-07-10 14:15:00+00:00,1000.0,400.0,75.0,1635.9816490605708,0.23267294564417007,1635.9816490605708,18750.0,1635.9816490605708,0,9.875850212571777,0.9672466734902764,117.02,1645.8574992731426
2024-07-10 14:30:00+00:00,1000.0,400.0,75.0,1635.9816490605708,0.23267294564417007,1635.9816490605708,18750.0,1635.9816490605708,0,8.842860923545299,0.9672466734902764,104.78,1644.824509984116
2024-07-10 14:45:00+00:00,1000.0,400.0,75.0,1635.9816490605708,0.23267294564417007,1635.9816490605708,18750.0,1635.9816490605708,0,13.983332949248144,0.9672466734902764,165.69,1649.9649820098189
2024-07-10 15:00:00+00:00,1000.0,400.0,75.0,1635.9816490605708,0.23267294564417007,1635.9816490605708,18750.0,1635.9816490605708,0,-1.716585142058708,0.9672466734902764,-20.340000000000003,1634.2650639185122
2024-07-10 15:15:00+00:00,1000.0,400.0,75.0,1635.9816490605708,0.23267294564417007,1635.9816490605708,18750.0,1635.9816490605708,0,5.138784134707705,0.9672466734902764,60.89,1641.1204331952786
2024-07-10 15:30:00+00:00,101.75,400.0,75.0,1635.9816490605708,0.23267294564417007,1635.9816490605708,1907.8125,1635.9816490605708,0,10.7062925821813,0.9672466734902764,126.86,1646.687941642752
2024-07-10 15:45:00+00:00,81.85,400.0,75.0,1635.9816490605708,0.23267294564417007,1635.9816490605708,1534.6875,1534.6875,1,8.718800935402413,0.9672466734902764,103.31,1543.4063009354024
2024-07-10 16:00:00+00:00,1000.0,400.0,75.0,1635.9816490605708,0.23267294564417007,1635.9816490605708,18750.0,1635.9816490605708,0,7.241896314653771,0.9672466734902764,85.81,1643.2235453752246
2024-07-10 16:15:00+00:00,1000.0,400.0,75.0,1635.9816490605708,0.23267294564417007,1635.9816490605708,18750.0,1635.9816490605708,0,10.891116646149275,0.9672466734902764,129.05,1646.8727657067202
2024-07-10 16:30:00+00:00,40.91,400.0,75.0,1635.9816490605708,0.23267294564417007,1635.9816490605708,767.0624999999999,767.0624999999999,1,9.910451977972174,0.9672466734902764,117.43,776.9729519779721
2024-07-10 16:45:00+00:00,40.91,400.0,75.0,1635.9816490605708,0.23267294564417007,1635.9816490605708,767.0624999999999,767.0624999999999,1,8.206526018377026,0.9672466734902764,97.24,775.269026018377
2024-07-10 17:00:00+00:00,40.91,400.0,75.0,1635.9816490605708,0.23267294564417007,1635.9816490605708,767.0624999999999,767.0624999999999,1,6.217346480602998,0.9672466734902764,73.67,773.2798464806028
2024-07-10 17:15:00+00:00,92.27,400.0,75.0,1635.9816490605708,0.23267294564417007,1635.9816490605708,1730.0625,1635.9816490605708,0,10.759461148528251,0.9672466734902764,127.49,1646.7411102090991
2024-07-10 17:30:00+00:00,38.78,400.0,75.0,1635.9816490605708,0.23267294564417007,1635.9816490605708,727.125,727.125,1,10.29107139737654,0.9672466734902764,121.94,737.4160713973765
2024-07-10 17:45:00+00:00,38.78,400.0,75.0,1635.9816490605708,0.23267294564417007,1635.9816490605708,727.125,727.125,1,8.709517534929136,0.9672466734902764,103.2,735.8345175349291
2024-07-10 18:00:00+00:00,38.78,400.0,75.0,1635.9816490605708,0.23267294564417007,1635.9816490605708,727.125,727.125,1,12.335951337990233,0.9672466734902764,146.17000000000002,739.4609513379902
2024-07-10 18:15:00+00:00,30.26,400.0,75.0,1635.9816490605708,0.23267294564417007,1635.9816490605708,567.375,567.375,1,-2.257554206001496,0.9672466734902764,-26.75,565.1174457939985
2024-07-10 18:30:00+00:00,30.26,400.0,75.0,1635.9816490605708,0.23267294564417007,1635.9816490605708,567.375,567.375,1,5.220646847972057,0.9672466734902764,61.86,572.595646847972
2024-07-10 18:45:00+00:00,30.26,400.0,75.0,1635.9816490605708,0.23267294564417007,1635.9816490605708,567.375,567.375,1,6.979429264909298,0.9672466734902764,82.7,574.3544292649093
2024-07-10 19:00:00+00:00,30.36,400.0,75.0,1635.9816490605708,0.23267294564417007,1635.9816490605708,569.25,569.25,1,7.978660734032951,0.9672466734902764,94.54,577.2286607340329
2024-07-10 19:15:00+00:00,30.26,400.0,75.0,1635.9816490605708,0.23267294564417007,1635.9816490605708,567.375,567.375,1,8.587989383278963,0.9672466734902764,101.76,575.9629893832789
2024-07-10 19:30:00+00:00,30.26,400.0,75.0,1635.9816490605708,0.23267294564417007,1635.9816490605708,567.375,567.375,1,7.565971385720902,0.9672466734902764,89.65,574.9409713857209
2024-07-10 19:45:00+00:00,30.26,400.0,75.0,1635.9816490605708,0.23267294564417007,1635.9816490605708,567.375,567.375,1,8.81754255861818,0.9672466734902764,104.48,576.1925425586181
2024-07-10 20:00:00+00:00,71.54,400.0,75.0,1635.9816490605708,0.23267294564417007,1635.9816490605708,1341.3750000000002,1341.3750000000002,1,5.294070106260704,0.9672466734902764,62.73,1346.669070106261
2024-07-10 20:15:00+00:00,91.89,400.0,75.0,1635.9816490605708,0.23267294564417007,1635.9816490605708,1722.9375,1635.9816490605708,0,10.980574868891763,0.9672466734902764,130.11,1646.9622239294627
2024-07-10 20:30:00+00:00,91.89,400.0,75.0,1635.9816490605708,0.23267294564417007,1635.9816490605708,1722.9375,1635.9816490605708,0,7.761766741157293,0.9672466734902764,91.97,1643.7434158017281
2024-07-10 20:45:00+00:00,91.89,400.0,75.0,1635.9816490605708,0.23267294564417007,1635.9816490605708,1722.9375,1635.9816490605708,0,10.29191534287411,0.9672466734902764,121.95,1646.2735644034449
2024-07-10 21:00:00+00:00,91.89,400.0,75.0,1635.9816490605708,0.23267294564417007,1635.9816490605708,1722.9375,1635.9816490605708,0,8.813322831130327,0.9672466734902764,104.43,1644.7949718917012
2024-07-10 21:15:00+00:00,95.02,400.0,75.0,1635.9816490605708,0.23267294564417007,1635.9816490605708,1781.625,1635.9816490605708,0,9.053847297937962,0.9672466734902764,107.28,1645.0354963585087
2024-07-10 21:30:00+00:00,54.31,400.0,75.0,1635.9816490605708,0.23267294564417007,1635.9816490605708,1018.3125,1018.3125,1,9.291839928252886,0.9672466734902764,110.1,1027.6043399282528
2024-07-10 21:45:00+00:00,54.31,400.0,75.0,1635.9816490605708,0.23267294564417007,1635.9816490605708,1018.3125,1018.3125,1,9.034436551493837,0.9672466734902764,107.05,1027.3469365514939
2024-07-10 22:00:00+00:00,54.31,400.0,75.0,1635.9816490605708,0.23267294564417007,1635.9816490605708,1018.3125,1018.3125,1,9.908764086977033,0.9672466734902764,117.41,1028.221264086977
2024-07-10 22:15:00+00:00,69.41,400.0,75.0,1635.9816490605708,0.23267294564417007,1635.9816490605708,1301.4375,1301.4375,1,11.356974560808274,0.9672466734902764,134.57,1312.7944745608083
2024-07-10 22:30:00+00:00,69.41,400.0,75.0,1635.9816490605708,0.23267294564417007,1635.9816490605708,1301.4375,1301.4375,1,8.966920911688185,0.9672466734902764,106.25,1310.4044209116882
2024-07-10 22:45:00+00:00,70.41,400.0,75.0,1635.9816490605708,0.23267294564417007,1635.9816490605708,1320.1875,1320.1875,1,10.048015094076192,0.9672466734902764,119.06,1330.2355150940762
2024-07-10 23:00:00+00:00,70.41,400.0,75.0,1635.9816490605708,0.23267294564417007,1635.9816490605708,1320.1875,1320.1875,1,9.079165662865082,0.9672466734902764,107.58,1329.266665662865
2024-07-10 23:15:00+00:00,69.91,400.0,75.0,1635.9816490605708,0.23267294564417007,1635.9816490605708,1310.8125,1310.8125,1,12.307257191072827,0.9672466734902764,145.82999999999998,1323.1197571910727
2024-07-10 23:30:00+00:00,68.91,400.0,75.0,1635.9816490605708,0.23267294564417007,1635.9816490605708,1292.0625,1292.0625,1,7.841097617928934,0.9672466734902764,92.91,1299.9035976179289
2024-07-10 23:45:00+00:00,68.91,400.0,75.0,1635.9816490605708,0.23267294564417007,1635.9816490605708,1292.0625,1292.0625,1,13.068496029881556,0.9672466734902764,154.85,1305.1309960298815
2024-07-11 00:00:00+00:00,69.91,400.0,75.0,1635.9816490605708,0.23267294564417007,1635.9816490605708,1310.8125,1310.8125,1,10.042951421090768,0.9672466734902764,119.0,1320.8554514210907
2024-07-11 00:15:00+00:00,66.73,400.0,75.0,1635.9816490605708,0.23267294564417007,1635.9816490605708,1251.1875,1251.1875,1,7.108552926037607,0.9672466734902764,84.22999999999999,1258.2960529260376
2024-07-11 00:30:00+00:00,66.73,400.0,75.0,1635.9816490605708,0.23267294564417007,1635.9816490605708,1251.1875,1251.1875,1,10.397408530070441,0.9672466734902764,123.2,1261.5849085300704
2024-07-11 00:45:00+00:00,66.73,400.0,75.0,1635.9816490605708,0.23267294564417007,1635.9816490605708,1251.1875,1251.1875,1,8.69010678848501,0.9672466734902764,102.97,1259.877606788485
2024-07-11 01:00:00+00:00,66.73,400.0,75.0,1635.9816490605708,0.23267294564417007,1635.9816490605708,1251.1875,1251.1875,1,12.759611977770698,0.9672466734902764,151.19,1263.9471119777706
2024-07-11 01:15:00+00:00,63.16,400.0,75.0,1635.9816490605708,0.23267294564417007,1635.9816490605708,1184.25,1184.25,1,9.609163435339452,0.9672466734902764,113.86,1193.8591634353395
2024-07-11 01:30:00+00:00,38.58,400.0,75.0,1635.9816490605708,0.23267294564417007,1635.9816490605708,723.375,723.375,1,10.044639312085907,0.9672466734902764,119.02,733.4196393120859
2024-07-11 01:45:00+00:00,38.58,400.0,75.0,1635.9816490605708,0.23267294564417007,1635.9816490605708,723.375,723.375,1,-5.659498506708797,0.9672466734902764,-67.06,717.7155014932912
2024-07-11 02:00:00+00:00,38.58,400.0,75.0,1635.9816490605708,0.23267294564417007,1635.9816490605708,723.375,723.375,1,10.747645911562262,0.9672466734902764,127.35,734.1226459115622
2024-07-11 02:15:00+00:00,38.58,400.0,75.0,1635.9816490605708,0.23267294564417007,1635.9816490605708,723.375,723.375,1,10.747645911562262,0.9672466734902764,127.35,734.1226459115622
2024-07-11 02:30:00+00:00,38.58,400.0,75.0,1635.9816490605708,0.23267294564417007,1635.9816490605708,723.375,723.375,1,10.747645911562262,0.9672466734902764,127.35,734.1226459115622
2024-07-11 02:45:00+00:00,38.58,400.0,75.0,1635.9816490605708,0.23267294564417007,1635.9816490605708,723.375,723.375,1,10.747645911562262,0.9672466734902764,127.35,734.1226459115622
2024-07-11 03:00:00+00:00,54.56,400.0,75.0,1635.9816490605708,0.23267294564417007,1635.9816490605708,1023.0,1023.0,1,10.747645911562262,0.9672466734902764,127.35,1033.7476459115624
2024-07-11 03:15:00+00:00,54.7,400.0,75.0,1635.9816490605708,0.23267294564417007,1635.9816490605708,1025.625,1025.625,1,10.747645911562262,0.9672466734902764,127.35,1036.3726459115624
2024-07-11 03:30:00+00:00,54.7,400.0,75.0,1635.9816490605708,0.23267294564417007,1635.9816490605708,1025.625,1025.625,1,10.747645911562262,0.9672466734902764,127.35,1036.3726459115624
2024-07-11 03:45:00+00:00,54.7,400.0,75.0,1635.9816490605708,0.23267294564417007,1635.9816490605708,1025.625,1025.625,1,10.747645911562262,0.9672466734902764,127.35,1036.3726459115624
2024-07-11 04:00:00+00:00,54.7,400.0,75.0,1635.9816490605708,0.23267294564417007,1635.9816490605708,1025.625,1025.625,1,10.747645911562262,0.9672466734902764,127.35,1036.3726459115624
2024-07-11 04:15:00+00:00,66.16,400.0,75.0,1635.9816490605708,0.23267294564417007,1635.9816490605708,1240.5,1240.5,1,10.747645911562262,0.9672466734902764,127.35,1251.2476459115624
2024-07-11 04:30:00+00:00,66.16,400.0,75.0,1635.9816490605708,0.23267294564417007,1635.9816490605708,1240.5,1240.5,1,10.747645911562262,0.9672466734902764,127.35,1251.2476459115624
2024-07-11 04:45:00+00:00,66.16,400.0,75.0,1635.9816490605708,0.23267294564417007,1635.9816490605708,1240.5,1240.5,1,10.747645911562262,0.9672466734902764,127.35,1251.2476459115624
2024-07-11 05:00:00+00:00,66.16,400.0,75.0,1635.9816490605708,0.23267294564417007,1635.9816490605708,1240.5,1240.5,1,10.747645911562262,0.9672466734902764,127.35,1251.2476459115624
2024-07-11 05:15:00+00:00,60.91,400.0,75.0,1635.9816490605708,0.23267294564417007,1635.9816490605708,1142.0625,1142.0625,1,10.747645911562262,0.9672466734902764,127.35,1152.8101459115624
2024-07-11 05:30:00+00:00,60.91,400.0,75.0,1635.9816490605708,0.23267294564417007,1635.9816490605708,1142.0625,1142.0625,1,10.747645911562262,0.9672466734902764,127.35,1152.8101459115624
2024-07-11 05:45:00+00:00,60.91,400.0,75.0,1635.9816490605708,0.23267294564417007,1635.9816490605708,1142.0625,1142.0625,1,10.747645911562262,0.9672466734902764,127.35,1152.8101459115624
2024-07-11 06:00:00+00:00,60.91,400.0,75.0,1635.9816490605708,0.23267294564417007,1635.9816490605708,1142.0625,1142.0625,1,10.747645911562262,0.9672466734902764,127.35,1152.8101459115624
2024-07-11 06:15:00+00:00,38.58,400.0,75.0,1635.9816490605708,0.23267294564417007,1635.9816490605708,723.375,723.375,1,10.747645911562262,0.9672466734902764,127.35,734.1226459115622
2024-07-11 06:30:00+00:00,38.58,400.0,75.0,1635.9816490605708,0.23267294564417007,1635.9816490605708,723.375,723.375,1,10.747645911562262,0.9672466734902764,127.35,734.1226459115622
2024-07-11 06:45:00+00:00,38.58,400.0,75.0,1635.9816490605708,0.23267294564417007,1635.9816490605708,723.375,723.375,1,10.747645911562262,0.9672466734902764,127.35,734.1226459115622
2024-07-11 07:00:00+00:00,38.58,400.0,75.0,1635.9816490605708,0.23267294564417007,1635.9816490605708,723.375,723.375,1,10.747645911562262,0.9672466734902764,127.35,734.1226459115622
2024-07-11 07:15:00+00:00,38.58,400.0,75.0,1635.9816490605708,0.23267294564417007,1635.9816490605708,723.375,723.375,1,10.747645911562262,0.9672466734902764,127.35,734.1226459115622
2024-07-11 07:30:00+00:00,38.58,400.0,75.0,1635.9816490605708,0.23267294564417007,1635.9816490605708,723.375,723.375,1,10.747645911562262,0.9672466734902764,127.35,734.1226459115622
2024-07-11 07:45:00+00:00,38.58,400.0,75.0,1635.9816490605708,0.23267294564417007,1635.9816490605708,723.375,723.375,1,10.747645911562262,0.9672466734902764,127.35,734.1226459115622
2024-07-11 08:00:00+00:00,38.58,400.0,75.0,1635.9816490605708,0.23267294564417007,1635.9816490605708,723.375,723.375,1,10.747645911562262,0.9672466734902764,127.35,734.1226459115622
2024-07-11 08:15:00+00:00,88.49,400.0,75.0,1635.9816490605708,0.23267294564417007,1635.9816490605708,1659.1875,1635.9816490605708,0,10.747645911562262,0.9672466734902764,127.35,1646.7292949721332
2024-07-11 08:30:00+00:00,88.49,400.0,75.0,1635.9816490605708,0.23267294564417007,1635.9816490605708,1659.1875,1635.9816490605708,0,10.747645911562262,0.9672466734902764,127.35,1646.7292949721332
2024-07-11 08:45:00+00:00,88.49,400.0,75.0,1635.9816490605708,0.23267294564417007,1635.9816490605708,1659.1875,1635.9816490605708,0,10.747645911562262,0.9672466734902764,127.35,1646.7292949721332
2024-07-11 09:00:00+00:00,88.49,400.0,75.0,1635.9816490605708,0.23267294564417007,1635.9816490605708,1659.1875,1635.9816490605708,0,10.747645911562262,0.9672466734902764,127.35,1646.7292949721332
2024-07-11 09:15:00+00:00,92.44,400.0,75.0,1635.9816490605708,0.23267294564417007,1635.9816490605708,1733.25,1635.9816490605708,0,10.747645911562262,0.9672466734902764,127.35,1646.7292949721332
2024-07-11 09:30:00+00:00,92.44,400.0,75.0,1635.9816490605708,0.23267294564417007,1635.9816490605708,1733.25,1635.9816490605708,0,10.747645911562262,0.9672466734902764,127.35,1646.7292949721332
2024-07-11 09:45:00+00:00,92.44,400.0,75.0,1635.9816490605708,0.23267294564417007,1635.9816490605708,1733.25,1635.9816490605708,0,10.747645911562262,0.9672466734902764,127.35,1646.7292949721332
2024-07-11 10:00:00+00:00,92.44,400.0,75.0,1635.9816490605708,0.23267294564417007,1635.9816490605708,1733.25,1635.9816490605708,0,10.747645911562262,0.9672466734902764,127.35,1646.7292949721332
2024-07-11 10:15:00+00:00,101.56,400.0,75.0,1635.9816490605708,0.23267294564417007,1635.9816490605708,1904.25,1635.9816490605708,0,10.747645911562262,0.9672466734902764,127.35,1646.7292949721332
2024-07-11 10:30:00+00:00,101.56,400.0,75.0,1635.9816490605708,0.23267294564417007,1635.9816490605708,1904.25,1635.9816490605708,0,10.747645911562262,0.9672466734902764,127.35,1646.7292949721332
2024-07-11 10:45:00+00:00,101.56,400.0,75.0,1635.9816490605708,0.23267294564417007,1635.9816490605708,1904.25,1635.9816490605708,0,10.747645911562262,0.9672466734902764,127.35,1646.7292949721332
2024-07-11 11:00:00+00:00,101.56,400.0,75.0,1635.9816490605708,0.23267294564417007,1635.9816490605708,1904.25,1635.9816490605708,0,10.747645911562262,0.9672466734902764,127.35,1646.7292949721332
