dt,price_pln_per_mw_h,mw_procured,mw_available,cap_revenue_band_1,capacity_revenue_baseline,budget_envelope,capacity_revenue_capped,bound_flag,total_revenue
2024-06-30 22:00:00+00:00,178.85,400.0,50.0,1106.1623899157923,1106.1623899157923,2235.625,1106.1623899157923,0,1106.1623899157923
2024-06-30 22:15:00+00:00,68.91,400.0,50.0,1106.1623899157923,1106.1623899157923,861.375,861.375,1,861.375
2024-06-30 22:30:00+00:00,68.91,400.0,50.0,1106.1623899157923,1106.1623899157923,861.375,861.375,1,861.375
2024-06-30 22:45:00+00:00,68.91,400.0,50.0,1106.1623899157923,1106.1623899157923,861.375,861.375,1,861.375
2024-06-30 23:00:00+00:00,68.91,400.0,50.0,1106.1623899157923,1106.1623899157923,861.375,861.375,1,861.375
2024-06-30 23:15:00+00:00,133.18,400.0,50.0,1106.1623899157923,1106.1623899157923,1664.75,1106.1623899157923,0,1106.1623899157923
2024-06-30 23:30:00+00:00,133.18,400.0,50.0,1106.1623899157923,1106.1623899157923,1664.75,1106.1623899157923,0,1106.1623899157923
2024-06-30 23:45:00+00:00,133.18,400.0,50.0,1106.1623899157923,1106.1623899157923,1664.75,1106.1623899157923,0,1106.1623899157923
2024-07-01 00:00:00+00:00,133.18,400.0,50.0,1106.1623899157923,1106.1623899157923,1664.75,1106.1623899157923,0,1106.1623899157923
2024-07-01 00:15:00+00:00,135.18,400.0,50.0,1106.1623899157923,1106.1623899157923,1689.75,1106.1623899157923,0,1106.1623899157923
2024-07-01 00:30:00+00:00,135.18,400.0,50.0,1106.1623899157923,1106.1623899157923,1689.75,1106.1623899157923,0,1106.1623899157923
2024-07-01 00:45:00+00:00,135.18,400.0,50.0,1106.1623899157923,1106.1623899157923,1689.75,1106.1623899157923,0,1106.1623899157923
2024-07-01 01:00:00+00:00,135.18,400.0,50.0,1106.1623899157923,1106.1623899157923,1689.75,1106.1623899157923,0,1106.1623899157923
2024-07-01 01:15:00+00:00,131.98,400.0,50.0,1106.1623899157923,1106.1623899157923,1649.7499999999998,1106.1623899157923,0,1106.1623899157923
2024-07-01 01:30:00+00:00,131.98,400.0,50.0,1106.1623899157923,1106.1623899157923,1649.7499999999998,1106.1623899157923,0,1106.1623899157923
2024-07-01 01:45:00+00:00,131.98,400.0,50.0,1106.1623899157923,1106.1623899157923,1649.7499999999998,1106.1623899157923,0,1106.1623899157923
2024-07-01 02:00:00+00:00,131.98,400.0,50.0,1106.1623899157923,1106.1623899157923,1649.7499999999998,1106.1623899157923,0,1106.1623899157923
2024-07-01 02:15:00+00:00,147.78,400.0,50.0,1106.1623899157923,1106.1623899157923,1847.25,1106.1623899157923,0,1106.1623899157923
2024-07-01 02:30:00+00:00,147.78,400.0,50.0,1106.1623899157923,1106.1623899157923,1847.25,1106.1623899157923,0,1106.1623899157923
2024-07-01 02:45:00+00:00,147.78,400.0,50.0,1106.1623899157923,1106.1623899157923,1847.25,1106.1623899157923,0,1106.1623899157923
2024-07-01 03:00:00+00:00,147.78,400.0,50.0,1106.1623899157923,1106.1623899157923,1847.25,1106.1623899157923,0,1106.1623899157923
2024-07-01 03:15:00+00:00,129.67,400.0,50.0,1106.1623899157923,1106.1623899157923,1620.8749999999998,1106.1623899157923,0,1106.1623899157923
2024-07-01 03:30:00+00:00,129.67,400.0,50.0,1106.1623899157923,1106.1623899157923,1620.8749999999998,1106.1623899157923,0,1106.1623899157923
2024-07-01 03:45:00+00:00,129.67,400.0,50.0,1106.1623899157923,1106.1623899157923,1620.8749999999998,1106.1623899157923,0,1106.1623899157923
2024-07-01 04:00:00+00:00,129.67,400.0,50.0,1106.1623899157923,1106.1623899157923,1620.8749999999998,1106.1623899157923,0,1106.1623899157923
2024-07-01 04:15:00+00:00,68.91,400.0,50.0,1106.1623899157923,1106.1623899157923,861.375,861.375,1,861.375
2024-07-01 04:30:00+00:00,68.91,400.0,50.0,1106.1623899157923,1106.1623899157923,861.375,861.375,1,861.375
2024-07-01 04:45:00+00:00,68.91,400.0,50.0,1106.1623899157923,1106.1623899157923,861.375,861.375,1,861.375
2024-07-01 05:00:00+00:00,68.91,400.0,50.0,1106.1623899157923,1106.1623899157923,861.375,861.375,1,861.375
2024-07-01 05:15:00+00:00,68.91,400.0,50.0,1106.1623899157923,1106.1623899157923,861.375,861.375,1,861.375
2024-07-01 05:30:00+00:00,68.91,400.0,50.0,1106.1623899157923,1106.1623899157923,861.375,861.375,1,861.375
2024-07-01 05:45:00+00:00,68.91,400.0,50.0,1106.1623899157923,1106.1623899157923,861.375,861.375,1,861.375
2024-07-01 06:00:00+00:00,68.91,400.0,50.0,1106.1623899157923,1106.1623899157923,861.375,861.375,1,861.375
2024-07-01 06:15:00+00:00,68.91,400.0,50.0,1106.1623899157923,1106.1623899157923,861.375,861.375,1,861.375
2024-07-01 06:30:00+00:00,68.91,400.0,50.0,1106.1623899157923,1106.1623899157923,861.375,861.375,1,861.375
2024-07-01 06:45:00+00:00,68.91,400.0,50.0,1106.1623899157923,1106.1623899157923,861.375,861.375,1,861.375
2024-07-01 07:00:00+00:00,68.91,400.0,50.0,1106.1623899157923,1106.1623899157923,861.375,861.375,1,861.375
2024-07-01 07:15:00+00:00,68.91,400.0,50.0,1106.1623899157923,1106.1623899157923,861.375,861.375,1,861.375
2024-07-01 07:30:00+00:00,68.91,400.0,50.0,1106.1623899157923,1106.1623899157923,861.375,861.375,1,861.375
2024-07-01 07:45:00+00:00,68.91,400.0,50.0,1106.1623899157923,1106.1623899157923,861.375,861.375,1,861.375
2024-07-01 08:00:00+00:00,68.91,400.0,50.0,1106.1623899157923,1106.1623899157923,861.375,861.375,1,861.375
2024-07-01 08:15:00+00:00,68.91,400.0,50.0,1106.1623899157923,1106.1623899157923,861.375,861.375,1,861.375
2024-07-01 08:30:00+00:00,68.91,400.0,50.0,1106.1623899157923,1106.1623899157923,861.375,861.375,1,861.375
2024-07-01 08:45:00+00:00,68.91,400.0,50.0,1106.1623899157923,1106.1623899157923,861.375,861.375,1,861.375
2024-07-01 09:00:00+00:00,68.91,400.0,50.0,1106.1623899157923,1106.1623899157923,861.375,861.375,1,861.375
2024-07-01 09:15:00+00:00,68.91,400.0,50.0,1106.1623899157923,1106.1623899157923,861.375,861.375,1,861.375
2024-07-01 09:30:00+00:00,68.91,400.0,50.0,1106.1623899157923,1106.1623899157923,861.375,861.375,1,861.375
2024-07-01 09:45:00+00:00,68.91,400.0,50.0,1106.1623899157923,1106.1623899157923,861.375,861.375,1,861.375
2024-07-01 10:00:00+00:00,68.91,400.0,50.0,1106.1623899157923,1106.1623899157923,861.375,861.375,1,861.375
2024-07-01 10:15:00+00:00,89.49,400.0,50.0,1106.1623899157923,1106.1623899157923,1118.625,1106.1623899157923,0,1106.1623899157923
2024-07-01 10:30:00+00:00,89.49,400.0,50.0,1106.1623899157923,1106.1623899157923,1118.625,1106.1623899157923,0,1106.1623899157923
2024-07-01 10:45:00+00:00,89.49,400.0,50.0,1106.1623899157923,1106.1623899157923,1118.625,1106.1623899157923,0,1106.1623899157923
2024-07-01 11:00:00+00:00,89.49,400.0,50.0,1106.1623899157923,1106.1623899157923,1118.625,1106.1623899157923,0,1106.1623899157923
2024-07-01 11:15:00+00:00,88.64,400.0,50.0,1106.1623899157923,1106.1623899157923,1108.0,1106.1623899157923,0,1106.1623899157923
2024-07-01 11:30:00+00:00,88.64,400.0,50.0,1106.1623899157923,1106.1623899157923,1108.0,1106.1623899157923,0,1106.1623899157923
2024-07-01 11:45:00+00:00,88.64,400.0,50.0,1106.1623899157923,1106.1623899157923,1108.0,1106.1623899157923,0,1106.1623899157923
2024-07-01 12:00:00+00:00,88.64,400.0,50.0,1106.1623899157923,1106.1623899157923,1108.0,1106.1623899157923,0,1106.1623899157923
2024-07-01 12:15:00+00:00,68.91,400.0,50.0,1106.1623899157923,1106.1623899157923,861.375,861.375,1,861.375
2024-07-01 12:30:00+00:00,68.91,400.0,50.0,1106.1623899157923,1106.1623899157923,861.375,861.375,1,861.375
2024-07-01 12:45:00+00:00,68.91,400.0,50.0,1106.1623899157923,1106.1623899157923,861.375,861.375,1,861.375
2024-07-01 13:00:00+00:00,68.91,400.0,50.0,1106.1623899157923,1106.1623899157923,861.375,861.375,1,861.375
2024-07-01 13:15:00+00:00,68.91,400.0,50.0,1106.1623899157923,1106.1623899157923,861.375,861.375,1,861.375
2024-07-01 13:30:00+00:00,68.91,400.0,50.0,1106.1623899157923,1106.1623899157923,861.375,861.375,1,861.375
2024-07-01 13:45:00+00:00,68.91,400.0,50.0,1106.1623899157923,1106.1623899157923,861.375,861.375,1,861.375
2024-07-01 14:00:00+00:00,68.91,400.0,50.0,1106.1623899157923,1106.1623899157923,861.375,861.375,1,861.375
2024-07-01 14:15:00+00:00,68.91,400.0,50.0,1106.1623899157923,1106.1623899157923,861.375,861.375,1,861.375
2024-07-01 14:30:00+00:00,68.91,400.0,50.0,1106.1623899157923,1106.1623899157923,861.375,861.375,1,861.375
2024-07-01 14:45:00+00:00,68.91,400.0,50.0,1106.1623899157923,1106.1623899157923,861.375,861.375,1,861.375
2024-07-01 15:00:00+00:00,68.91,400.0,50.0,1106.1623899157923,1106.1623899157923,861.375,861.375,1,861.375
2024-07-01 15:15:00+00:00,68.91,400.0,50.0,1106.1623899157923,1106.1623899157923,861.375,861.375,1,861.375
2024-07-01 15:30:00+00:00,68.91,400.0,50.0,1106.1623899157923,1106.1623899157923,861.375,861.375,1,861.375
2024-07-01 15:45:00+00:00,68.91,400.0,50.0,1106.1623899157923,1106.1623899157923,861.375,861.375,1,861.375
2024-07-01 16:00:00+00:00,68.91,400.0,50.0,1106.1623899157923,1106.1623899157923,861.375,861.375,1,861.375
2024-07-01 16:15:00+00:00,68.91,400.0,50.0,1106.1623899157923,1106.1623899157923,861.375,861.375,1,861.375
2024-07-01 16:30:00+00:00,68.91,400.0,50.0,1106.1623899157923,1106.1623899157923,861.375,861.375,1,861.375
2024-07-01 16:45:00+00:00,68.91,400.0,50.0,1106.1623899157923,1106.1623899157923,861.375,861.375,1,861.375
2024-07-01 17:00:00+00:00,68.91,400.0,50.0,1106.1623899157923,1106.1623899157923,861.375,861.375,1,861.375
2024-07-01 17:15:00+00:00,68.91,400.0,50.0,1106.1623899157923,1106.1623899157923,861.375,861.375,1,861.375
2024-07-01 17:30:00+00:00,68.91,400.0,50.0,1106.1623899157923,1106.1623899157923,861.375,861.375,1,861.375
2024-07-01 17:45:00+00:00,1000.0,400.0,50.0,1106.1623899157923,1106.1623899157923,12500.0,1106.1623899157923,0,1106.1623899157923
2024-07-01 18:00:00+00:00,1000.0,400.0,50.0,1106.1623899157923,1106.1623899157923,12500.0,1106.1623899157923,0,1106.1623899157923
2024-07-01 18:15:00+00:00,35.65,400.0,50.0,1106.1623899157923,1106.1623899157923,445.625,445.625,1,445.625
2024-07-01 18:30:00+00:00,1000.0,400.0,50.0,1106.1623899157923,1106.1623899157923,12500.0,1106.1623899157923,0,1106.1623899157923
2024-07-01 18:45:00+00:00,1000.0,400.0,50.0,1106.1623899157923,1106.1623899157923,12500.0,1106.1623899157923,0,1106.1623899157923
2024-07-01 19:00:00+00:00,1000.0,400.0,50.0,1106.1623899157923,1106.1623899157923,12500.0,1106.1623899157923,0,1106.1623899157923
2024-07-01 19:15:00+00:00,1000.0,400.0,50.0,1106.1623899157923,1106.1623899157923,12500.0,1106.1623899157923,0,1106.1623899157923
2024-07-01 19:30:00+00:00,1000.0,400.0,50.0,1106.1623899157923,1106.1623899157923,12500.0,1106.1623899157923,0,1106.1623899157923
2024-07-01 19:45:00+00:00,1000.0,400.0,50.0,1106.1623899157923,1106.1623899157923,12500.0,1106.1623899157923,0,1106.1623899157923
2024-07-01 20:00:00+00:00,1000.0,400.0,50.0,1106.1623899157923,1106.1623899157923,12500.0,1106.1623899157923,0,1106.1623899157923
2024-07-01 20:15:00+00:00,1000.0,400.0,50.0,1106.1623899157923,1106.1623899157923,12500.0,1106.1623899157923,0,1106.1623899157923
2024-07-01 20:30:00+00:00,1000.0,400.0,50.0,1106.1623899157923,1106.1623899157923,12500.0,1106.1623899157923,0,1106.1623899157923
2024-07-01 20:45:00+00:00,1000.0,400.0,50.0,1106.1623899157923,1106.1623899157923,12500.0,1106.1623899157923,0,1106.1623899157923
2024-07-01 21:00:00+00:00,1000.0,400.0,50.0,1106.1623899157923,1106.1623899157923,12500.0,1106.1623899157923,0,1106.1623899157923
2024-07-01 21:15:00+00:00,71.89,400.0,50.0,1106.1623899157923,1106.1623899157923,898.625,898.625,1,898.625
2024-07-01 21:30:00+00:00,71.89,400.0,50.0,1106.1623899157923,1106.1623899157923,898.625,898.625,1,898.625
2024-07-01 21:45:00+00:00,71.89,400.0,50.0,1106.1623899157923,1106.1623899157923,898.625,898.625,1,898.625
2024-07-01 22:00:00+00:00,71.89,400.0,50.0,1106.1623899157923,1106.1623899157923,898.625,898.625,1,898.625
2024-07-01 22:15:00+00:00,160.13,400.0,50.0,1106.1623899157923,1106.1623899157923,2001.625,1106.1623899157923,0,1106.1623899157923
2024-07-01 22:30:00+00:00,160.13,400.0,50.0,1106.1623899157923,1106.1623899157923,2001.625,1106.1623899157923,0,1106.1623899157923
2024-07-01 22:45:00+00:00,160.13,400.0,50.0,1106.1623899157923,1106.1623899157923,2001.625,1106.1623899157923,0,1106.1623899157923
2024-07-01 23:00:00+00:00,160.13,400.0,50.0,1106.1623899157923,1106.1623899157923,2001.625,1106.1623899157923,0,1106.1623899157923
2024-07-01 23:15:00+00:00,149.51,400.0,50.0,1106.1623899157923,1106.1623899157923,1868.875,1106.1623899157923,0,1106.1623899157923
2024-07-01 23:30:00+00:00,149.51,400.0,50.0,1106.1623899157923,1106.1623899157923,1868.875,1106.1623899157923,0,1106.1623899157923
2024-07-01 23:45:00+00:00,149.51,400.0,50.0,1106.1623899157923,1106.1623899157923,1868.875,1106.1623899157923,0,1106.1623899157923
2024-07-02 00:00:00+00:00,149.51,400.0,50.0,1106.1623899157923,1106.1623899157923,1868.875,1106.1623899157923,0,1106.1623899157923
2024-07-02 00:15:00+00:00,143.84,400.0,50.0,1106.1623899157923,1106.1623899157923,1798.0,1106.1623899157923,0,1106.1623899157923
2024-07-02 00:30:00+00:00,143.84,400.0,50.0,1106.1623899157923,1106.1623899157923,1798.0,1106.1623899157923,0,1106.1623899157923
2024-07-02 00:45:00+00:00,143.84,400.0,50.0,1106.1623899157923,1106.1623899157923,1798.0,1106.1623899157923,0,1106.1623899157923
2024-07-02 01:00:00+00:00,143.84,400.0,50.0,1106.1623899157923,1106.1623899157923,1798.0,1106.1623899157923,0,1106.1623899157923
2024-07-02 01:15:00+00:00,140.99,400.0,50.0,1106.1623899157923,1106.1623899157923,1762.375,1106.1623899157923,0,1106.1623899157923
2024-07-02 01:30:00+00:00,140.99,400.0,50.0,1106.1623899157923,1106.1623899157923,1762.375,1106.1623899157923,0,1106.1623899157923
2024-07-02 01:45:00+00:00,140.99,400.0,50.0,1106.1623899157923,1106.1623899157923,1762.375,1106.1623899157923,0,1106.1623899157923
2024-07-02 02:00:00+00:00,140.99,400.0,50.0,1106.1623899157923,1106.1623899157923,1762.375,1106.1623899157923,0,1106.1623899157923
2024-07-02 02:15:00+00:00,134.33,400.0,50.0,1106.1623899157923,1106.1623899157923,1679.1250000000002,1106.1623899157923,0,1106.1623899157923
2024-07-02 02:30:00+00:00,134.33,400.0,50.0,1106.1623899157923,1106.1623899157923,1679.1250000000002,1106.1623899157923,0,1106.1623899157923
2024-07-02 02:45:00+00:00,134.33,400.0,50.0,1106.1623899157923,1106.1623899157923,1679.1250000000002,1106.1623899157923,0,1106.1623899157923
2024-07-02 03:00:00+00:00,134.33,400.0,50.0,1106.1623899157923,1106.1623899157923,1679.1250000000002,1106.1623899157923,0,1106.1623899157923
2024-07-02 03:15:00+00:00,136.33,400.0,50.0,1106.1623899157923,1106.1623899157923,1704.1250000000002,1106.1623899157923,0,1106.1623899157923
2024-07-02 03:30:00+00:00,136.33,400.0,50.0,1106.1623899157923,1106.1623899157923,1704.1250000000002,1106.1623899157923,0,1106.1623899157923
2024-07-02 03:45:00+00:00,136.33,400.0,50.0,1106.1623899157923,1106.1623899157923,1704.1250000000002,1106.1623899157923,0,1106.1623899157923
2024-07-02 04:00:00+00:00,136.33,400.0,50.0,1106.1623899157923,1106.1623899157923,1704.1250000000002,1106.1623899157923,0,1106.1623899157923
2024-07-02 04:15:00+00:00,157.84,400.0,50.0,1106.1623899157923,1106.1623899157923,1973.0,1106.1623899157923,0,1106.1623899157923
2024-07-02 04:30:00+00:00,157.84,400.0,50.0,1106.1623899157923,1106.1623899157923,1973.0,1106.1623899157923,0,1106.1623899157923
2024-07-02 04:45:00+00:00,157.84,400.0,50.0,1106.1623899157923,1106.1623899157923,1973.0,1106.1623899157923,0,1106.1623899157923
2024-07-02 05:00:00+00:00,157.84,400.0,50.0,1106.1623899157923,1106.1623899157923,1973.0,1106.1623899157923,0,1106.1623899157923
2024-07-02 05:15:00+00:00,176.05,400.0,50.0,1106.1623899157923,1106.1623899157923,2200.625,1106.1623899157923,0,1106.1623899157923
2024-07-02 05:30:00+00:00,176.05,400.0,50.0,1106.1623899157923,1106.1623899157923,2200.625,1106.1623899157923,0,1106.1623899157923
2024-07-02 05:45:00+00:00,176.05,400.0,50.0,1106.1623899157923,1106.1623899157923,2200.625,1106.1623899157923,0,1106.1623899157923
2024-07-02 06:00:00+00:00,176.05,400.0,50.0,1106.1623899157923,1106.1623899157923,2200.625,1106.1623899157923,0,1106.1623899157923
2024-07-02 06:15:00+00:00,175.05,400.0,50.0,1106.1623899157923,1106.1623899157923,2188.125,1106.1623899157923,0,1106.1623899157923
2024-07-02 06:30:00+00:00,175.05,400.0,50.0,1106.1623899157923,1106.1623899157923,2188.125,1106.1623899157923,0,1106.1623899157923
2024-07-02 06:45:00+00:00,175.05,400.0,50.0,1106.1623899157923,1106.1623899157923,2188.125,1106.1623899157923,0,1106.1623899157923
2024-07-02 07:00:00+00:00,175.05,400.0,50.0,1106.1623899157923,1106.1623899157923,2188.125,1106.1623899157923,0,1106.1623899157923
2024-07-02 07:15:00+00:00,162.67,400.0,50.0,1106.1623899157923,1106.1623899157923,2033.3749999999998,1106.1623899157923,0,1106.1623899157923
2024-07-02 07:30:00+00:00,162.67,400.0,50.0,1106.1623899157923,1106.1623899157923,2033.3749999999998,1106.1623899157923,0,1106.1623899157923
2024-07-02 07:45:00+00:00,162.67,400.0,50.0,1106.1623899157923,1106.1623899157923,2033.3749999999998,1106.1623899157923,0,1106.1623899157923
2024-07-02 08:00:00+00:00,162.67,400.0,50.0,1106.1623899157923,1106.1623899157923,2033.3749999999998,1106.1623899157923,0,1106.1623899157923
2024-07-02 08:15:00+00:00,189.77,400.0,50.0,1106.1623899157923,1106.1623899157923,2372.125,1106.1623899157923,0,1106.1623899157923
2024-07-02 08:30:00+00:00,189.77,400.0,50.0,1106.1623899157923,1106.1623899157923,2372.125,1106.1623899157923,0,1106.1623899157923
2024-07-02 08:45:00+00:00,162.59,400.0,50.0,1106.1623899157923,1106.1623899157923,2032.375,1106.1623899157923,0,1106.1623899157923
2024-07-02 09:00:00+00:00,189.77,400.0,50.0,1106.1623899157923,1106.1623899157923,2372.125,1106.1623899157923,0,1106.1623899157923
2024-07-02 09:15:00+00:00,199.77,400.0,50.0,1106.1623899157923,1106.1623899157923,2497.125,1106.1623899157923,0,1106.1623899157923
2024-07-02 09:30:00+00:00,199.77,400.0,50.0,1106.1623899157923,1106.1623899157923,2497.125,1106.1623899157923,0,1106.1623899157923
2024-07-02 09:45:00+00:00,199.77,400.0,50.0,1106.1623899157923,1106.1623899157923,2497.125,1106.1623899157923,0,1106.1623899157923
2024-07-02 10:00:00+00:00,199.77,400.0,50.0,1106.1623899157923,1106.1623899157923,2497.125,1106.1623899157923,0,1106.1623899157923
2024-07-02 10:15:00+00:00,1000.0,400.0,50.0,1106.1623899157923,1106.1623899157923,12500.0,1106.1623899157923,0,1106.1623899157923
2024-07-02 10:30:00+00:00,1000.0,400.0,50.0,1106.1623899157923,1106.1623899157923,12500.0,1106.1623899157923,0,1106.1623899157923
2024-07-02 10:45:00+00:00,1000.0,400.0,50.0,1106.1623899157923,1106.1623899157923,12500.0,1106.1623899157923,0,1106.1623899157923
2024-07-02 11:00:00+00:00,1000.0,400.0,50.0,1106.1623899157923,1106.1623899157923,12500.0,1106.1623899157923,0,1106.1623899157923
2024-07-02 11:15:00+00:00,1000.0,400.0,50.0,1106.1623899157923,1106.1623899157923,12500.0,1106.1623899157923,0,1106.1623899157923
2024-07-02 11:30:00+00:00,1000.0,400.0,50.0,1106.1623899157923,1106.1623899157923,12500.0,1106.1623899157923,0,1106.1623899157923
2024-07-02 11:45:00+00:00,1000.0,400.0,50.0,1106.1623899157923,1106.1623899157923,12500.0,1106.1623899157923,0,1106.1623899157923
2024-07-02 12:00:00+00:00,1000.0,400.0,50.0,1106.1623899157923,1106.1623899157923,12500.0,1106.1623899157923,0,1106.1623899157923
2024-07-02 12:15:00+00:00,1000.0,400.0,50.0,1106.1623899157923,1106.1623899157923,12500.0,1106.1623899157923,0,1106.1623899157923
2024-07-02 12:30:00+00:00,1000.0,400.0,50.0,1106.1623899157923,1106.1623899157923,12500.0,1106.1623899157923,0,1106.1623899157923
2024-07-02 12:45:00+00:00,1000.0,400.0,50.0,1106.1623899157923,1106.1623899157923,12500.0,1106.1623899157923,0,1106.1623899157923
2024-07-02 13:00:00+00:00,1000.0,400.0,50.0,1106.1623899157923,1106.1623899157923,12500.0,1106.1623899157923,0,1106.1623899157923
2024-07-02 13:15:00+00:00,1000.0,400.0,50.0,1106.1623899157923,1106.1623899157923,12500.0,1106.1623899157923,0,1106.1623899157923
2024-07-02 13:30:00+00:00,1000.0,400.0,50.0,1106.1623899157923,1106.1623899157923,12500.0,1106.1623899157923,0,1106.1623899157923
2024-07-02 13:45:00+00:00,1000.0,400.0,50.0,1106.1623899157923,1106.1623899157923,12500.0,1106.1623899157923,0,1106.1623899157923
2024-07-02 14:00:00+00:00,1000.0,400.0,50.0,1106.1623899157923,1106.1623899157923,12500.0,1106.1623899157923,0,1106.1623899157923
2024-07-02 14:15:00+00:00,1000.0,400.0,50.0,1106.1623899157923,1106.1623899157923,12500.0,1106.1623899157923,0,1106.1623899157923
2024-07-02 14:30:00+00:00,1000.0,400.0,50.0,1106.1623899157923,1106.1623899157923,12500.0,1106.1623899157923,0,1106.1623899157923
2024-07-02 14:45:00+00:00,1000.0,400.0,50.0,1106.1623899157923,1106.1623899157923,12500.0,1106.1623899157923,0,1106.1623899157923
2024-07-02 15:00:00+00:00,1000.0,400.0,50.0,1106.1623899157923,1106.1623899157923,12500.0,1106.1623899157923,0,1106.1623899157923
2024-07-02 15:15:00+00:00,1000.0,400.0,50.0,1106.1623899157923,1106.1623899157923,12500.0,1106.1623899157923,0,1106.1623899157923
2024-07-02 15:30:00+00:00,1000.0,400.0,50.0,1106.1623899157923,1106.1623899157923,12500.0,1106.1623899157923,0,1106.1623899157923
2024-07-02 15:45:00+00:00,1000.0,400.0,50.0,1106.1623899157923,1106.1623899157923,12500.0,1106.1623899157923,0,1106.1623899157923
2024-07-02 16:00:00+00:00,1000.0,400.0,50.0,1106.1623899157923,1106.1623899157923,12500.0,1106.1623899157923,0,1106.1623899157923
2024-07-02 16:15:00+00:00,1000.0,400.0,50.0,1106.1623899157923,1106.1623899157923,12500.0,1106.1623899157923,0,1106.1623899157923
2024-07-02 16:30:00+00:00,161.4,400.0,50.0,1106.1623899157923,1106.1623899157923,2017.5,1106.1623899157923,0,1106.1623899157923
2024-07-02 16:45:00+00:00,161.4,400.0,50.0,1106.1623899157923,1106.1623899157923,2017.5,1106.1623899157923,0,1106.1623899157923
2024-07-02 17:00:00+00:00,161.4,400.0,50.0,1106.1623899157923,1106.1623899157923,2017.5,1106.1623899157923,0,1106.1623899157923
2024-07-02 17:15:00+00:00,217.16,400.0,50.0,1106.1623899157923,1106.1623899157923,2714.5,1106.1623899157923,0,1106.1623899157923
2024-07-02 17:30:00+00:00,68.89,400.0,50.0,1106.1623899157923,1106.1623899157923,861.125,861.125,1,861.125
2024-07-02 17:45:00+00:00,68.89,400.0,50.0,1106.1623899157923,1106.1623899157923,861.125,861.125,1,861.125
2024-07-02 18:00:00+00:00,68.89,400.0,50.0,1106.1623899157923,1106.1623899157923,861.125,861.125,1,861.125
2024-07-02 18:15:00+00:00,68.89,400.0,50.0,1106.1623899157923,1106.1623899157923,861.125,861.125,1,861.125
2024-07-02 18:30:00+00:00,14.57,400.0,50.0,1106.1623899157923,1106.1623899157923,182.125,182.125,1,182.125
2024-07-02 18:45:00+00:00,285.92,400.0,50.0,1106.1623899157923,1106.1623899157923,3574.0,1106.1623899157923,0,1106.1623899157923
2024-07-02 19:00:00+00:00,285.92,400.0,50.0,1106.1623899157923,1106.1623899157923,3574.0,1106.1623899157923,0,1106.1623899157923
2024-07-02 19:15:00+00:00,264.54,400.0,50.0,1106.1623899157923,1106.1623899157923,3306.7500000000005,1106.1623899157923,0,1106.1623899157923
2024-07-02 19:30:00+00:00,264.54,400.0,50.0,1106.1623899157923,1106.1623899157923,3306.7500000000005,1106.1623899157923,0,1106.1623899157923
2024-07-02 19:45:00+00:00,264.54,400.0,50.0,1106.1623899157923,1106.1623899157923,3306.7500000000005,1106.1623899157923,0,1106.1623899157923
2024-07-02 20:00:00+00:00,264.54,400.0,50.0,1106.1623899157923,1106.1623899157923,3306.7500000000005,1106.1623899157923,0,1106.1623899157923
2024-07-02 20:15:00+00:00,192.35,400.0,50.0,1106.1623899157923,1106.1623899157923,2404.375,1106.1623899157923,0,1106.1623899157923
2024-07-02 20:30:00+00:00,192.35,400.0,50.0,1106.1623899157923,1106.1623899157923,2404.375,1106.1623899157923,0,1106.1623899157923
2024-07-02 20:45:00+00:00,192.35,400.0,50.0,1106.1623899157923,1106.1623899157923,2404.375,1106.1623899157923,0,1106.1623899157923
2024-07-02 21:00:00+00:00,192.35,400.0,50.0,1106.1623899157923,1106.1623899157923,2404.375,1106.1623899157923,0,1106.1623899157923
2024-07-02 21:15:00+00:00,156.51,400.0,50.0,1106.1623899157923,1106.1623899157923,1956.375,1106.1623899157923,0,1106.1623899157923
2024-07-02 21:30:00+00:00,156.51,400.0,50.0,1106.1623899157923,1106.1623899157923,1956.375,1106.1623899157923,0,1106.1623899157923
2024-07-02 21:45:00+00:00,156.51,400.0,50.0,1106.1623899157923,1106.1623899157923,1956.375,1106.1623899157923,0,1106.1623899157923
2024-07-02 22:00:00+00:00,156.51,400.0,50.0,1106.1623899157923,1106.1623899157923,1956.375,1106.1623899157923,0,1106.1623899157923
2024-07-02 22:15:00+00:00,41.62,400.0,50.0,1106.1623899157923,1106.1623899157923,520.25,520.25,1,520.25
2024-07-02 22:30:00+00:00,59.4,400.0,50.0,1106.1623899157923,1106.1623899157923,742.5,742.5,1,742.5
2024-07-02 22:45:00+00:00,59.4,400.0,50.0,1106.1623899157923,1106.1623899157923,742.5,742.5,1,742.5
2024-07-02 23:00:00+00:00,59.4,400.0,50.0,1106.1623899157923,1106.1623899157923,742.5,742.5,1,742.5
2024-07-02 23:15:00+00:00,165.4,400.0,50.0,1106.1623899157923,1106.1623899157923,2067.5,1106.1623899157923,0,1106.1623899157923
2024-07-02 23:30:00+00:00,114.75,400.0,50.0,1106.1623899157923,1106.1623899157923,1434.375,1106.1623899157923,0,1106.1623899157923
2024-07-02 23:45:00+00:00,114.75,400.0,50.0,1106.1623899157923,1106.1623899157923,1434.375,1106.1623899157923,0,1106.1623899157923
2024-07-03 00:00:00+00:00,114.75,400.0,50.0,1106.1623899157923,1106.1623899157923,1434.375,1106.1623899157923,0,1106.1623899157923
2024-07-03 00:15:00+00:00,100.58,400.0,50.0,1106.1623899157923,1106.1623899157923,1257.25,1106.1623899157923,0,1106.1623899157923
2024-07-03 00:30:00+00:00,100.58,400.0,50.0,1106.1623899157923,1106.1623899157923,1257.25,1106.1623899157923,0,1106.1623899157923
2024-07-03 00:45:00+00:00,100.58,400.0,50.0,1106.1623899157923,1106.1623899157923,1257.25,1106.1623899157923,0,1106.1623899157923
2024-07-03 01:00:00+00:00,101.56,400.0,50.0,1106.1623899157923,1106.1623899157923,1269.5,1106.1623899157923,0,1106.1623899157923
2024-07-03 01:15:00+00:00,106.16,400.0,50.0,1106.1623899157923,1106.1623899157923,1327.0,1106.1623899157923,0,1106.1623899157923
2024-07-03 01:30:00+00:00,41.62,400.0,50.0,1106.1623899157923,1106.1623899157923,520.25,520.25,1,520.25
2024-07-03 01:45:00+00:00,41.62,400.0,50.0,1106.1623899157923,1106.1623899157923,520.25,520.25,1,520.25
2024-07-03 02:00:00+00:00,106.16,400.0,50.0,1106.1623899157923,1106.1623899157923,1327.0,1106.1623899157923,0,1106.1623899157923
2024-07-03 02:15:00+00:00,122.75,400.0,50.0,1106.1623899157923,1106.1623899157923,1534.375,1106.1623899157923,0,1106.1623899157923
2024-07-03 02:30:00+00:00,107.56,400.0,50.0,1106.1623899157923,1106.1623899157923,1344.5,1106.1623899157923,0,1106.1623899157923
2024-07-03 02:45:00+00:00,122.75,400.0,50.0,1106.1623899157923,1106.1623899157923,1534.375,1106.1623899157923,0,1106.1623899157923
2024-07-03 03:00:00+00:00,107.56,400.0,50.0,1106.1623899157923,1106.1623899157923,1344.5,1106.1623899157923,0,1106.1623899157923
2024-07-03 03:15:00+00:00,108.75,400.0,50.0,1106.1623899157923,1106.1623899157923,1359.375,1106.1623899157923,0,1106.1623899157923
2024-07-03 03:30:00+00:00,108.75,400.0,50.0,1106.1623899157923,1106.1623899157923,1359.375,1106.1623899157923,0,1106.1623899157923
2024-07-03 03:45:00+00:00,108.75,400.0,50.0,1106.1623899157923,1106.1623899157923,1359.375,1106.1623899157923,0,1106.1623899157923
2024-07-03 04:00:00+00:00,159.4,400.0,50.0,1106.1623899157923,1106.1623899157923,1992.5,1106.1623899157923,0,1106.1623899157923
2024-07-03 04:15:00+00:00,118.93,400.0,50.0,1106.1623899157923,1106.1623899157923,1486.625,1106.1623899157923,0,1106.1623899157923
2024-07-03 04:30:00+00:00,98.93,400.0,50.0,1106.1623899157923,1106.1623899157923,1236.625,1106.1623899157923,0,1106.1623899157923
2024-07-03 04:45:00+00:00,98.93,400.0,50.0,1106.1623899157923,1106.1623899157923,1236.625,1106.1623899157923,0,1106.1623899157923
2024-07-03 05:00:00+00:00,1000.0,400.0,50.0,1106.1623899157923,1106.1623899157923,12500.0,1106.1623899157923,0,1106.1623899157923
2024-07-03 05:15:00+00:00,125.62,400.0,50.0,1106.1623899157923,1106.1623899157923,1570.25,1106.1623899157923,0,1106.1623899157923
2024-07-03 05:30:00+00:00,85.3,400.0,50.0,1106.1623899157923,1106.1623899157923,1066.25,1066.25,1,1066.25
2024-07-03 05:45:00+00:00,85.3,400.0,50.0,1106.1623899157923,1106.1623899157923,1066.25,1066.25,1,1066.25
2024-07-03 06:00:00+00:00,85.3,400.0,50.0,1106.1623899157923,1106.1623899157923,1066.25,1066.25,1,1066.25
2024-07-03 06:15:00+00:00,79.4,400.0,50.0,1106.1623899157923,1106.1623899157923,992.5000000000001,992.5000000000001,1,992.5000000000001
2024-07-03 06:30:00+00:00,79.4,400.0,50.0,1106.1623899157923,1106.1623899157923,992.5000000000001,992.5000000000001,1,992.5000000000001
2024-07-03 06:45:00+00:00,79.4,400.0,50.0,1106.1623899157923,1106.1623899157923,992.5000000000001,992.5000000000001,1,992.5000000000001
2024-07-03 07:00:00+00:00,1000.0,400.0,50.0,1106.1623899157923,1106.1623899157923,12500.0,1106.1623899157923,0,1106.1623899157923
2024-07-03 07:15:00+00:00,1000.0,400.0,50.0,1106.1623899157923,1106.1623899157923,12500.0,1106.1623899157923,0,1106.1623899157923
2024-07-03 07:30:00+00:00,129.73,400.0,50.0,1106.1623899157923,1106.1623899157923,1621.6249999999998,1106.1623899157923,0,1106.1623899157923
2024-07-03 07:45:00+00:00,129.73,400.0,50.0,1106.1623899157923,1106.1623899157923,1621.6249999999998,1106.1623899157923,0,1106.1623899157923
2024-07-03 08:00:00+00:00,129.73,400.0,50.0,1106.1623899157923,1106.1623899157923,1621.6249999999998,1106.1623899157923,0,1106.1623899157923
2024-07-03 08:15:00+00:00,199.4,400.0,50.0,1106.1623899157923,1106.1623899157923,2492.5,1106.1623899157923,0,1106.1623899157923
2024-07-03 08:30:00+00:00,199.4,400.0,50.0,1106.1623899157923,1106.1623899157923,2492.5,1106.1623899157923,0,1106.1623899157923
2024-07-03 08:45:00+00:00,132.58,400.0,50.0,1106.1623899157923,1106.1623899157923,1657.2500000000002,1106.1623899157923,0,1106.1623899157923
2024-07-03 09:00:00+00:00,199.4,400.0,50.0,1106.1623899157923,1106.1623899157923,2492.5,1106.1623899157923,0,1106.1623899157923
2024-07-03 09:15:00+00:00,204.4,400.0,50.0,1106.1623899157923,1106.1623899157923,2555.0,1106.1623899157923,0,1106.1623899157923
2024-07-03 09:30:00+00:00,204.4,400.0,50.0,1106.1623899157923,1106.1623899157923,2555.0,1106.1623899157923,0,1106.1623899157923
2024-07-03 09:45:00+00:00,204.4,400.0,50.0,1106.1623899157923,1106.1623899157923,2555.0,1106.1623899157923,0,1106.1623899157923
2024-07-03 10:00:00+00:00,204.4,400.0,50.0,1106.1623899157923,1106.1623899157923,2555.0,1106.1623899157923,0,1106.1623899157923
2024-07-03 10:15:00+00:00,218.85,400.0,50.0,1106.1623899157923,1106.1623899157923,2735.625,1106.1623899157923,0,1106.1623899157923
2024-07-03 10:30:00+00:00,218.85,400.0,50.0,1106.1623899157923,1106.1623899157923,2735.625,1106.1623899157923,0,1106.1623899157923
2024-07-03 10:45:00+00:00,218.85,400.0,50.0,1106.1623899157923,1106.1623899157923,2735.625,1106.1623899157923,0,1106.1623899157923
2024-07-03 11:00:00+00:00,218.85,400.0,50.0,1106.1623899157923,1106.1623899157923,2735.625,1106.1623899157923,0,1106.1623899157923
2024-07-03 11:15:00+00:00,211.69,400.0,50.0,1106.1623899157923,1106.1623899157923,2646.125,1106.1623899157923,0,1106.1623899157923
2024-07-03 11:30:00+00:00,211.69,400.0,50.0,1106.1623899157923,1106.1623899157923,2646.125,1106.1623899157923,0,1106.1623899157923
2024-07-03 11:45:00+00:00,211.69,400.0,50.0,1106.1623899157923,1106.1623899157923,2646.125,1106.1623899157923,0,1106.1623899157923
2024-07-03 12:00:00+00:00,211.69,400.0,50.0,1106.1623899157923,1106.1623899157923,2646.125,1106.1623899157923,0,1106.1623899157923
2024-07-03 12:15:00+00:00,187.4,400.0,50.0,1106.1623899157923,1106.1623899157923,2342.5,1106.1623899157923,0,1106.1623899157923
2024-07-03 12:30:00+00:00,187.4,400.0,50.0,1106.1623899157923,1106.1623899157923,2342.5,1106.1623899157923,0,1106.1623899157923
2024-07-03 12:45:00+00:00,187.4,400.0,50.0,1106.1623899157923,1106.1623899157923,2342.5,1106.1623899157923,0,1106.1623899157923
2024-07-03 13:00:00+00:00,187.4,400.0,50.0,1106.1623899157923,1106.1623899157923,2342.5,1106.1623899157923,0,1106.1623899157923
2024-07-03 13:15:00+00:00,59.75,400.0,50.0,1106.1623899157923,1106.1623899157923,746.875,746.875,1,746.875
2024-07-03 13:30:00+00:00,110.4,400.0,50.0,1106.1623899157923,1106.1623899157923,1380.0,1106.1623899157923,0,1106.1623899157923
2024-07-03 13:45:00+00:00,59.75,400.0,50.0,1106.1623899157923,1106.1623899157923,746.875,746.875,1,746.875
2024-07-03 14:00:00+00:00,110.4,400.0,50.0,1106.1623899157923,1106.1623899157923,1380.0,1106.1623899157923,0,1106.1623899157923
2024-07-03 14:15:00+00:00,120.51,400.0,50.0,1106.1623899157923,1106.1623899157923,1506.375,1106.1623899157923,0,1106.1623899157923
2024-07-03 14:30:00+00:00,87.1,400.0,50.0,1106.1623899157923,1106.1623899157923,1088.75,1088.75,1,1088.75
2024-07-03 14:45:00+00:00,87.1,400.0,50.0,1106.1623899157923,1106.1623899157923,1088.75,1088.75,1,1088.75
2024-07-03 15:00:00+00:00,87.1,400.0,50.0,1106.1623899157923,1106.1623899157923,1088.75,1088.75,1,1088.75
2024-07-03 15:15:00+00:00,68.89,400.0,50.0,1106.1623899157923,1106.1623899157923,861.125,861.125,1,861.125
2024-07-03 15:30:00+00:00,124.46,400.0,50.0,1106.1623899157923,1106.1623899157923,1555.75,1106.1623899157923,0,1106.1623899157923
2024-07-03 15:45:00+00:00,68.89,400.0,50.0,1106.1623899157923,1106.1623899157923,861.125,861.125,1,861.125
2024-07-03 16:00:00+00:00,68.89,400.0,50.0,1106.1623899157923,1106.1623899157923,861.125,861.125,1,861.125
2024-07-03 16:15:00+00:00,144.99,400.0,50.0,1106.1623899157923,1106.1623899157923,1812.375,1106.1623899157923,0,1106.1623899157923
2024-07-03 16:30:00+00:00,144.99,400.0,50.0,1106.1623899157923,1106.1623899157923,1812.375,1106.1623899157923,0,1106.1623899157923
2024-07-03 16:45:00+00:00,68.89,400.0,50.0,1106.1623899157923,1106.1623899157923,861.125,861.125,1,861.125
2024-07-03 17:00:00+00:00,68.89,400.0,50.0,1106.1623899157923,1106.1623899157923,861.125,861.125,1,861.125
2024-07-03 17:15:00+00:00,68.89,400.0,50.0,1106.1623899157923,1106.1623899157923,861.125,861.125,1,861.125
2024-07-03 17:30:00+00:00,41.62,400.0,50.0,1106.1623899157923,1106.1623899157923,520.25,520.25,1,520.25
2024-07-03 17:45:00+00:00,41.62,400.0,50.0,1106.1623899157923,1106.1623899157923,520.25,520.25,1,520.25
2024-07-03 18:00:00+00:00,41.62,400.0,50.0,1106.1623899157923,1106.1623899157923,520.25,520.25,1,520.25
2024-07-03 18:15:00+00:00,14.46,400.0,50.0,1106.1623899157923,1106.1623899157923,180.75,180.75,1,180.75
2024-07-03 18:30:00+00:00,14.46,400.0,50.0,1106.1623899157923,1106.1623899157923,180.75,180.75,1,180.75
2024-07-03 18:45:00+00:00,14.46,400.0,50.0,1106.1623899157923,1106.1623899157923,180.75,180.75,1,180.75
2024-07-03 19:00:00+00:00,14.46,400.0,50.0,1106.1623899157923,1106.1623899157923,180.75,180.75,1,180.75
2024-07-03 19:15:00+00:00,41.62,400.0,50.0,1106.1623899157923,1106.1623899157923,520.25,520.25,1,520.25
2024-07-03 19:30:00+00:00,41.62,400.0,50.0,1106.1623899157923,1106.1623899157923,520.25,520.25,1,520.25
2024-07-03 19:45:00+00:00,68.89,400.0,50.0,1106.1623899157923,1106.1623899157923,861.125,861.125,1,861.125
2024-07-03 20:00:00+00:00,222.83,400.0,50.0,1106.1623899157923,1106.1623899157923,2785.375,1106.1623899157923,0,1106.1623899157923
2024-07-03 20:15:00+00:00,189.28,400.0,50.0,1106.1623899157923,1106.1623899157923,2366.0,1106.1623899157923,0,1106.1623899157923
2024-07-03 20:30:00+00:00,41.62,400.0,50.0,1106.1623899157923,1106.1623899157923,520.25,520.25,1,520.25
2024-07-03 20:45:00+00:00,41.62,400.0,50.0,1106.1623899157923,1106.1623899157923,520.25,520.25,1,520.25
2024-07-03 21:00:00+00:00,186.8,400.0,50.0,1106.1623899157923,1106.1623899157923,2335.0,1106.1623899157923,0,1106.1623899157923
2024-07-03 21:15:00+00:00,139.92,400.0,50.0,1106.1623899157923,1106.1623899157923,1748.9999999999998,1106.1623899157923,0,1106.1623899157923
2024-07-03 21:30:00+00:00,119.92,400.0,50.0,1106.1623899157923,1106.1623899157923,1499.0,1106.1623899157923,0,1106.1623899157923
2024-07-03 21:45:00+00:00,41.62,400.0,50.0,1106.1623899157923,1106.1623899157923,520.25,520.25,1,520.25
2024-07-03 22:00:00+00:00,41.62,400.0,50.0,1106.1623899157923,1106.1623899157923,520.25,520.25,1,520.25
2024-07-03 22:15:00+00:00,101.12,400.0,50.0,1106.1623899157923,1106.1623899157923,1264.0,1106.1623899157923,0,1106.1623899157923
2024-07-03 22:30:00+00:00,101.12,400.0,50.0,1106.1623899157923,1106.1623899157923,1264.0,1106.1623899157923,0,1106.1623899157923
2024-07-03 22:45:00+00:00,101.12,400.0,50.0,1106.1623899157923,1106.1623899157923,1264.0,1106.1623899157923,0,1106.1623899157923
2024-07-03 23:00:00+00:00,101.12,400.0,50.0,1106.1623899157923,1106.1623899157923,1264.0,1106.1623899157923,0,1106.1623899157923
2024-07-03 23:15:00+00:00,112.4,400.0,50.0,1106.1623899157923,1106.1623899157923,1405.0,1106.1623899157923,0,1106.1623899157923
2024-07-03 23:30:00+00:00,112.4,400.0,50.0,1106.1623899157923,1106.1623899157923,1405.0,1106.1623899157923,0,1106.1623899157923
2024-07-03 23:45:00+00:00,101.76,400.0,50.0,1106.1623899157923,1106.1623899157923,1272.0,1106.1623899157923,0,1106.1623899157923
2024-07-04 00:00:00+00:00,101.76,400.0,50.0,1106.1623899157923,1106.1623899157923,1272.0,1106.1623899157923,0,1106.1623899157923
2024-07-04 00:15:00+00:00,132.07,400.0,50.0,1106.1623899157923,1106.1623899157923,1650.875,1106.1623899157923,0,1106.1623899157923
2024-07-04 00:30:00+00:00,132.07,400.0,50.0,1106.1623899157923,1106.1623899157923,1650.875,1106.1623899157923,0,1106.1623899157923
2024-07-04 00:45:00+00:00,132.07,400.0,50.0,1106.1623899157923,1106.1623899157923,1650.875,1106.1623899157923,0,1106.1623899157923
2024-07-04 01:00:00+00:00,132.07,400.0,50.0,1106.1623899157923,1106.1623899157923,1650.875,1106.1623899157923,0,1106.1623899157923
2024-07-04 01:15:00+00:00,137.76,400.0,50.0,1106.1623899157923,1106.1623899157923,1722.0,1106.1623899157923,0,1106.1623899157923
2024-07-04 01:30:00+00:00,148.4,400.0,50.0,1106.1623899157923,1106.1623899157923,1855.0,1106.1623899157923,0,1106.1623899157923
2024-07-04 01:45:00+00:00,148.4,400.0,50.0,1106.1623899157923,1106.1623899157923,1855.0,1106.1623899157923,0,1106.1623899157923
2024-07-04 02:00:00+00:00,148.4,400.0,50.0,1106.1623899157923,1106.1623899157923,1855.0,1106.1623899157923,0,1106.1623899157923
2024-07-04 02:15:00+00:00,144.4,400.0,50.0,1106.1623899157923,1106.1623899157923,1805.0,1106.1623899157923,0,1106.1623899157923
2024-07-04 02:30:00+00:00,144.4,400.0,50.0,1106.1623899157923,1106.1623899157923,1805.0,1106.1623899157923,0,1106.1623899157923
2024-07-04 02:45:00+00:00,133.76,400.0,50.0,1106.1623899157923,1106.1623899157923,1672.0,1106.1623899157923,0,1106.1623899157923
2024-07-04 03:00:00+00:00,152.36,400.0,50.0,1106.1623899157923,1106.1623899157923,1904.5000000000002,1106.1623899157923,0,1106.1623899157923
2024-07-04 03:15:00+00:00,173.33,400.0,50.0,1106.1623899157923,1106.1623899157923,2166.625,1106.1623899157923,0,1106.1623899157923
2024-07-04 03:30:00+00:00,173.33,400.0,50.0,1106.1623899157923,1106.1623899157923,2166.625,1106.1623899157923,0,1106.1623899157923
2024-07-04 03:45:00+00:00,173.33,400.0,50.0,1106.1623899157923,1106.1623899157923,2166.625,1106.1623899157923,0,1106.1623899157923
2024-07-04 04:00:00+00:00,173.33,400.0,50.0,1106.1623899157923,1106.1623899157923,2166.625,1106.1623899157923,0,1106.1623899157923
2024-07-04 04:15:00+00:00,107.07,400.0,50.0,1106.1623899157923,1106.1623899157923,1338.375,1106.1623899157923,0,1106.1623899157923
2024-07-04 04:30:00+00:00,107.07,400.0,50.0,1106.1623899157923,1106.1623899157923,1338.375,1106.1623899157923,0,1106.1623899157923
2024-07-04 04:45:00+00:00,70.89,400.0,50.0,1106.1623899157923,1106.1623899157923,886.125,886.125,1,886.125
2024-07-04 05:00:00+00:00,107.07,400.0,50.0,1106.1623899157923,1106.1623899157923,1338.375,1106.1623899157923,0,1106.1623899157923
2024-07-04 05:15:00+00:00,103.36,400.0,50.0,1106.1623899157923,1106.1623899157923,1292.0,1106.1623899157923,0,1106.1623899157923
2024-07-04 05:30:00+00:00,120.94,400.0,50.0,1106.1623899157923,1106.1623899157923,1511.75,1106.1623899157923,0,1106.1623899157923
2024-07-04 05:45:00+00:00,120.94,400.0,50.0,1106.1623899157923,1106.1623899157923,1511.75,1106.1623899157923,0,1106.1623899157923
2024-07-04 06:00:00+00:00,120.94,400.0,50.0,1106.1623899157923,1106.1623899157923,1511.75,1106.1623899157923,0,1106.1623899157923
2024-07-04 06:15:00+00:00,34.8,400.0,50.0,1106.1623899157923,1106.1623899157923,434.99999999999994,434.99999999999994,1,434.99999999999994
2024-07-04 06:30:00+00:00,34.8,400.0,50.0,1106.1623899157923,1106.1623899157923,434.99999999999994,434.99999999999994,1,434.99999999999994
2024-07-04 06:45:00+00:00,34.8,400.0,50.0,1106.1623899157923,1106.1623899157923,434.99999999999994,434.99999999999994,1,434.99999999999994
2024-07-04 07:00:00+00:00,131.59,400.0,50.0,1106.1623899157923,1106.1623899157923,1644.875,1106.1623899157923,0,1106.1623899157923
2024-07-04 07:15:00+00:00,119.53,400.0,50.0,1106.1623899157923,1106.1623899157923,1494.125,1106.1623899157923,0,1106.1623899157923
2024-07-04 07:30:00+00:00,227.75,400.0,50.0,1106.1623899157923,1106.1623899157923,2846.875,1106.1623899157923,0,1106.1623899157923
2024-07-04 07:45:00+00:00,227.75,400.0,50.0,1106.1623899157923,1106.1623899157923,2846.875,1106.1623899157923,0,1106.1623899157923
2024-07-04 08:00:00+00:00,227.75,400.0,50.0,1106.1623899157923,1106.1623899157923,2846.875,1106.1623899157923,0,1106.1623899157923
2024-07-04 08:15:00+00:00,304.16,400.0,50.0,1106.1623899157923,1106.1623899157923,3802.0000000000005,1106.1623899157923,0,1106.1623899157923
2024-07-04 08:30:00+00:00,304.16,400.0,50.0,1106.1623899157923,1106.1623899157923,3802.0000000000005,1106.1623899157923,0,1106.1623899157923
2024-07-04 08:45:00+00:00,304.16,400.0,50.0,1106.1623899157923,1106.1623899157923,3802.0000000000005,1106.1623899157923,0,1106.1623899157923
2024-07-04 09:00:00+00:00,304.16,400.0,50.0,1106.1623899157923,1106.1623899157923,3802.0000000000005,1106.1623899157923,0,1106.1623899157923
2024-07-04 09:15:00+00:00,260.16,400.0,50.0,1106.1623899157923,1106.1623899157923,3252.0000000000005,1106.1623899157923,0,1106.1623899157923
2024-07-04 09:30:00+00:00,260.16,400.0,50.0,1106.1623899157923,1106.1623899157923,3252.0000000000005,1106.1623899157923,0,1106.1623899157923
2024-07-04 09:45:00+00:00,260.16,400.0,50.0,1106.1623899157923,1106.1623899157923,3252.0000000000005,1106.1623899157923,0,1106.1623899157923
2024-07-04 10:00:00+00:00,260.16,400.0,50.0,1106.1623899157923,1106.1623899157923,3252.0000000000005,1106.1623899157923,0,1106.1623899157923
2024-07-04 10:15:00+00:00,275.15,400.0,50.0,1106.1623899157923,1106.1623899157923,3439.3749999999995,1106.1623899157923,0,1106.1623899157923
2024-07-04 10:30:00+00:00,275.15,400.0,50.0,1106.1623899157923,1106.1623899157923,3439.3749999999995,1106.1623899157923,0,1106.1623899157923
2024-07-04 10:45:00+00:00,275.15,400.0,50.0,1106.1623899157923,1106.1623899157923,3439.3749999999995,1106.1623899157923,0,1106.1623899157923
2024-07-04 11:00:00+00:00,275.15,400.0,50.0,1106.1623899157923,1106.1623899157923,3439.3749999999995,1106.1623899157923,0,1106.1623899157923
2024-07-04 11:15:00+00:00,273.39,400.0,50.0,1106.1623899157923,1106.1623899157923,3417.375,1106.1623899157923,0,1106.1623899157923
2024-07-04 11:30:00+00:00,273.4,400.0,50.0,1106.1623899157923,1106.1623899157923,3417.4999999999995,1106.1623899157923,0,1106.1623899157923
2024-07-04 11:45:00+00:00,273.4,400.0,50.0,1106.1623899157923,1106.1623899157923,3417.4999999999995,1106.1623899157923,0,1106.1623899157923
2024-07-04 12:00:00+00:00,273.4,400.0,50.0,1106.1623899157923,1106.1623899157923,3417.4999999999995,1106.1623899157923,0,1106.1623899157923
2024-07-04 12:15:00+00:00,278.17,400.0,50.0,1106.1623899157923,1106.1623899157923,3477.125,1106.1623899157923,0,1106.1623899157923
2024-07-04 12:30:00+00:00,278.17,400.0,50.0,1106.1623899157923,1106.1623899157923,3477.125,1106.1623899157923,0,1106.1623899157923
2024-07-04 12:45:00+00:00,278.17,400.0,50.0,1106.1623899157923,1106.1623899157923,3477.125,1106.1623899157923,0,1106.1623899157923
2024-07-04 13:00:00+00:00,278.17,400.0,50.0,1106.1623899157923,1106.1623899157923,3477.125,1106.1623899157923,0,1106.1623899157923
2024-07-04 13:15:00+00:00,312.17,400.0,50.0,1106.1623899157923,1106.1623899157923,3902.125,1106.1623899157923,0,1106.1623899157923
2024-07-04 13:30:00+00:00,312.17,400.0,50.0,1106.1623899157923,1106.1623899157923,3902.125,1106.1623899157923,0,1106.1623899157923
2024-07-04 13:45:00+00:00,312.17,400.0,50.0,1106.1623899157923,1106.1623899157923,3902.125,1106.1623899157923,0,1106.1623899157923
2024-07-04 14:00:00+00:00,312.17,400.0,50.0,1106.1623899157923,1106.1623899157923,3902.125,1106.1623899157923,0,1106.1623899157923
2024-07-04 14:15:00+00:00,256.56,400.0,50.0,1106.1623899157923,1106.1623899157923,3207.0,1106.1623899157923,0,1106.1623899157923
2024-07-04 14:30:00+00:00,256.56,400.0,50.0,1106.1623899157923,1106.1623899157923,3207.0,1106.1623899157923,0,1106.1623899157923
2024-07-04 14:45:00+00:00,256.55,400.0,50.0,1106.1623899157923,1106.1623899157923,3206.875,1106.1623899157923,0,1106.1623899157923
2024-07-04 15:00:00+00:00,256.55,400.0,50.0,1106.1623899157923,1106.1623899157923,3206.875,1106.1623899157923,0,1106.1623899157923
2024-07-04 15:15:00+00:00,218.95,400.0,50.0,1106.1623899157923,1106.1623899157923,2736.875,1106.1623899157923,0,1106.1623899157923
2024-07-04 15:30:00+00:00,218.95,400.0,50.0,1106.1623899157923,1106.1623899157923,2736.875,1106.1623899157923,0,1106.1623899157923
2024-07-04 15:45:00+00:00,218.95,400.0,50.0,1106.1623899157923,1106.1623899157923,2736.875,1106.1623899157923,0,1106.1623899157923
2024-07-04 16:00:00+00:00,218.95,400.0,50.0,1106.1623899157923,1106.1623899157923,2736.875,1106.1623899157923,0,1106.1623899157923
2024-07-04 16:15:00+00:00,101.45,400.0,50.0,1106.1623899157923,1106.1623899157923,1268.125,1106.1623899157923,0,1106.1623899157923
2024-07-04 16:30:00+00:00,101.45,400.0,50.0,1106.1623899157923,1106.1623899157923,1268.125,1106.1623899157923,0,1106.1623899157923
2024-07-04 16:45:00+00:00,34.8,400.0,50.0,1106.1623899157923,1106.1623899157923,434.99999999999994,434.99999999999994,1,434.99999999999994
2024-07-04 17:00:00+00:00,34.8,400.0,50.0,1106.1623899157923,1106.1623899157923,434.99999999999994,434.99999999999994,1,434.99999999999994
2024-07-04 17:15:00+00:00,34.8,400.0,50.0,1106.1623899157923,1106.1623899157923,434.99999999999994,434.99999999999994,1,434.99999999999994
2024-07-04 17:30:00+00:00,34.8,400.0,50.0,1106.1623899157923,1106.1623899157923,434.99999999999994,434.99999999999994,1,434.99999999999994
2024-07-04 17:45:00+00:00,34.8,400.0,50.0,1106.1623899157923,1106.1623899157923,434.99999999999994,434.99999999999994,1,434.99999999999994
2024-07-04 18:00:00+00:00,34.8,400.0,50.0,1106.1623899157923,1106.1623899157923,434.99999999999994,434.99999999999994,1,434.99999999999994
2024-07-04 18:15:00+00:00,34.8,400.0,50.0,1106.1623899157923,1106.1623899157923,434.99999999999994,434.99999999999994,1,434.99999999999994
2024-07-04 18:30:00+00:00,34.8,400.0,50.0,1106.1623899157923,1106.1623899157923,434.99999999999994,434.99999999999994,1,434.99999999999994
2024-07-04 18:45:00+00:00,14.47,400.0,50.0,1106.1623899157923,1106.1623899157923,180.875,180.875,1,180.875
2024-07-04 19:00:00+00:00,14.46,400.0,50.0,1106.1623899157923,1106.1623899157923,180.75,180.75,1,180.75
2024-07-04 19:15:00+00:00,34.8,400.0,50.0,1106.1623899157923,1106.1623899157923,434.99999999999994,434.99999999999994,1,434.99999999999994
2024-07-04 19:30:00+00:00,34.8,400.0,50.0,1106.1623899157923,1106.1623899157923,434.99999999999994,434.99999999999994,1,434.99999999999994
2024-07-04 19:45:00+00:00,70.89,400.0,50.0,1106.1623899157923,1106.1623899157923,886.125,886.125,1,886.125
2024-07-04 20:00:00+00:00,34.8,400.0,50.0,1106.1623899157923,1106.1623899157923,434.99999999999994,434.99999999999994,1,434.99999999999994
2024-07-04 20:15:00+00:00,34.8,400.0,50.0,1106.1623899157923,1106.1623899157923,434.99999999999994,434.99999999999994,1,434.99999999999994
2024-07-04 20:30:00+00:00,109.32,400.0,50.0,1106.1623899157923,1106.1623899157923,1366.5,1106.1623899157923,0,1106.1623899157923
2024-07-04 20:45:00+00:00,109.32,400.0,50.0,1106.1623899157923,1106.1623899157923,1366.5,1106.1623899157923,0,1106.1623899157923
2024-07-04 21:00:00+00:00,109.32,400.0,50.0,1106.1623899157923,1106.1623899157923,1366.5,1106.1623899157923,0,1106.1623899157923
2024-07-04 21:15:00+00:00,160.02,400.0,50.0,1106.1623899157923,1106.1623899157923,2000.2500000000002,1106.1623899157923,0,1106.1623899157923
2024-07-04 21:30:00+00:00,106.33,400.0,50.0,1106.1623899157923,1106.1623899157923,1329.125,1106.1623899157923,0,1106.1623899157923
2024-07-04 21:45:00+00:00,106.33,400.0,50.0,1106.1623899157923,1106.1623899157923,1329.125,1106.1623899157923,0,1106.1623899157923
2024-07-04 22:00:00+00:00,101.76,400.0,50.0,1106.1623899157923,1106.1623899157923,1272.0,1106.1623899157923,0,1106.1623899157923
2024-07-04 22:15:00+00:00,110.63,400.0,50.0,1106.1623899157923,1106.1623899157923,1382.875,1106.1623899157923,0,1106.1623899157923
2024-07-04 22:30:00+00:00,85.39,400.0,50.0,1106.1623899157923,1106.1623899157923,1067.375,1067.375,1,1067.375
2024-07-04 22:45:00+00:00,85.39,400.0,50.0,1106.1623899157923,1106.1623899157923,1067.375,1067.375,1,1067.375
2024-07-04 23:00:00+00:00,110.63,400.0,50.0,1106.1623899157923,1106.1623899157923,1382.875,1106.1623899157923,0,1106.1623899157923
2024-07-04 23:15:00+00:00,188.15,400.0,50.0,1106.1623899157923,1106.1623899157923,2351.875,1106.1623899157923,0,1106.1623899157923
2024-07-04 23:30:00+00:00,188.15,400.0,50.0,1106.1623899157923,1106.1623899157923,2351.875,1106.1623899157923,0,1106.1623899157923
2024-07-04 23:45:00+00:00,188.15,400.0,50.0,1106.1623899157923,1106.1623899157923,2351.875,1106.1623899157923,0,1106.1623899157923
2024-07-05 00:00:00+00:00,188.15,400.0,50.0,1106.1623899157923,1106.1623899157923,2351.875,1106.1623899157923,0,1106.1623899157923
2024-07-05 00:15:00+00:00,190.15,400.0,50.0,1106.1623899157923,1106.1623899157923,2376.875,1106.1623899157923,0,1106.1623899157923
2024-07-05 00:30:00+00:00,190.15,400.0,50.0,1106.1623899157923,1106.1623899157923,2376.875,1106.1623899157923,0,1106.1623899157923
2024-07-05 00:45:00+00:00,190.15,400.0,50.0,1106.1623899157923,1106.1623899157923,2376.875,1106.1623899157923,0,1106.1623899157923
2024-07-05 01:00:00+00:00,190.15,400.0,50.0,1106.1623899157923,1106.1623899157923,2376.875,1106.1623899157923,0,1106.1623899157923
2024-07-05 01:15:00+00:00,186.15,400.0,50.0,1106.1623899157923,1106.1623899157923,2326.875,1106.1623899157923,0,1106.1623899157923
2024-07-05 01:30:00+00:00,186.15,400.0,50.0,1106.1623899157923,1106.1623899157923,2326.875,1106.1623899157923,0,1106.1623899157923
2024-07-05 01:45:00+00:00,186.15,400.0,50.0,1106.1623899157923,1106.1623899157923,2326.875,1106.1623899157923,0,1106.1623899157923
2024-07-05 02:00:00+00:00,186.15,400.0,50.0,1106.1623899157923,1106.1623899157923,2326.875,1106.1623899157923,0,1106.1623899157923
2024-07-05 02:15:00+00:00,194.15,400.0,50.0,1106.1623899157923,1106.1623899157923,2426.875,1106.1623899157923,0,1106.1623899157923
2024-07-05 02:30:00+00:00,194.15,400.0,50.0,1106.1623899157923,1106.1623899157923,2426.875,1106.1623899157923,0,1106.1623899157923
2024-07-05 02:45:00+00:00,194.15,400.0,50.0,1106.1623899157923,1106.1623899157923,2426.875,1106.1623899157923,0,1106.1623899157923
2024-07-05 03:00:00+00:00,194.15,400.0,50.0,1106.1623899157923,1106.1623899157923,2426.875,1106.1623899157923,0,1106.1623899157923
2024-07-05 03:15:00+00:00,186.15,400.0,50.0,1106.1623899157923,1106.1623899157923,2326.875,1106.1623899157923,0,1106.1623899157923
2024-07-05 03:30:00+00:00,186.15,400.0,50.0,1106.1623899157923,1106.1623899157923,2326.875,1106.1623899157923,0,1106.1623899157923
2024-07-05 03:45:00+00:00,186.15,400.0,50.0,1106.1623899157923,1106.1623899157923,2326.875,1106.1623899157923,0,1106.1623899157923
2024-07-05 04:00:00+00:00,207.07,400.0,50.0,1106.1623899157923,1106.1623899157923,2588.375,1106.1623899157923,0,1106.1623899157923
2024-07-05 04:15:00+00:00,105.07,400.0,50.0,1106.1623899157923,1106.1623899157923,1313.375,1106.1623899157923,0,1106.1623899157923
2024-07-05 04:30:00+00:00,85.15,400.0,50.0,1106.1623899157923,1106.1623899157923,1064.375,1064.375,1,1064.375
2024-07-05 04:45:00+00:00,65.21,400.0,50.0,1106.1623899157923,1106.1623899157923,815.1249999999999,815.1249999999999,1,815.1249999999999
2024-07-05 05:00:00+00:00,105.07,400.0,50.0,1106.1623899157923,1106.1623899157923,1313.375,1106.1623899157923,0,1106.1623899157923
2024-07-05 05:15:00+00:00,216.09,400.0,50.0,1106.1623899157923,1106.1623899157923,2701.125,1106.1623899157923,0,1106.1623899157923
2024-07-05 05:30:00+00:00,216.09,400.0,50.0,1106.1623899157923,1106.1623899157923,2701.125,1106.1623899157923,0,1106.1623899157923
2024-07-05 05:45:00+00:00,216.09,400.0,50.0,1106.1623899157923,1106.1623899157923,2701.125,1106.1623899157923,0,1106.1623899157923
2024-07-05 06:00:00+00:00,216.09,400.0,50.0,1106.1623899157923,1106.1623899157923,2701.125,1106.1623899157923,0,1106.1623899157923
2024-07-05 06:15:00+00:00,260.15,400.0,50.0,1106.1623899157923,1106.1623899157923,3251.8749999999995,1106.1623899157923,0,1106.1623899157923
2024-07-05 06:30:00+00:00,260.15,400.0,50.0,1106.1623899157923,1106.1623899157923,3251.8749999999995,1106.1623899157923,0,1106.1623899157923
2024-07-05 06:45:00+00:00,261.15,400.0,50.0,1106.1623899157923,1106.1623899157923,3264.3749999999995,1106.1623899157923,0,1106.1623899157923
2024-07-05 07:00:00+00:00,261.15,400.0,50.0,1106.1623899157923,1106.1623899157923,3264.3749999999995,1106.1623899157923,0,1106.1623899157923
2024-07-05 07:15:00+00:00,411.15,400.0,50.0,1106.1623899157923,1106.1623899157923,5139.375,1106.1623899157923,0,1106.1623899157923
2024-07-05 07:30:00+00:00,411.15,400.0,50.0,1106.1623899157923,1106.1623899157923,5139.375,1106.1623899157923,0,1106.1623899157923
2024-07-05 07:45:00+00:00,1000.0,400.0,50.0,1106.1623899157923,1106.1623899157923,12500.0,1106.1623899157923,0,1106.1623899157923
2024-07-05 08:00:00+00:00,1000.0,400.0,50.0,1106.1623899157923,1106.1623899157923,12500.0,1106.1623899157923,0,1106.1623899157923
2024-07-05 08:15:00+00:00,1000.0,400.0,50.0,1106.1623899157923,1106.1623899157923,12500.0,1106.1623899157923,0,1106.1623899157923
2024-07-05 08:30:00+00:00,1000.0,400.0,50.0,1106.1623899157923,1106.1623899157923,12500.0,1106.1623899157923,0,1106.1623899157923
2024-07-05 08:45:00+00:00,1000.0,400.0,50.0,1106.1623899157923,1106.1623899157923,12500.0,1106.1623899157923,0,1106.1623899157923
2024-07-05 09:00:00+00:00,1000.0,400.0,50.0,1106.1623899157923,1106.1623899157923,12500.0,1106.1623899157923,0,1106.1623899157923
2024-07-05 09:15:00+00:00,1000.0,400.0,50.0,1106.1623899157923,1106.1623899157923,12500.0,1106.1623899157923,0,1106.1623899157923
2024-07-05 09:30:00+00:00,1000.0,400.0,50.0,1106.1623899157923,1106.1623899157923,12500.0,1106.1623899157923,0,1106.1623899157923
2024-07-05 09:45:00+00:00,1000.0,400.0,50.0,1106.1623899157923,1106.1623899157923,12500.0,1106.1623899157923,0,1106.1623899157923
2024-07-05 10:00:00+00:00,1000.0,400.0,50.0,1106.1623899157923,1106.1623899157923,12500.0,1106.1623899157923,0,1106.1623899157923
2024-07-05 10:15:00+00:00,1000.0,400.0,50.0,1106.1623899157923,1106.1623899157923,12500.0,1106.1623899157923,0,1106.1623899157923
2024-07-05 10:30:00+00:00,1000.0,400.0,50.0,1106.1623899157923,1106.1623899157923,12500.0,1106.1623899157923,0,1106.1623899157923
2024-07-05 10:45:00+00:00,1000.0,400.0,50.0,1106.1623899157923,1106.1623899157923,12500.0,1106.1623899157923,0,1106.1623899157923
2024-07-05 11:00:00+00:00,1000.0,400.0,50.0,1106.1623899157923,1106.1623899157923,12500.0,1106.1623899157923,0,1106.1623899157923
2024-07-05 11:15:00+00:00,1000.0,400.0,50.0,1106.1623899157923,1106.1623899157923,12500.0,1106.1623899157923,0,1106.1623899157923
2024-07-05 11:30:00+00:00,1000.0,400.0,50.0,1106.1623899157923,1106.1623899157923,12500.0,1106.1623899157923,0,1106.1623899157923
2024-07-05 11:45:00+00:00,1000.0,400.0,50.0,1106.1623899157923,1106.1623899157923,12500.0,1106.1623899157923,0,1106.1623899157923
2024-07-05 12:00:00+00:00,1000.0,400.0,50.0,1106.1623899157923,1106.1623899157923,12500.0,1106.1623899157923,0,1106.1623899157923
2024-07-05 12:15:00+00:00,1000.0,400.0,50.0,1106.1623899157923,1106.1623899157923,12500.0,1106.1623899157923,0,1106.1623899157923
2024-07-05 12:30:00+00:00,1000.0,400.0,50.0,1106.1623899157923,1106.1623899157923,12500.0,1106.1623899157923,0,1106.1623899157923
2024-07-05 12:45:00+00:00,1000.0,400.0,50.0,1106.1623899157923,1106.1623899157923,12500.0,1106.1623899157923,0,1106.1623899157923
2024-07-05 13:00:00+00:00,1000.0,400.0,50.0,1106.1623899157923,1106.1623899157923,12500.0,1106.1623899157923,0,1106.1623899157923
2024-07-05 13:15:00+00:00,1000.0,400.0,50.0,1106.1623899157923,1106.1623899157923,12500.0,1106.1623899157923,0,1106.1623899157923
2024-07-05 13:30:00+00:00,1000.0,400.0,50.0,1106.1623899157923,1106.1623899157923,12500.0,1106.1623899157923,0,1106.1623899157923
2024-07-05 13:45:00+00:00,1000.0,400.0,50.0,1106.1623899157923,1106.1623899157923,12500.0,1106.1623899157923,0,1106.1623899157923
2024-07-05 14:00:00+00:00,1000.0,400.0,50.0,1106.1623899157923,1106.1623899157923,12500.0,1106.1623899157923,0,1106.1623899157923
2024-07-05 14:15:00+00:00,1000.0,400.0,50.0,1106.1623899157923,1106.1623899157923,12500.0,1106.1623899157923,0,1106.1623899157923
2024-07-05 14:30:00+00:00,1000.0,400.0,50.0,1106.1623899157923,1106.1623899157923,12500.0,1106.1623899157923,0,1106.1623899157923
2024-07-05 14:45:00+00:00,1000.0,400.0,50.0,1106.1623899157923,1106.1623899157923,12500.0,1106.1623899157923,0,1106.1623899157923
2024-07-05 15:00:00+00:00,1000.0,400.0,50.0,1106.1623899157923,1106.1623899157923,12500.0,1106.1623899157923,0,1106.1623899157923
2024-07-05 15:15:00+00:00,1000.0,400.0,50.0,1106.1623899157923,1106.1623899157923,12500.0,1106.1623899157923,0,1106.1623899157923
2024-07-05 15:30:00+00:00,1000.0,400.0,50.0,1106.1623899157923,1106.1623899157923,12500.0,1106.1623899157923,0,1106.1623899157923
2024-07-05 15:45:00+00:00,1000.0,400.0,50.0,1106.1623899157923,1106.1623899157923,12500.0,1106.1623899157923,0,1106.1623899157923
2024-07-05 16:00:00+00:00,1000.0,400.0,50.0,1106.1623899157923,1106.1623899157923,12500.0,1106.1623899157923,0,1106.1623899157923
2024-07-05 16:15:00+00:00,1000.0,400.0,50.0,1106.1623899157923,1106.1623899157923,12500.0,1106.1623899157923,0,1106.1623899157923
2024-07-05 16:30:00+00:00,63.37,400.0,50.0,1106.1623899157923,1106.1623899157923,792.125,792.125,1,792.125
2024-07-05 16:45:00+00:00,63.37,400.0,50.0,1106.1623899157923,1106.1623899157923,792.125,792.125,1,792.125
2024-07-05 17:00:00+00:00,83.37,400.0,50.0,1106.1623899157923,1106.1623899157923,1042.125,1042.125,1,1042.125
2024-07-05 17:15:00+00:00,239.19,400.0,50.0,1106.1623899157923,1106.1623899157923,2989.875,1106.1623899157923,0,1106.1623899157923
2024-07-05 17:30:00+00:00,26.25,400.0,50.0,1106.1623899157923,1106.1623899157923,328.125,328.125,1,328.125
2024-07-05 17:45:00+00:00,26.25,400.0,50.0,1106.1623899157923,1106.1623899157923,328.125,328.125,1,328.125
2024-07-05 18:00:00+00:00,26.25,400.0,50.0,1106.1623899157923,1106.1623899157923,328.125,328.125,1,328.125
2024-07-05 18:15:00+00:00,26.25,400.0,50.0,1106.1623899157923,1106.1623899157923,328.125,328.125,1,328.125
2024-07-05 18:30:00+00:00,26.25,400.0,50.0,1106.1623899157923,1106.1623899157923,328.125,328.125,1,328.125
2024-07-05 18:45:00+00:00,26.25,400.0,50.0,1106.1623899157923,1106.1623899157923,328.125,328.125,1,328.125
2024-07-05 19:00:00+00:00,26.25,400.0,50.0,1106.1623899157923,1106.1623899157923,328.125,328.125,1,328.125
2024-07-05 19:15:00+00:00,26.25,400.0,50.0,1106.1623899157923,1106.1623899157923,328.125,328.125,1,328.125
2024-07-05 19:30:00+00:00,26.25,400.0,50.0,1106.1623899157923,1106.1623899157923,328.125,328.125,1,328.125
2024-07-05 19:45:00+00:00,26.25,400.0,50.0,1106.1623899157923,1106.1623899157923,328.125,328.125,1,328.125
2024-07-05 20:00:00+00:00,188.54,400.0,50.0,1106.1623899157923,1106.1623899157923,2356.75,1106.1623899157923,0,1106.1623899157923
2024-07-05 20:15:00+00:00,1000.0,400.0,50.0,1106.1623899157923,1106.1623899157923,12500.0,1106.1623899157923,0,1106.1623899157923
2024-07-05 20:30:00+00:00,42.45,400.0,50.0,1106.1623899157923,1106.1623899157923,530.625,530.625,1,530.625
2024-07-05 20:45:00+00:00,26.25,400.0,50.0,1106.1623899157923,1106.1623899157923,328.125,328.125,1,328.125
2024-07-05 21:00:00+00:00,26.25,400.0,50.0,1106.1623899157923,1106.1623899157923,328.125,328.125,1,328.125
2024-07-05 21:15:00+00:00,111.15,400.0,50.0,1106.1623899157923,1106.1623899157923,1389.375,1106.1623899157923,0,1106.1623899157923
2024-07-05 21:30:00+00:00,107.54,400.0,50.0,1106.1623899157923,1106.1623899157923,1344.25,1106.1623899157923,0,1106.1623899157923
2024-07-05 21:45:00+00:00,111.15,400.0,50.0,1106.1623899157923,1106.1623899157923,1389.375,1106.1623899157923,0,1106.1623899157923
2024-07-05 22:00:00+00:00,111.15,400.0,50.0,1106.1623899157923,1106.1623899157923,1389.375,1106.1623899157923,0,1106.1623899157923
2024-07-05 22:15:00+00:00,107.07,400.0,50.0,1106.1623899157923,1106.1623899157923,1338.375,1106.1623899157923,0,1106.1623899157923
2024-07-05 22:30:00+00:00,107.07,400.0,50.0,1106.1623899157923,1106.1623899157923,1338.375,1106.1623899157923,0,1106.1623899157923
2024-07-05 22:45:00+00:00,107.07,400.0,50.0,1106.1623899157923,1106.1623899157923,1338.375,1106.1623899157923,0,1106.1623899157923
2024-07-05 23:00:00+00:00,107.07,400.0,50.0,1106.1623899157923,1106.1623899157923,1338.375,1106.1623899157923,0,1106.1623899157923
2024-07-05 23:15:00+00:00,185.83,400.0,50.0,1106.1623899157923,1106.1623899157923,2322.875,1106.1623899157923,0,1106.1623899157923
2024-07-05 23:30:00+00:00,185.83,400.0,50.0,1106.1623899157923,1106.1623899157923,2322.875,1106.1623899157923,0,1106.1623899157923
2024-07-05 23:45:00+00:00,163.95,400.0,50.0,1106.1623899157923,1106.1623899157923,2049.375,1106.1623899157923,0,1106.1623899157923
2024-07-06 00:00:00+00:00,163.95,400.0,50.0,1106.1623899157923,1106.1623899157923,2049.375,1106.1623899157923,0,1106.1623899157923
2024-07-06 00:15:00+00:00,196.73,400.0,50.0,1106.1623899157923,1106.1623899157923,2459.125,1106.1623899157923,0,1106.1623899157923
2024-07-06 00:30:00+00:00,196.73,400.0,50.0,1106.1623899157923,1106.1623899157923,2459.125,1106.1623899157923,0,1106.1623899157923
2024-07-06 00:45:00+00:00,196.73,400.0,50.0,1106.1623899157923,1106.1623899157923,2459.125,1106.1623899157923,0,1106.1623899157923
2024-07-06 01:00:00+00:00,196.73,400.0,50.0,1106.1623899157923,1106.1623899157923,2459.125,1106.1623899157923,0,1106.1623899157923
2024-07-06 01:15:00+00:00,195.63,400.0,50.0,1106.1623899157923,1106.1623899157923,2445.375,1106.1623899157923,0,1106.1623899157923
2024-07-06 01:30:00+00:00,195.63,400.0,50.0,1106.1623899157923,1106.1623899157923,2445.375,1106.1623899157923,0,1106.1623899157923
2024-07-06 01:45:00+00:00,195.63,400.0,50.0,1106.1623899157923,1106.1623899157923,2445.375,1106.1623899157923,0,1106.1623899157923
2024-07-06 02:00:00+00:00,223.28,400.0,50.0,1106.1623899157923,1106.1623899157923,2791.0,1106.1623899157923,0,1106.1623899157923
2024-07-06 02:15:00+00:00,253.06,400.0,50.0,1106.1623899157923,1106.1623899157923,3163.25,1106.1623899157923,0,1106.1623899157923
2024-07-06 02:30:00+00:00,253.06,400.0,50.0,1106.1623899157923,1106.1623899157923,3163.25,1106.1623899157923,0,1106.1623899157923
2024-07-06 02:45:00+00:00,253.06,400.0,50.0,1106.1623899157923,1106.1623899157923,3163.25,1106.1623899157923,0,1106.1623899157923
2024-07-06 03:00:00+00:00,253.06,400.0,50.0,1106.1623899157923,1106.1623899157923,3163.25,1106.1623899157923,0,1106.1623899157923
2024-07-06 03:15:00+00:00,1000.0,400.0,50.0,1106.1623899157923,1106.1623899157923,12500.0,1106.1623899157923,0,1106.1623899157923
2024-07-06 03:30:00+00:00,1000.0,400.0,50.0,1106.1623899157923,1106.1623899157923,12500.0,1106.1623899157923,0,1106.1623899157923
2024-07-06 03:45:00+00:00,1000.0,400.0,50.0,1106.1623899157923,1106.1623899157923,12500.0,1106.1623899157923,0,1106.1623899157923
2024-07-06 04:00:00+00:00,1000.0,400.0,50.0,1106.1623899157923,1106.1623899157923,12500.0,1106.1623899157923,0,1106.1623899157923
2024-07-06 04:15:00+00:00,1000.0,400.0,50.0,1106.1623899157923,1106.1623899157923,12500.0,1106.1623899157923,0,1106.1623899157923
2024-07-06 04:30:00+00:00,1000.0,400.0,50.0,1106.1623899157923,1106.1623899157923,12500.0,1106.1623899157923,0,1106.1623899157923
2024-07-06 04:45:00+00:00,1000.0,400.0,50.0,1106.1623899157923,1106.1623899157923,12500.0,1106.1623899157923,0,1106.1623899157923
2024-07-06 05:00:00+00:00,258.73,400.0,50.0,1106.1623899157923,1106.1623899157923,3234.125,1106.1623899157923,0,1106.1623899157923
2024-07-06 05:15:00+00:00,307.04,400.0,50.0,1106.1623899157923,1106.1623899157923,3838.0000000000005,1106.1623899157923,0,1106.1623899157923
2024-07-06 05:30:00+00:00,307.04,400.0,50.0,1106.1623899157923,1106.1623899157923,3838.0000000000005,1106.1623899157923,0,1106.1623899157923
2024-07-06 05:45:00+00:00,307.04,400.0,50.0,1106.1623899157923,1106.1623899157923,3838.0000000000005,1106.1623899157923,0,1106.1623899157923
2024-07-06 06:00:00+00:00,307.04,400.0,50.0,1106.1623899157923,1106.1623899157923,3838.0000000000005,1106.1623899157923,0,1106.1623899157923
2024-07-06 06:15:00+00:00,304.57,400.0,50.0,1106.1623899157923,1106.1623899157923,3807.125,1106.1623899157923,0,1106.1623899157923
2024-07-06 06:30:00+00:00,304.57,400.0,50.0,1106.1623899157923,1106.1623899157923,3807.125,1106.1623899157923,0,1106.1623899157923
2024-07-06 06:45:00+00:00,304.57,400.0,50.0,1106.1623899157923,1106.1623899157923,3807.125,1106.1623899157923,0,1106.1623899157923
2024-07-06 07:00:00+00:00,304.57,400.0,50.0,1106.1623899157923,1106.1623899157923,3807.125,1106.1623899157923,0,1106.1623899157923
2024-07-06 07:15:00+00:00,465.21,400.0,50.0,1106.1623899157923,1106.1623899157923,5815.125,1106.1623899157923,0,1106.1623899157923
2024-07-06 07:30:00+00:00,465.21,400.0,50.0,1106.1623899157923,1106.1623899157923,5815.125,1106.1623899157923,0,1106.1623899157923
2024-07-06 07:45:00+00:00,465.21,400.0,50.0,1106.1623899157923,1106.1623899157923,5815.125,1106.1623899157923,0,1106.1623899157923
2024-07-06 08:00:00+00:00,465.21,400.0,50.0,1106.1623899157923,1106.1623899157923,5815.125,1106.1623899157923,0,1106.1623899157923
2024-07-06 08:15:00+00:00,627.27,400.0,50.0,1106.1623899157923,1106.1623899157923,7840.875,1106.1623899157923,0,1106.1623899157923
2024-07-06 08:30:00+00:00,627.27,400.0,50.0,1106.1623899157923,1106.1623899157923,7840.875,1106.1623899157923,0,1106.1623899157923
2024-07-06 08:45:00+00:00,627.27,400.0,50.0,1106.1623899157923,1106.1623899157923,7840.875,1106.1623899157923,0,1106.1623899157923
2024-07-06 09:00:00+00:00,627.27,400.0,50.0,1106.1623899157923,1106.1623899157923,7840.875,1106.1623899157923,0,1106.1623899157923
2024-07-06 09:15:00+00:00,698.67,400.0,50.0,1106.1623899157923,1106.1623899157923,8733.375,1106.1623899157923,0,1106.1623899157923
2024-07-06 09:30:00+00:00,698.67,400.0,50.0,1106.1623899157923,1106.1623899157923,8733.375,1106.1623899157923,0,1106.1623899157923
2024-07-06 09:45:00+00:00,698.67,400.0,50.0,1106.1623899157923,1106.1623899157923,8733.375,1106.1623899157923,0,1106.1623899157923
2024-07-06 10:00:00+00:00,698.67,400.0,50.0,1106.1623899157923,1106.1623899157923,8733.375,1106.1623899157923,0,1106.1623899157923
2024-07-06 10:15:00+00:00,795.57,400.0,50.0,1106.1623899157923,1106.1623899157923,9944.625,1106.1623899157923,0,1106.1623899157923
2024-07-06 10:30:00+00:00,795.57,400.0,50.0,1106.1623899157923,1106.1623899157923,9944.625,1106.1623899157923,0,1106.1623899157923
2024-07-06 10:45:00+00:00,795.57,400.0,50.0,1106.1623899157923,1106.1623899157923,9944.625,1106.1623899157923,0,1106.1623899157923
2024-07-06 11:00:00+00:00,795.57,400.0,50.0,1106.1623899157923,1106.1623899157923,9944.625,1106.1623899157923,0,1106.1623899157923
2024-07-06 11:15:00+00:00,795.57,400.0,50.0,1106.1623899157923,1106.1623899157923,9944.625,1106.1623899157923,0,1106.1623899157923
2024-07-06 11:30:00+00:00,795.57,400.0,50.0,1106.1623899157923,1106.1623899157923,9944.625,1106.1623899157923,0,1106.1623899157923
2024-07-06 11:45:00+00:00,795.57,400.0,50.0,1106.1623899157923,1106.1623899157923,9944.625,1106.1623899157923,0,1106.1623899157923
2024-07-06 12:00:00+00:00,795.57,400.0,50.0,1106.1623899157923,1106.1623899157923,9944.625,1106.1623899157923,0,1106.1623899157923
2024-07-06 12:15:00+00:00,795.57,400.0,50.0,1106.1623899157923,1106.1623899157923,9944.625,1106.1623899157923,0,1106.1623899157923
2024-07-06 12:30:00+00:00,795.57,400.0,50.0,1106.1623899157923,1106.1623899157923,9944.625,1106.1623899157923,0,1106.1623899157923
2024-07-06 12:45:00+00:00,795.57,400.0,50.0,1106.1623899157923,1106.1623899157923,9944.625,1106.1623899157923,0,1106.1623899157923
2024-07-06 13:00:00+00:00,795.57,400.0,50.0,1106.1623899157923,1106.1623899157923,9944.625,1106.1623899157923,0,1106.1623899157923
2024-07-06 13:15:00+00:00,706.73,400.0,50.0,1106.1623899157923,1106.1623899157923,8834.125,1106.1623899157923,0,1106.1623899157923
2024-07-06 13:30:00+00:00,706.73,400.0,50.0,1106.1623899157923,1106.1623899157923,8834.125,1106.1623899157923,0,1106.1623899157923
2024-07-06 13:45:00+00:00,739.47,400.0,50.0,1106.1623899157923,1106.1623899157923,9243.375,1106.1623899157923,0,1106.1623899157923
2024-07-06 14:00:00+00:00,739.47,400.0,50.0,1106.1623899157923,1106.1623899157923,9243.375,1106.1623899157923,0,1106.1623899157923
2024-07-06 14:15:00+00:00,617.07,400.0,50.0,1106.1623899157923,1106.1623899157923,7713.375000000001,1106.1623899157923,0,1106.1623899157923
2024-07-06 14:30:00+00:00,617.07,400.0,50.0,1106.1623899157923,1106.1623899157923,7713.375000000001,1106.1623899157923,0,1106.1623899157923
2024-07-06 14:45:00+00:00,617.07,400.0,50.0,1106.1623899157923,1106.1623899157923,7713.375000000001,1106.1623899157923,0,1106.1623899157923
2024-07-06 15:00:00+00:00,617.07,400.0,50.0,1106.1623899157923,1106.1623899157923,7713.375000000001,1106.1623899157923,0,1106.1623899157923
2024-07-06 15:15:00+00:00,563.41,400.0,50.0,1106.1623899157923,1106.1623899157923,7042.625,1106.1623899157923,0,1106.1623899157923
2024-07-06 15:30:00+00:00,563.41,400.0,50.0,1106.1623899157923,1106.1623899157923,7042.625,1106.1623899157923,0,1106.1623899157923
2024-07-06 15:45:00+00:00,563.41,400.0,50.0,1106.1623899157923,1106.1623899157923,7042.625,1106.1623899157923,0,1106.1623899157923
2024-07-06 16:00:00+00:00,563.41,400.0,50.0,1106.1623899157923,1106.1623899157923,7042.625,1106.1623899157923,0,1106.1623899157923
2024-07-06 16:15:00+00:00,563.41,400.0,50.0,1106.1623899157923,1106.1623899157923,7042.625,1106.1623899157923,0,1106.1623899157923
2024-07-06 16:30:00+00:00,290.3,400.0,50.0,1106.1623899157923,1106.1623899157923,3628.75,1106.1623899157923,0,1106.1623899157923
2024-07-06 16:45:00+00:00,290.3,400.0,50.0,1106.1623899157923,1106.1623899157923,3628.75,1106.1623899157923,0,1106.1623899157923
2024-07-06 17:00:00+00:00,290.3,400.0,50.0,1106.1623899157923,1106.1623899157923,3628.75,1106.1623899157923,0,1106.1623899157923
2024-07-06 17:15:00+00:00,1000.0,400.0,50.0,1106.1623899157923,1106.1623899157923,12500.0,1106.1623899157923,0,1106.1623899157923
2024-07-06 17:30:00+00:00,1000.0,400.0,50.0,1106.1623899157923,1106.1623899157923,12500.0,1106.1623899157923,0,1106.1623899157923
2024-07-06 17:45:00+00:00,1000.0,400.0,50.0,1106.1623899157923,1106.1623899157923,12500.0,1106.1623899157923,0,1106.1623899157923
2024-07-06 18:00:00+00:00,1000.0,400.0,50.0,1106.1623899157923,1106.1623899157923,12500.0,1106.1623899157923,0,1106.1623899157923
2024-07-06 18:15:00+00:00,1000.0,400.0,50.0,1106.1623899157923,1106.1623899157923,12500.0,1106.1623899157923,0,1106.1623899157923
2024-07-06 18:30:00+00:00,1000.0,400.0,50.0,1106.1623899157923,1106.1623899157923,12500.0,1106.1623899157923,0,1106.1623899157923
2024-07-06 18:45:00+00:00,1000.0,400.0,50.0,1106.1623899157923,1106.1623899157923,12500.0,1106.1623899157923,0,1106.1623899157923
2024-07-06 19:00:00+00:00,1000.0,400.0,50.0,1106.1623899157923,1106.1623899157923,12500.0,1106.1623899157923,0,1106.1623899157923
2024-07-06 19:15:00+00:00,1000.0,400.0,50.0,1106.1623899157923,1106.1623899157923,12500.0,1106.1623899157923,0,1106.1623899157923
2024-07-06 19:30:00+00:00,1000.0,400.0,50.0,1106.1623899157923,1106.1623899157923,12500.0,1106.1623899157923,0,1106.1623899157923
2024-07-06 19:45:00+00:00,1000.0,400.0,50.0,1106.1623899157923,1106.1623899157923,12500.0,1106.1623899157923,0,1106.1623899157923
2024-07-06 20:00:00+00:00,1000.0,400.0,50.0,1106.1623899157923,1106.1623899157923,12500.0,1106.1623899157923,0,1106.1623899157923
2024-07-06 20:15:00+00:00,1000.0,400.0,50.0,1106.1623899157923,1106.1623899157923,12500.0,1106.1623899157923,0,1106.1623899157923
2024-07-06 20:30:00+00:00,1000.0,400.0,50.0,1106.1623899157923,1106.1623899157923,12500.0,1106.1623899157923,0,1106.1623899157923
2024-07-06 20:45:00+00:00,1000.0,400.0,50.0,1106.1623899157923,1106.1623899157923,12500.0,1106.1623899157923,0,1106.1623899157923
2024-07-06 21:00:00+00:00,1000.0,400.0,50.0,1106.1623899157923,1106.1623899157923,12500.0,1106.1623899157923,0,1106.1623899157923
2024-07-06 21:15:00+00:00,1000.0,400.0,50.0,1106.1623899157923,1106.1623899157923,12500.0,1106.1623899157923,0,1106.1623899157923
2024-07-06 21:30:00+00:00,1000.0,400.0,50.0,1106.1623899157923,1106.1623899157923,12500.0,1106.1623899157923,0,1106.1623899157923
2024-07-06 21:45:00+00:00,1000.0,400.0,50.0,1106.1623899157923,1106.1623899157923,12500.0,1106.1623899157923,0,1106.1623899157923
2024-07-06 22:00:00+00:00,260.86,400.0,50.0,1106.1623899157923,1106.1623899157923,3260.75,1106.1623899157923,0,1106.1623899157923
2024-07-06 22:15:00+00:00,311.08,400.0,50.0,1106.1623899157923,1106.1623899157923,3888.5,1106.1623899157923,0,1106.1623899157923
2024-07-06 22:30:00+00:00,311.08,400.0,50.0,1106.1623899157923,1106.1623899157923,3888.5,1106.1623899157923,0,1106.1623899157923
2024-07-06 22:45:00+00:00,311.08,400.0,50.0,1106.1623899157923,1106.1623899157923,3888.5,1106.1623899157923,0,1106.1623899157923
2024-07-06 23:00:00+00:00,311.08,400.0,50.0,1106.1623899157923,1106.1623899157923,3888.5,1106.1623899157923,0,1106.1623899157923
2024-07-06 23:15:00+00:00,307.0,400.0,50.0,1106.1623899157923,1106.1623899157923,3837.5,1106.1623899157923,0,1106.1623899157923
2024-07-06 23:30:00+00:00,307.0,400.0,50.0,1106.1623899157923,1106.1623899157923,3837.5,1106.1623899157923,0,1106.1623899157923
2024-07-06 23:45:00+00:00,307.0,400.0,50.0,1106.1623899157923,1106.1623899157923,3837.5,1106.1623899157923,0,1106.1623899157923
2024-07-07 00:00:00+00:00,307.0,400.0,50.0,1106.1623899157923,1106.1623899157923,3837.5,1106.1623899157923,0,1106.1623899157923
2024-07-07 00:15:00+00:00,292.71,400.0,50.0,1106.1623899157923,1106.1623899157923,3658.8749999999995,1106.1623899157923,0,1106.1623899157923
2024-07-07 00:30:00+00:00,292.71,400.0,50.0,1106.1623899157923,1106.1623899157923,3658.8749999999995,1106.1623899157923,0,1106.1623899157923
2024-07-07 00:45:00+00:00,292.71,400.0,50.0,1106.1623899157923,1106.1623899157923,3658.8749999999995,1106.1623899157923,0,1106.1623899157923
2024-07-07 01:00:00+00:00,292.71,400.0,50.0,1106.1623899157923,1106.1623899157923,3658.8749999999995,1106.1623899157923,0,1106.1623899157923
2024-07-07 01:15:00+00:00,288.64,400.0,50.0,1106.1623899157923,1106.1623899157923,3608.0,1106.1623899157923,0,1106.1623899157923
2024-07-07 01:30:00+00:00,288.64,400.0,50.0,1106.1623899157923,1106.1623899157923,3608.0,1106.1623899157923,0,1106.1623899157923
2024-07-07 01:45:00+00:00,288.64,400.0,50.0,1106.1623899157923,1106.1623899157923,3608.0,1106.1623899157923,0,1106.1623899157923
2024-07-07 02:00:00+00:00,288.64,400.0,50.0,1106.1623899157923,1106.1623899157923,3608.0,1106.1623899157923,0,1106.1623899157923
2024-07-07 02:15:00+00:00,286.6,400.0,50.0,1106.1623899157923,1106.1623899157923,3582.5000000000005,1106.1623899157923,0,1106.1623899157923
2024-07-07 02:30:00+00:00,286.6,400.0,50.0,1106.1623899157923,1106.1623899157923,3582.5000000000005,1106.1623899157923,0,1106.1623899157923
2024-07-07 02:45:00+00:00,286.6,400.0,50.0,1106.1623899157923,1106.1623899157923,3582.5000000000005,1106.1623899157923,0,1106.1623899157923
2024-07-07 03:00:00+00:00,286.6,400.0,50.0,1106.1623899157923,1106.1623899157923,3582.5000000000005,1106.1623899157923,0,1106.1623899157923
2024-07-07 03:15:00+00:00,290.67,400.0,50.0,1106.1623899157923,1106.1623899157923,3633.375,1106.1623899157923,0,1106.1623899157923
2024-07-07 03:30:00+00:00,290.67,400.0,50.0,1106.1623899157923,1106.1623899157923,3633.375,1106.1623899157923,0,1106.1623899157923
2024-07-07 03:45:00+00:00,290.67,400.0,50.0,1106.1623899157923,1106.1623899157923,3633.375,1106.1623899157923,0,1106.1623899157923
2024-07-07 04:00:00+00:00,290.67,400.0,50.0,1106.1623899157923,1106.1623899157923,3633.375,1106.1623899157923,0,1106.1623899157923
2024-07-07 04:15:00+00:00,290.67,400.0,50.0,1106.1623899157923,1106.1623899157923,3633.375,1106.1623899157923,0,1106.1623899157923
2024-07-07 04:30:00+00:00,290.67,400.0,50.0,1106.1623899157923,1106.1623899157923,3633.375,1106.1623899157923,0,1106.1623899157923
2024-07-07 04:45:00+00:00,290.67,400.0,50.0,1106.1623899157923,1106.1623899157923,3633.375,1106.1623899157923,0,1106.1623899157923
2024-07-07 05:00:00+00:00,290.67,400.0,50.0,1106.1623899157923,1106.1623899157923,3633.375,1106.1623899157923,0,1106.1623899157923
2024-07-07 05:15:00+00:00,332.85,400.0,50.0,1106.1623899157923,1106.1623899157923,4160.625,1106.1623899157923,0,1106.1623899157923
2024-07-07 05:30:00+00:00,332.85,400.0,50.0,1106.1623899157923,1106.1623899157923,4160.625,1106.1623899157923,0,1106.1623899157923
2024-07-07 05:45:00+00:00,332.85,400.0,50.0,1106.1623899157923,1106.1623899157923,4160.625,1106.1623899157923,0,1106.1623899157923
2024-07-07 06:00:00+00:00,332.85,400.0,50.0,1106.1623899157923,1106.1623899157923,4160.625,1106.1623899157923,0,1106.1623899157923
2024-07-07 06:15:00+00:00,379.85,400.0,50.0,1106.1623899157923,1106.1623899157923,4748.125,1106.1623899157923,0,1106.1623899157923
2024-07-07 06:30:00+00:00,379.85,400.0,50.0,1106.1623899157923,1106.1623899157923,4748.125,1106.1623899157923,0,1106.1623899157923
2024-07-07 06:45:00+00:00,379.85,400.0,50.0,1106.1623899157923,1106.1623899157923,4748.125,1106.1623899157923,0,1106.1623899157923
2024-07-07 07:00:00+00:00,379.85,400.0,50.0,1106.1623899157923,1106.1623899157923,4748.125,1106.1623899157923,0,1106.1623899157923
2024-07-07 07:15:00+00:00,464.07,400.0,50.0,1106.1623899157923,1106.1623899157923,5800.875,1106.1623899157923,0,1106.1623899157923
2024-07-07 07:30:00+00:00,464.07,400.0,50.0,1106.1623899157923,1106.1623899157923,5800.875,1106.1623899157923,0,1106.1623899157923
2024-07-07 07:45:00+00:00,464.07,400.0,50.0,1106.1623899157923,1106.1623899157923,5800.875,1106.1623899157923,0,1106.1623899157923
2024-07-07 08:00:00+00:00,464.07,400.0,50.0,1106.1623899157923,1106.1623899157923,5800.875,1106.1623899157923,0,1106.1623899157923
2024-07-07 08:15:00+00:00,501.27,400.0,50.0,1106.1623899157923,1106.1623899157923,6265.875,1106.1623899157923,0,1106.1623899157923
2024-07-07 08:30:00+00:00,501.27,400.0,50.0,1106.1623899157923,1106.1623899157923,6265.875,1106.1623899157923,0,1106.1623899157923
2024-07-07 08:45:00+00:00,501.27,400.0,50.0,1106.1623899157923,1106.1623899157923,6265.875,1106.1623899157923,0,1106.1623899157923
2024-07-07 09:00:00+00:00,501.27,400.0,50.0,1106.1623899157923,1106.1623899157923,6265.875,1106.1623899157923,0,1106.1623899157923
2024-07-07 09:15:00+00:00,515.79,400.0,50.0,1106.1623899157923,1106.1623899157923,6447.375,1106.1623899157923,0,1106.1623899157923
2024-07-07 09:30:00+00:00,515.79,400.0,50.0,1106.1623899157923,1106.1623899157923,6447.375,1106.1623899157923,0,1106.1623899157923
2024-07-07 09:45:00+00:00,515.79,400.0,50.0,1106.1623899157923,1106.1623899157923,6447.375,1106.1623899157923,0,1106.1623899157923
2024-07-07 10:00:00+00:00,515.79,400.0,50.0,1106.1623899157923,1106.1623899157923,6447.375,1106.1623899157923,0,1106.1623899157923
2024-07-07 10:15:00+00:00,520.19,400.0,50.0,1106.1623899157923,1106.1623899157923,6502.375000000001,1106.1623899157923,0,1106.1623899157923
2024-07-07 10:30:00+00:00,520.19,400.0,50.0,1106.1623899157923,1106.1623899157923,6502.375000000001,1106.1623899157923,0,1106.1623899157923
2024-07-07 10:45:00+00:00,520.19,400.0,50.0,1106.1623899157923,1106.1623899157923,6502.375000000001,1106.1623899157923,0,1106.1623899157923
2024-07-07 11:00:00+00:00,520.19,400.0,50.0,1106.1623899157923,1106.1623899157923,6502.375000000001,1106.1623899157923,0,1106.1623899157923
2024-07-07 11:15:00+00:00,518.29,400.0,50.0,1106.1623899157923,1106.1623899157923,6478.625,1106.1623899157923,0,1106.1623899157923
2024-07-07 11:30:00+00:00,518.29,400.0,50.0,1106.1623899157923,1106.1623899157923,6478.625,1106.1623899157923,0,1106.1623899157923
2024-07-07 11:45:00+00:00,518.29,400.0,50.0,1106.1623899157923,1106.1623899157923,6478.625,1106.1623899157923,0,1106.1623899157923
2024-07-07 12:00:00+00:00,518.29,400.0,50.0,1106.1623899157923,1106.1623899157923,6478.625,1106.1623899157923,0,1106.1623899157923
2024-07-07 12:15:00+00:00,509.72,400.0,50.0,1106.1623899157923,1106.1623899157923,6371.5,1106.1623899157923,0,1106.1623899157923
2024-07-07 12:30:00+00:00,509.72,400.0,50.0,1106.1623899157923,1106.1623899157923,6371.5,1106.1623899157923,0,1106.1623899157923
2024-07-07 12:45:00+00:00,509.72,400.0,50.0,1106.1623899157923,1106.1623899157923,6371.5,1106.1623899157923,0,1106.1623899157923
2024-07-07 13:00:00+00:00,509.72,400.0,50.0,1106.1623899157923,1106.1623899157923,6371.5,1106.1623899157923,0,1106.1623899157923
2024-07-07 13:15:00+00:00,447.07,400.0,50.0,1106.1623899157923,1106.1623899157923,5588.375,1106.1623899157923,0,1106.1623899157923
2024-07-07 13:30:00+00:00,447.07,400.0,50.0,1106.1623899157923,1106.1623899157923,5588.375,1106.1623899157923,0,1106.1623899157923
2024-07-07 13:45:00+00:00,447.07,400.0,50.0,1106.1623899157923,1106.1623899157923,5588.375,1106.1623899157923,0,1106.1623899157923
2024-07-07 14:00:00+00:00,447.07,400.0,50.0,1106.1623899157923,1106.1623899157923,5588.375,1106.1623899157923,0,1106.1623899157923
2024-07-07 14:15:00+00:00,331.31,400.0,50.0,1106.1623899157923,1106.1623899157923,4141.375,1106.1623899157923,0,1106.1623899157923
2024-07-07 14:30:00+00:00,331.31,400.0,50.0,1106.1623899157923,1106.1623899157923,4141.375,1106.1623899157923,0,1106.1623899157923
2024-07-07 14:45:00+00:00,331.31,400.0,50.0,1106.1623899157923,1106.1623899157923,4141.375,1106.1623899157923,0,1106.1623899157923
2024-07-07 15:00:00+00:00,331.31,400.0,50.0,1106.1623899157923,1106.1623899157923,4141.375,1106.1623899157923,0,1106.1623899157923
2024-07-07 15:15:00+00:00,171.08,400.0,50.0,1106.1623899157923,1106.1623899157923,2138.5,1106.1623899157923,0,1106.1623899157923
2024-07-07 15:30:00+00:00,171.08,400.0,50.0,1106.1623899157923,1106.1623899157923,2138.5,1106.1623899157923,0,1106.1623899157923
2024-07-07 15:45:00+00:00,171.08,400.0,50.0,1106.1623899157923,1106.1623899157923,2138.5,1106.1623899157923,0,1106.1623899157923
2024-07-07 16:00:00+00:00,151.08,400.0,50.0,1106.1623899157923,1106.1623899157923,1888.5000000000002,1106.1623899157923,0,1106.1623899157923
2024-07-07 16:15:00+00:00,94.61,400.0,50.0,1106.1623899157923,1106.1623899157923,1182.625,1106.1623899157923,0,1106.1623899157923
2024-07-07 16:30:00+00:00,94.61,400.0,50.0,1106.1623899157923,1106.1623899157923,1182.625,1106.1623899157923,0,1106.1623899157923
2024-07-07 16:45:00+00:00,94.61,400.0,50.0,1106.1623899157923,1106.1623899157923,1182.625,1106.1623899157923,0,1106.1623899157923
2024-07-07 17:00:00+00:00,94.61,400.0,50.0,1106.1623899157923,1106.1623899157923,1182.625,1106.1623899157923,0,1106.1623899157923
2024-07-07 17:15:00+00:00,57.93,400.0,50.0,1106.1623899157923,1106.1623899157923,724.125,724.125,1,724.125
2024-07-07 17:30:00+00:00,57.93,400.0,50.0,1106.1623899157923,1106.1623899157923,724.125,724.125,1,724.125
2024-07-07 17:45:00+00:00,57.93,400.0,50.0,1106.1623899157923,1106.1623899157923,724.125,724.125,1,724.125
2024-07-07 18:00:00+00:00,37.49,400.0,50.0,1106.1623899157923,1106.1623899157923,468.625,468.625,1,468.625
2024-07-07 18:15:00+00:00,15.46,400.0,50.0,1106.1623899157923,1106.1623899157923,193.25,193.25,1,193.25
2024-07-07 18:30:00+00:00,73.38,400.0,50.0,1106.1623899157923,1106.1623899157923,917.25,917.25,1,917.25
2024-07-07 18:45:00+00:00,73.38,400.0,50.0,1106.1623899157923,1106.1623899157923,917.25,917.25,1,917.25
2024-07-07 19:00:00+00:00,73.38,400.0,50.0,1106.1623899157923,1106.1623899157923,917.25,917.25,1,917.25
2024-07-07 19:15:00+00:00,71.76,400.0,50.0,1106.1623899157923,1106.1623899157923,897.0000000000001,897.0000000000001,1,897.0000000000001
2024-07-07 19:30:00+00:00,71.76,400.0,50.0,1106.1623899157923,1106.1623899157923,897.0000000000001,897.0000000000001,1,897.0000000000001
2024-07-07 19:45:00+00:00,71.76,400.0,50.0,1106.1623899157923,1106.1623899157923,897.0000000000001,897.0000000000001,1,897.0000000000001
2024-07-07 20:00:00+00:00,71.76,400.0,50.0,1106.1623899157923,1106.1623899157923,897.0000000000001,897.0000000000001,1,897.0000000000001
2024-07-07 20:15:00+00:00,66.75,400.0,50.0,1106.1623899157923,1106.1623899157923,834.375,834.375,1,834.375
2024-07-07 20:30:00+00:00,66.75,400.0,50.0,1106.1623899157923,1106.1623899157923,834.375,834.375,1,834.375
2024-07-07 20:45:00+00:00,86.75,400.0,50.0,1106.1623899157923,1106.1623899157923,1084.375,1084.375,1,1084.375
2024-07-07 21:00:00+00:00,66.75,400.0,50.0,1106.1623899157923,1106.1623899157923,834.375,834.375,1,834.375
2024-07-07 21:15:00+00:00,53.11,400.0,50.0,1106.1623899157923,1106.1623899157923,663.875,663.875,1,663.875
2024-07-07 21:30:00+00:00,53.11,400.0,50.0,1106.1623899157923,1106.1623899157923,663.875,663.875,1,663.875
2024-07-07 21:45:00+00:00,53.11,400.0,50.0,1106.1623899157923,1106.1623899157923,663.875,663.875,1,663.875
2024-07-07 22:00:00+00:00,53.11,400.0,50.0,1106.1623899157923,1106.1623899157923,663.875,663.875,1,663.875
2024-07-07 22:15:00+00:00,103.07,400.0,50.0,1106.1623899157923,1106.1623899157923,1288.375,1106.1623899157923,0,1106.1623899157923
2024-07-07 22:30:00+00:00,103.07,400.0,50.0,1106.1623899157923,1106.1623899157923,1288.375,1106.1623899157923,0,1106.1623899157923
2024-07-07 22:45:00+00:00,103.07,400.0,50.0,1106.1623899157923,1106.1623899157923,1288.375,1106.1623899157923,0,1106.1623899157923
2024-07-07 23:00:00+00:00,103.07,400.0,50.0,1106.1623899157923,1106.1623899157923,1288.375,1106.1623899157923,0,1106.1623899157923
2024-07-07 23:15:00+00:00,113.07,400.0,50.0,1106.1623899157923,1106.1623899157923,1413.375,1106.1623899157923,0,1106.1623899157923
2024-07-07 23:30:00+00:00,113.07,400.0,50.0,1106.1623899157923,1106.1623899157923,1413.375,1106.1623899157923,0,1106.1623899157923
2024-07-07 23:45:00+00:00,88.91,400.0,50.0,1106.1623899157923,1106.1623899157923,1111.375,1106.1623899157923,0,1106.1623899157923
2024-07-08 00:00:00+00:00,113.07,400.0,50.0,1106.1623899157923,1106.1623899157923,1413.375,1106.1623899157923,0,1106.1623899157923
2024-07-08 00:15:00+00:00,1000.0,400.0,50.0,1106.1623899157923,1106.1623899157923,12500.0,1106.1623899157923,0,1106.1623899157923
2024-07-08 00:30:00+00:00,1000.0,400.0,50.0,1106.1623899157923,1106.1623899157923,12500.0,1106.1623899157923,0,1106.1623899157923
2024-07-08 00:45:00+00:00,1000.0,400.0,50.0,1106.1623899157923,1106.1623899157923,12500.0,1106.1623899157923,0,1106.1623899157923
2024-07-08 01:00:00+00:00,1000.0,400.0,50.0,1106.1623899157923,1106.1623899157923,12500.0,1106.1623899157923,0,1106.1623899157923
2024-07-08 01:15:00+00:00,61.8,400.0,50.0,1106.1623899157923,1106.1623899157923,772.5,772.5,1,772.5
2024-07-08 01:30:00+00:00,61.8,400.0,50.0,1106.1623899157923,1106.1623899157923,772.5,772.5,1,772.5
2024-07-08 01:45:00+00:00,61.8,400.0,50.0,1106.1623899157923,1106.1623899157923,772.5,772.5,1,772.5
2024-07-08 02:00:00+00:00,61.8,400.0,50.0,1106.1623899157923,1106.1623899157923,772.5,772.5,1,772.5
2024-07-08 02:15:00+00:00,66.36,400.0,50.0,1106.1623899157923,1106.1623899157923,829.5,829.5,1,829.5
2024-07-08 02:30:00+00:00,66.36,400.0,50.0,1106.1623899157923,1106.1623899157923,829.5,829.5,1,829.5
2024-07-08 02:45:00+00:00,66.36,400.0,50.0,1106.1623899157923,1106.1623899157923,829.5,829.5,1,829.5
2024-07-08 03:00:00+00:00,66.36,400.0,50.0,1106.1623899157923,1106.1623899157923,829.5,829.5,1,829.5
2024-07-08 03:15:00+00:00,43.27,400.0,50.0,1106.1623899157923,1106.1623899157923,540.875,540.875,1,540.875
2024-07-08 03:30:00+00:00,30.72,400.0,50.0,1106.1623899157923,1106.1623899157923,384.0,384.0,1,384.0
2024-07-08 03:45:00+00:00,30.72,400.0,50.0,1106.1623899157923,1106.1623899157923,384.0,384.0,1,384.0
2024-07-08 04:00:00+00:00,43.27,400.0,50.0,1106.1623899157923,1106.1623899157923,540.875,540.875,1,540.875
2024-07-08 04:15:00+00:00,1000.0,400.0,50.0,1106.1623899157923,1106.1623899157923,12500.0,1106.1623899157923,0,1106.1623899157923
2024-07-08 04:30:00+00:00,60.91,400.0,50.0,1106.1623899157923,1106.1623899157923,761.375,761.375,1,761.375
2024-07-08 04:45:00+00:00,60.91,400.0,50.0,1106.1623899157923,1106.1623899157923,761.375,761.375,1,761.375
2024-07-08 05:00:00+00:00,1000.0,400.0,50.0,1106.1623899157923,1106.1623899157923,12500.0,1106.1623899157923,0,1106.1623899157923
2024-07-08 05:15:00+00:00,1000.0,400.0,50.0,1106.1623899157923,1106.1623899157923,12500.0,1106.1623899157923,0,1106.1623899157923
2024-07-08 05:30:00+00:00,60.91,400.0,50.0,1106.1623899157923,1106.1623899157923,761.375,761.375,1,761.375
2024-07-08 05:45:00+00:00,60.91,400.0,50.0,1106.1623899157923,1106.1623899157923,761.375,761.375,1,761.375
2024-07-08 06:00:00+00:00,60.91,400.0,50.0,1106.1623899157923,1106.1623899157923,761.375,761.375,1,761.375
2024-07-08 06:15:00+00:00,49.54,400.0,50.0,1106.1623899157923,1106.1623899157923,619.25,619.25,1,619.25
2024-07-08 06:30:00+00:00,49.54,400.0,50.0,1106.1623899157923,1106.1623899157923,619.25,619.25,1,619.25
2024-07-08 06:45:00+00:00,49.54,400.0,50.0,1106.1623899157923,1106.1623899157923,619.25,619.25,1,619.25
2024-07-08 07:00:00+00:00,1000.0,400.0,50.0,1106.1623899157923,1106.1623899157923,12500.0,1106.1623899157923,0,1106.1623899157923
2024-07-08 07:15:00+00:00,92.0,400.0,50.0,1106.1623899157923,1106.1623899157923,1150.0,1106.1623899157923,0,1106.1623899157923
2024-07-08 07:30:00+00:00,92.0,400.0,50.0,1106.1623899157923,1106.1623899157923,1150.0,1106.1623899157923,0,1106.1623899157923
2024-07-08 07:45:00+00:00,92.0,400.0,50.0,1106.1623899157923,1106.1623899157923,1150.0,1106.1623899157923,0,1106.1623899157923
2024-07-08 08:00:00+00:00,92.0,400.0,50.0,1106.1623899157923,1106.1623899157923,1150.0,1106.1623899157923,0,1106.1623899157923
2024-07-08 08:15:00+00:00,170.17,400.0,50.0,1106.1623899157923,1106.1623899157923,2127.125,1106.1623899157923,0,1106.1623899157923
2024-07-08 08:30:00+00:00,170.17,400.0,50.0,1106.1623899157923,1106.1623899157923,2127.125,1106.1623899157923,0,1106.1623899157923
2024-07-08 08:45:00+00:00,170.17,400.0,50.0,1106.1623899157923,1106.1623899157923,2127.125,1106.1623899157923,0,1106.1623899157923
2024-07-08 09:00:00+00:00,170.17,400.0,50.0,1106.1623899157923,1106.1623899157923,2127.125,1106.1623899157923,0,1106.1623899157923
2024-07-08 09:15:00+00:00,184.96,400.0,50.0,1106.1623899157923,1106.1623899157923,2312.0,1106.1623899157923,0,1106.1623899157923
2024-07-08 09:30:00+00:00,184.96,400.0,50.0,1106.1623899157923,1106.1623899157923,2312.0,1106.1623899157923,0,1106.1623899157923
2024-07-08 09:45:00+00:00,184.96,400.0,50.0,1106.1623899157923,1106.1623899157923,2312.0,1106.1623899157923,0,1106.1623899157923
2024-07-08 10:00:00+00:00,184.96,400.0,50.0,1106.1623899157923,1106.1623899157923,2312.0,1106.1623899157923,0,1106.1623899157923
2024-07-08 10:15:00+00:00,184.5,400.0,50.0,1106.1623899157923,1106.1623899157923,2306.25,1106.1623899157923,0,1106.1623899157923
2024-07-08 10:30:00+00:00,184.5,400.0,50.0,1106.1623899157923,1106.1623899157923,2306.25,1106.1623899157923,0,1106.1623899157923
2024-07-08 10:45:00+00:00,184.5,400.0,50.0,1106.1623899157923,1106.1623899157923,2306.25,1106.1623899157923,0,1106.1623899157923
2024-07-08 11:00:00+00:00,184.5,400.0,50.0,1106.1623899157923,1106.1623899157923,2306.25,1106.1623899157923,0,1106.1623899157923
2024-07-08 11:15:00+00:00,163.02,400.0,50.0,1106.1623899157923,1106.1623899157923,2037.7500000000002,1106.1623899157923,0,1106.1623899157923
2024-07-08 11:30:00+00:00,163.02,400.0,50.0,1106.1623899157923,1106.1623899157923,2037.7500000000002,1106.1623899157923,0,1106.1623899157923
2024-07-08 11:45:00+00:00,163.02,400.0,50.0,1106.1623899157923,1106.1623899157923,2037.7500000000002,1106.1623899157923,0,1106.1623899157923
2024-07-08 12:00:00+00:00,163.02,400.0,50.0,1106.1623899157923,1106.1623899157923,2037.7500000000002,1106.1623899157923,0,1106.1623899157923
2024-07-08 12:15:00+00:00,109.22,400.0,50.0,1106.1623899157923,1106.1623899157923,1365.25,1106.1623899157923,0,1106.1623899157923
2024-07-08 12:30:00+00:00,109.22,400.0,50.0,1106.1623899157923,1106.1623899157923,1365.25,1106.1623899157923,0,1106.1623899157923
2024-07-08 12:45:00+00:00,109.22,400.0,50.0,1106.1623899157923,1106.1623899157923,1365.25,1106.1623899157923,0,1106.1623899157923
2024-07-08 13:00:00+00:00,109.22,400.0,50.0,1106.1623899157923,1106.1623899157923,1365.25,1106.1623899157923,0,1106.1623899157923
2024-07-08 13:15:00+00:00,55.02,400.0,50.0,1106.1623899157923,1106.1623899157923,687.75,687.75,1,687.75
2024-07-08 13:30:00+00:00,55.02,400.0,50.0,1106.1623899157923,1106.1623899157923,687.75,687.75,1,687.75
2024-07-08 13:45:00+00:00,90.62,400.0,50.0,1106.1623899157923,1106.1623899157923,1132.75,1106.1623899157923,0,1106.1623899157923
2024-07-08 14:00:00+00:00,90.62,400.0,50.0,1106.1623899157923,1106.1623899157923,1132.75,1106.1623899157923,0,1106.1623899157923
2024-07-08 14:15:00+00:00,63.27,400.0,50.0,1106.1623899157923,1106.1623899157923,790.875,790.875,1,790.875
2024-07-08 14:30:00+00:00,63.27,400.0,50.0,1106.1623899157923,1106.1623899157923,790.875,790.875,1,790.875
2024-07-08 14:45:00+00:00,43.27,400.0,50.0,1106.1623899157923,1106.1623899157923,540.875,540.875,1,540.875
2024-07-08 15:00:00+00:00,43.27,400.0,50.0,1106.1623899157923,1106.1623899157923,540.875,540.875,1,540.875
2024-07-08 15:15:00+00:00,74.98,400.0,50.0,1106.1623899157923,1106.1623899157923,937.25,937.25,1,937.25
2024-07-08 15:30:00+00:00,74.98,400.0,50.0,1106.1623899157923,1106.1623899157923,937.25,937.25,1,937.25
2024-07-08 15:45:00+00:00,74.98,400.0,50.0,1106.1623899157923,1106.1623899157923,937.25,937.25,1,937.25
2024-07-08 16:00:00+00:00,74.98,400.0,50.0,1106.1623899157923,1106.1623899157923,937.25,937.25,1,937.25
2024-07-08 16:15:00+00:00,43.27,400.0,50.0,1106.1623899157923,1106.1623899157923,540.875,540.875,1,540.875
2024-07-08 16:30:00+00:00,43.27,400.0,50.0,1106.1623899157923,1106.1623899157923,540.875,540.875,1,540.875
2024-07-08 16:45:00+00:00,43.27,400.0,50.0,1106.1623899157923,1106.1623899157923,540.875,540.875,1,540.875
2024-07-08 17:00:00+00:00,43.27,400.0,50.0,1106.1623899157923,1106.1623899157923,540.875,540.875,1,540.875
2024-07-08 17:15:00+00:00,103.69,400.0,50.0,1106.1623899157923,1106.1623899157923,1296.125,1106.1623899157923,0,1106.1623899157923
2024-07-08 17:30:00+00:00,11.77,400.0,50.0,1106.1623899157923,1106.1623899157923,147.125,147.125,1,147.125
2024-07-08 17:45:00+00:00,71.89,400.0,50.0,1106.1623899157923,1106.1623899157923,898.625,898.625,1,898.625
2024-07-08 18:00:00+00:00,103.69,400.0,50.0,1106.1623899157923,1106.1623899157923,1296.125,1106.1623899157923,0,1106.1623899157923
2024-07-08 18:15:00+00:00,191.84,400.0,50.0,1106.1623899157923,1106.1623899157923,2398.0,1106.1623899157923,0,1106.1623899157923
2024-07-08 18:30:00+00:00,191.84,400.0,50.0,1106.1623899157923,1106.1623899157923,2398.0,1106.1623899157923,0,1106.1623899157923
2024-07-08 18:45:00+00:00,191.84,400.0,50.0,1106.1623899157923,1106.1623899157923,2398.0,1106.1623899157923,0,1106.1623899157923
2024-07-08 19:00:00+00:00,37.49,400.0,50.0,1106.1623899157923,1106.1623899157923,468.625,468.625,1,468.625
2024-07-08 19:15:00+00:00,60.09,400.0,50.0,1106.1623899157923,1106.1623899157923,751.125,751.125,1,751.125
2024-07-08 19:30:00+00:00,37.49,400.0,50.0,1106.1623899157923,1106.1623899157923,468.625,468.625,1,468.625
2024-07-08 19:45:00+00:00,60.09,400.0,50.0,1106.1623899157923,1106.1623899157923,751.125,751.125,1,751.125
2024-07-08 20:00:00+00:00,80.09,400.0,50.0,1106.1623899157923,1106.1623899157923,1001.125,1001.125,1,1001.125
2024-07-08 20:15:00+00:00,108.7,400.0,50.0,1106.1623899157923,1106.1623899157923,1358.75,1106.1623899157923,0,1106.1623899157923
2024-07-08 20:30:00+00:00,88.7,400.0,50.0,1106.1623899157923,1106.1623899157923,1108.75,1106.1623899157923,0,1106.1623899157923
2024-07-08 20:45:00+00:00,88.7,400.0,50.0,1106.1623899157923,1106.1623899157923,1108.75,1106.1623899157923,0,1106.1623899157923
2024-07-08 21:00:00+00:00,88.7,400.0,50.0,1106.1623899157923,1106.1623899157923,1108.75,1106.1623899157923,0,1106.1623899157923
2024-07-08 21:15:00+00:00,56.2,400.0,50.0,1106.1623899157923,1106.1623899157923,702.5,702.5,1,702.5
2024-07-08 21:30:00+00:00,56.2,400.0,50.0,1106.1623899157923,1106.1623899157923,702.5,702.5,1,702.5
2024-07-08 21:45:00+00:00,56.2,400.0,50.0,1106.1623899157923,1106.1623899157923,702.5,702.5,1,702.5
2024-07-08 22:00:00+00:00,56.2,400.0,50.0,1106.1623899157923,1106.1623899157923,702.5,702.5,1,702.5
2024-07-08 22:15:00+00:00,74.52,400.0,50.0,1106.1623899157923,1106.1623899157923,931.5,931.5,1,931.5
2024-07-08 22:30:00+00:00,74.52,400.0,50.0,1106.1623899157923,1106.1623899157923,931.5,931.5,1,931.5
2024-07-08 22:45:00+00:00,74.52,400.0,50.0,1106.1623899157923,1106.1623899157923,931.5,931.5,1,931.5
2024-07-08 23:00:00+00:00,74.52,400.0,50.0,1106.1623899157923,1106.1623899157923,931.5,931.5,1,931.5
2024-07-08 23:15:00+00:00,148.2,400.0,50.0,1106.1623899157923,1106.1623899157923,1852.4999999999998,1106.1623899157923,0,1106.1623899157923
2024-07-08 23:30:00+00:00,148.2,400.0,50.0,1106.1623899157923,1106.1623899157923,1852.4999999999998,1106.1623899157923,0,1106.1623899157923
2024-07-08 23:45:00+00:00,148.2,400.0,50.0,1106.1623899157923,1106.1623899157923,1852.4999999999998,1106.1623899157923,0,1106.1623899157923
2024-07-09 00:00:00+00:00,148.2,400.0,50.0,1106.1623899157923,1106.1623899157923,1852.4999999999998,1106.1623899157923,0,1106.1623899157923
2024-07-09 00:15:00+00:00,157.38,400.0,50.0,1106.1623899157923,1106.1623899157923,1967.25,1106.1623899157923,0,1106.1623899157923
2024-07-09 00:30:00+00:00,157.38,400.0,50.0,1106.1623899157923,1106.1623899157923,1967.25,1106.1623899157923,0,1106.1623899157923
2024-07-09 00:45:00+00:00,157.38,400.0,50.0,1106.1623899157923,1106.1623899157923,1967.25,1106.1623899157923,0,1106.1623899157923
2024-07-09 01:00:00+00:00,157.38,400.0,50.0,1106.1623899157923,1106.1623899157923,1967.25,1106.1623899157923,0,1106.1623899157923
2024-07-09 01:15:00+00:00,159.38,400.0,50.0,1106.1623899157923,1106.1623899157923,1992.25,1106.1623899157923,0,1106.1623899157923
2024-07-09 01:30:00+00:00,113.59,400.0,50.0,1106.1623899157923,1106.1623899157923,1419.875,1106.1623899157923,0,1106.1623899157923
2024-07-09 01:45:00+00:00,113.59,400.0,50.0,1106.1623899157923,1106.1623899157923,1419.875,1106.1623899157923,0,1106.1623899157923
2024-07-09 02:00:00+00:00,113.59,400.0,50.0,1106.1623899157923,1106.1623899157923,1419.875,1106.1623899157923,0,1106.1623899157923
2024-07-09 02:15:00+00:00,108.79,400.0,50.0,1106.1623899157923,1106.1623899157923,1359.875,1106.1623899157923,0,1106.1623899157923
2024-07-09 02:30:00+00:00,108.79,400.0,50.0,1106.1623899157923,1106.1623899157923,1359.875,1106.1623899157923,0,1106.1623899157923
2024-07-09 02:45:00+00:00,108.79,400.0,50.0,1106.1623899157923,1106.1623899157923,1359.875,1106.1623899157923,0,1106.1623899157923
2024-07-09 03:00:00+00:00,108.79,400.0,50.0,1106.1623899157923,1106.1623899157923,1359.875,1106.1623899157923,0,1106.1623899157923
2024-07-09 03:15:00+00:00,97.19,400.0,50.0,1106.1623899157923,1106.1623899157923,1214.875,1106.1623899157923,0,1106.1623899157923
2024-07-09 03:30:00+00:00,97.19,400.0,50.0,1106.1623899157923,1106.1623899157923,1214.875,1106.1623899157923,0,1106.1623899157923
2024-07-09 03:45:00+00:00,97.19,400.0,50.0,1106.1623899157923,1106.1623899157923,1214.875,1106.1623899157923,0,1106.1623899157923
2024-07-09 04:00:00+00:00,97.19,400.0,50.0,1106.1623899157923,1106.1623899157923,1214.875,1106.1623899157923,0,1106.1623899157923
2024-07-09 04:15:00+00:00,63.06,400.0,50.0,1106.1623899157923,1106.1623899157923,788.25,788.25,1,788.25
2024-07-09 04:30:00+00:00,63.06,400.0,50.0,1106.1623899157923,1106.1623899157923,788.25,788.25,1,788.25
2024-07-09 04:45:00+00:00,63.06,400.0,50.0,1106.1623899157923,1106.1623899157923,788.25,788.25,1,788.25
2024-07-09 05:00:00+00:00,1000.0,400.0,50.0,1106.1623899157923,1106.1623899157923,12500.0,1106.1623899157923,0,1106.1623899157923
2024-07-09 05:15:00+00:00,1000.0,400.0,50.0,1106.1623899157923,1106.1623899157923,12500.0,1106.1623899157923,0,1106.1623899157923
2024-07-09 05:30:00+00:00,98.77,400.0,50.0,1106.1623899157923,1106.1623899157923,1234.625,1106.1623899157923,0,1106.1623899157923
2024-07-09 05:45:00+00:00,60.91,400.0,50.0,1106.1623899157923,1106.1623899157923,761.375,761.375,1,761.375
2024-07-09 06:00:00+00:00,98.77,400.0,50.0,1106.1623899157923,1106.1623899157923,1234.625,1106.1623899157923,0,1106.1623899157923
2024-07-09 06:15:00+00:00,37.34,400.0,50.0,1106.1623899157923,1106.1623899157923,466.75000000000006,466.75000000000006,1,466.75000000000006
2024-07-09 06:30:00+00:00,37.34,400.0,50.0,1106.1623899157923,1106.1623899157923,466.75000000000006,466.75000000000006,1,466.75000000000006
2024-07-09 06:45:00+00:00,37.34,400.0,50.0,1106.1623899157923,1106.1623899157923,466.75000000000006,466.75000000000006,1,466.75000000000006
2024-07-09 07:00:00+00:00,37.34,400.0,50.0,1106.1623899157923,1106.1623899157923,466.75000000000006,466.75000000000006,1,466.75000000000006
2024-07-09 07:15:00+00:00,223.39,400.0,50.0,1106.1623899157923,1106.1623899157923,2792.375,1106.1623899157923,0,1106.1623899157923
2024-07-09 07:30:00+00:00,223.39,400.0,50.0,1106.1623899157923,1106.1623899157923,2792.375,1106.1623899157923,0,1106.1623899157923
2024-07-09 07:45:00+00:00,223.39,400.0,50.0,1106.1623899157923,1106.1623899157923,2792.375,1106.1623899157923,0,1106.1623899157923
2024-07-09 08:00:00+00:00,223.39,400.0,50.0,1106.1623899157923,1106.1623899157923,2792.375,1106.1623899157923,0,1106.1623899157923
2024-07-09 08:15:00+00:00,302.35,400.0,50.0,1106.1623899157923,1106.1623899157923,3779.3750000000005,1106.1623899157923,0,1106.1623899157923
2024-07-09 08:30:00+00:00,302.35,400.0,50.0,1106.1623899157923,1106.1623899157923,3779.3750000000005,1106.1623899157923,0,1106.1623899157923
2024-07-09 08:45:00+00:00,302.35,400.0,50.0,1106.1623899157923,1106.1623899157923,3779.3750000000005,1106.1623899157923,0,1106.1623899157923
2024-07-09 09:00:00+00:00,302.35,400.0,50.0,1106.1623899157923,1106.1623899157923,3779.3750000000005,1106.1623899157923,0,1106.1623899157923
2024-07-09 09:15:00+00:00,302.35,400.0,50.0,1106.1623899157923,1106.1623899157923,3779.3750000000005,1106.1623899157923,0,1106.1623899157923
2024-07-09 09:30:00+00:00,302.35,400.0,50.0,1106.1623899157923,1106.1623899157923,3779.3750000000005,1106.1623899157923,0,1106.1623899157923
2024-07-09 09:45:00+00:00,302.35,400.0,50.0,1106.1623899157923,1106.1623899157923,3779.3750000000005,1106.1623899157923,0,1106.1623899157923
2024-07-09 10:00:00+00:00,302.35,400.0,50.0,1106.1623899157923,1106.1623899157923,3779.3750000000005,1106.1623899157923,0,1106.1623899157923
2024-07-09 10:15:00+00:00,302.35,400.0,50.0,1106.1623899157923,1106.1623899157923,3779.3750000000005,1106.1623899157923,0,1106.1623899157923
2024-07-09 10:30:00+00:00,302.35,400.0,50.0,1106.1623899157923,1106.1623899157923,3779.3750000000005,1106.1623899157923,0,1106.1623899157923
2024-07-09 10:45:00+00:00,302.35,400.0,50.0,1106.1623899157923,1106.1623899157923,3779.3750000000005,1106.1623899157923,0,1106.1623899157923
2024-07-09 11:00:00+00:00,302.35,400.0,50.0,1106.1623899157923,1106.1623899157923,3779.3750000000005,1106.1623899157923,0,1106.1623899157923
2024-07-09 11:15:00+00:00,271.39,400.0,50.0,1106.1623899157923,1106.1623899157923,3392.375,1106.1623899157923,0,1106.1623899157923
2024-07-09 11:30:00+00:00,271.39,400.0,50.0,1106.1623899157923,1106.1623899157923,3392.375,1106.1623899157923,0,1106.1623899157923
2024-07-09 11:45:00+00:00,271.39,400.0,50.0,1106.1623899157923,1106.1623899157923,3392.375,1106.1623899157923,0,1106.1623899157923
2024-07-09 12:00:00+00:00,271.39,400.0,50.0,1106.1623899157923,1106.1623899157923,3392.375,1106.1623899157923,0,1106.1623899157923
2024-07-09 12:15:00+00:00,298.11,400.0,50.0,1106.1623899157923,1106.1623899157923,3726.375,1106.1623899157923,0,1106.1623899157923
2024-07-09 12:30:00+00:00,275.39,400.0,50.0,1106.1623899157923,1106.1623899157923,3442.375,1106.1623899157923,0,1106.1623899157923
2024-07-09 12:45:00+00:00,275.39,400.0,50.0,1106.1623899157923,1106.1623899157923,3442.375,1106.1623899157923,0,1106.1623899157923
2024-07-09 13:00:00+00:00,275.39,400.0,50.0,1106.1623899157923,1106.1623899157923,3442.375,1106.1623899157923,0,1106.1623899157923
2024-07-09 13:15:00+00:00,254.6,400.0,50.0,1106.1623899157923,1106.1623899157923,3182.5,1106.1623899157923,0,1106.1623899157923
2024-07-09 13:30:00+00:00,254.6,400.0,50.0,1106.1623899157923,1106.1623899157923,3182.5,1106.1623899157923,0,1106.1623899157923
2024-07-09 13:45:00+00:00,231.88,400.0,50.0,1106.1623899157923,1106.1623899157923,2898.5,1106.1623899157923,0,1106.1623899157923
2024-07-09 14:00:00+00:00,254.6,400.0,50.0,1106.1623899157923,1106.1623899157923,3182.5,1106.1623899157923,0,1106.1623899157923
2024-07-09 14:15:00+00:00,169.38,400.0,50.0,1106.1623899157923,1106.1623899157923,2117.25,1106.1623899157923,0,1106.1623899157923
2024-07-09 14:30:00+00:00,169.38,400.0,50.0,1106.1623899157923,1106.1623899157923,2117.25,1106.1623899157923,0,1106.1623899157923
2024-07-09 14:45:00+00:00,59.9,400.0,50.0,1106.1623899157923,1106.1623899157923,748.75,748.75,1,748.75
2024-07-09 15:00:00+00:00,169.38,400.0,50.0,1106.1623899157923,1106.1623899157923,2117.25,1106.1623899157923,0,1106.1623899157923
2024-07-09 15:15:00+00:00,111.97,400.0,50.0,1106.1623899157923,1106.1623899157923,1399.625,1106.1623899157923,0,1106.1623899157923
2024-07-09 15:30:00+00:00,111.97,400.0,50.0,1106.1623899157923,1106.1623899157923,1399.625,1106.1623899157923,0,1106.1623899157923
2024-07-09 15:45:00+00:00,93.8,400.0,50.0,1106.1623899157923,1106.1623899157923,1172.5,1106.1623899157923,0,1106.1623899157923
2024-07-09 16:00:00+00:00,1000.0,400.0,50.0,1106.1623899157923,1106.1623899157923,12500.0,1106.1623899157923,0,1106.1623899157923
2024-07-09 16:15:00+00:00,39.9,400.0,50.0,1106.1623899157923,1106.1623899157923,498.75,498.75,1,498.75
2024-07-09 16:30:00+00:00,37.34,400.0,50.0,1106.1623899157923,1106.1623899157923,466.75000000000006,466.75000000000006,1,466.75000000000006
2024-07-09 16:45:00+00:00,37.34,400.0,50.0,1106.1623899157923,1106.1623899157923,466.75000000000006,466.75000000000006,1,466.75000000000006
2024-07-09 17:00:00+00:00,37.34,400.0,50.0,1106.1623899157923,1106.1623899157923,466.75000000000006,466.75000000000006,1,466.75000000000006
2024-07-09 17:15:00+00:00,37.34,400.0,50.0,1106.1623899157923,1106.1623899157923,466.75000000000006,466.75000000000006,1,466.75000000000006
2024-07-09 17:30:00+00:00,37.34,400.0,50.0,1106.1623899157923,1106.1623899157923,466.75000000000006,466.75000000000006,1,466.75000000000006
2024-07-09 17:45:00+00:00,37.34,400.0,50.0,1106.1623899157923,1106.1623899157923,466.75000000000006,466.75000000000006,1,466.75000000000006
2024-07-09 18:00:00+00:00,10.0,400.0,50.0,1106.1623899157923,1106.1623899157923,125.0,125.0,1,125.0
2024-07-09 18:15:00+00:00,37.34,400.0,50.0,1106.1623899157923,1106.1623899157923,466.75000000000006,466.75000000000006,1,466.75000000000006
2024-07-09 18:30:00+00:00,37.34,400.0,50.0,1106.1623899157923,1106.1623899157923,466.75000000000006,466.75000000000006,1,466.75000000000006
2024-07-09 18:45:00+00:00,37.34,400.0,50.0,1106.1623899157923,1106.1623899157923,466.75000000000006,466.75000000000006,1,466.75000000000006
2024-07-09 19:00:00+00:00,37.34,400.0,50.0,1106.1623899157923,1106.1623899157923,466.75000000000006,466.75000000000006,1,466.75000000000006
2024-07-09 19:15:00+00:00,10.0,400.0,50.0,1106.1623899157923,1106.1623899157923,125.0,125.0,1,125.0
2024-07-09 19:30:00+00:00,10.0,400.0,50.0,1106.1623899157923,1106.1623899157923,125.0,125.0,1,125.0
2024-07-09 19:45:00+00:00,37.34,400.0,50.0,1106.1623899157923,1106.1623899157923,466.75000000000006,466.75000000000006,1,466.75000000000006
2024-07-09 20:00:00+00:00,37.34,400.0,50.0,1106.1623899157923,1106.1623899157923,466.75000000000006,466.75000000000006,1,466.75000000000006
2024-07-09 20:15:00+00:00,89.04,400.0,50.0,1106.1623899157923,1106.1623899157923,1113.0,1106.1623899157923,0,1106.1623899157923
2024-07-09 20:30:00+00:00,69.04,400.0,50.0,1106.1623899157923,1106.1623899157923,863.0000000000001,863.0000000000001,1,863.0000000000001
2024-07-09 20:45:00+00:00,69.04,400.0,50.0,1106.1623899157923,1106.1623899157923,863.0000000000001,863.0000000000001,1,863.0000000000001
2024-07-09 21:00:00+00:00,69.04,400.0,50.0,1106.1623899157923,1106.1623899157923,863.0000000000001,863.0000000000001,1,863.0000000000001
2024-07-09 21:15:00+00:00,78.17,400.0,50.0,1106.1623899157923,1106.1623899157923,977.125,977.125,1,977.125
2024-07-09 21:30:00+00:00,77.64,400.0,50.0,1106.1623899157923,1106.1623899157923,970.5,970.5,1,970.5
2024-07-09 21:45:00+00:00,77.64,400.0,50.0,1106.1623899157923,1106.1623899157923,970.5,970.5,1,970.5
2024-07-09 22:00:00+00:00,78.17,400.0,50.0,1106.1623899157923,1106.1623899157923,977.125,977.125,1,977.125
2024-07-09 22:15:00+00:00,1000.0,400.0,50.0,1106.1623899157923,1106.1623899157923,12500.0,1106.1623899157923,0,1106.1623899157923
2024-07-09 22:30:00+00:00,1000.0,400.0,50.0,1106.1623899157923,1106.1623899157923,12500.0,1106.1623899157923,0,1106.1623899157923
2024-07-09 22:45:00+00:00,134.83,400.0,50.0,1106.1623899157923,1106.1623899157923,1685.3750000000002,1106.1623899157923,0,1106.1623899157923
2024-07-09 23:00:00+00:00,143.87,400.0,50.0,1106.1623899157923,1106.1623899157923,1798.375,1106.1623899157923,0,1106.1623899157923
2024-07-09 23:15:00+00:00,195.29,400.0,50.0,1106.1623899157923,1106.1623899157923,2441.125,1106.1623899157923,0,1106.1623899157923
2024-07-09 23:30:00+00:00,195.29,400.0,50.0,1106.1623899157923,1106.1623899157923,2441.125,1106.1623899157923,0,1106.1623899157923
2024-07-09 23:45:00+00:00,195.29,400.0,50.0,1106.1623899157923,1106.1623899157923,2441.125,1106.1623899157923,0,1106.1623899157923
2024-07-10 00:00:00+00:00,195.29,400.0,50.0,1106.1623899157923,1106.1623899157923,2441.125,1106.1623899157923,0,1106.1623899157923
2024-07-10 00:15:00+00:00,211.34,400.0,50.0,1106.1623899157923,1106.1623899157923,2641.75,1106.1623899157923,0,1106.1623899157923
2024-07-10 00:30:00+00:00,201.8,400.0,50.0,1106.1623899157923,1106.1623899157923,2522.5,1106.1623899157923,0,1106.1623899157923
2024-07-10 00:45:00+00:00,201.8,400.0,50.0,1106.1623899157923,1106.1623899157923,2522.5,1106.1623899157923,0,1106.1623899157923
2024-07-10 01:00:00+00:00,201.8,400.0,50.0,1106.1623899157923,1106.1623899157923,2522.5,1106.1623899157923,0,1106.1623899157923
2024-07-10 01:15:00+00:00,213.83,400.0,50.0,1106.1623899157923,1106.1623899157923,2672.875,1106.1623899157923,0,1106.1623899157923
2024-07-10 01:30:00+00:00,182.09,400.0,50.0,1106.1623899157923,1106.1623899157923,2276.125,1106.1623899157923,0,1106.1623899157923
2024-07-10 01:45:00+00:00,182.09,400.0,50.0,1106.1623899157923,1106.1623899157923,2276.125,1106.1623899157923,0,1106.1623899157923
2024-07-10 02:00:00+00:00,182.09,400.0,50.0,1106.1623899157923,1106.1623899157923,2276.125,1106.1623899157923,0,1106.1623899157923
2024-07-10 02:15:00+00:00,215.38,400.0,50.0,1106.1623899157923,1106.1623899157923,2692.25,1106.1623899157923,0,1106.1623899157923
2024-07-10 02:30:00+00:00,215.38,400.0,50.0,1106.1623899157923,1106.1623899157923,2692.25,1106.1623899157923,0,1106.1623899157923
2024-07-10 02:45:00+00:00,215.38,400.0,50.0,1106.1623899157923,1106.1623899157923,2692.25,1106.1623899157923,0,1106.1623899157923
2024-07-10 03:00:00+00:00,215.38,400.0,50.0,1106.1623899157923,1106.1623899157923,2692.25,1106.1623899157923,0,1106.1623899157923
2024-07-10 03:15:00+00:00,216.5,400.0,50.0,1106.1623899157923,1106.1623899157923,2706.25,1106.1623899157923,0,1106.1623899157923
2024-07-10 03:30:00+00:00,216.5,400.0,50.0,1106.1623899157923,1106.1623899157923,2706.25,1106.1623899157923,0,1106.1623899157923
2024-07-10 03:45:00+00:00,216.5,400.0,50.0,1106.1623899157923,1106.1623899157923,2706.25,1106.1623899157923,0,1106.1623899157923
2024-07-10 04:00:00+00:00,1000.0,400.0,50.0,1106.1623899157923,1106.1623899157923,12500.0,1106.1623899157923,0,1106.1623899157923
2024-07-10 04:15:00+00:00,1000.0,400.0,50.0,1106.1623899157923,1106.1623899157923,12500.0,1106.1623899157923,0,1106.1623899157923
2024-07-10 04:30:00+00:00,1000.0,400.0,50.0,1106.1623899157923,1106.1623899157923,12500.0,1106.1623899157923,0,1106.1623899157923
2024-07-10 04:45:00+00:00,1000.0,400.0,50.0,1106.1623899157923,1106.1623899157923,12500.0,1106.1623899157923,0,1106.1623899157923
2024-07-10 05:00:00+00:00,1000.0,400.0,50.0,1106.1623899157923,1106.1623899157923,12500.0,1106.1623899157923,0,1106.1623899157923
2024-07-10 05:15:00+00:00,1000.0,400.0,50.0,1106.1623899157923,1106.1623899157923,12500.0,1106.1623899157923,0,1106.1623899157923
2024-07-10 05:30:00+00:00,1000.0,400.0,50.0,1106.1623899157923,1106.1623899157923,12500.0,1106.1623899157923,0,1106.1623899157923
2024-07-10 05:45:00+00:00,1000.0,400.0,50.0,1106.1623899157923,1106.1623899157923,12500.0,1106.1623899157923,0,1106.1623899157923
2024-07-10 06:00:00+00:00,1000.0,400.0,50.0,1106.1623899157923,1106.1623899157923,12500.0,1106.1623899157923,0,1106.1623899157923
2024-07-10 06:15:00+00:00,217.29,400.0,50.0,1106.1623899157923,1106.1623899157923,2716.125,1106.1623899157923,0,1106.1623899157923
2024-07-10 06:30:00+00:00,216.96,400.0,50.0,1106.1623899157923,1106.1623899157923,2712.0,1106.1623899157923,0,1106.1623899157923
2024-07-10 06:45:00+00:00,216.96,400.0,50.0,1106.1623899157923,1106.1623899157923,2712.0,1106.1623899157923,0,1106.1623899157923
2024-07-10 07:00:00+00:00,217.29,400.0,50.0,1106.1623899157923,1106.1623899157923,2716.125,1106.1623899157923,0,1106.1623899157923
2024-07-10 07:15:00+00:00,324.78,400.0,50.0,1106.1623899157923,1106.1623899157923,4059.7499999999995,1106.1623899157923,0,1106.1623899157923
2024-07-10 07:30:00+00:00,1000.0,400.0,50.0,1106.1623899157923,1106.1623899157923,12500.0,1106.1623899157923,0,1106.1623899157923
2024-07-10 07:45:00+00:00,1000.0,400.0,50.0,1106.1623899157923,1106.1623899157923,12500.0,1106.1623899157923,0,1106.1623899157923
2024-07-10 08:00:00+00:00,1000.0,400.0,50.0,1106.1623899157923,1106.1623899157923,12500.0,1106.1623899157923,0,1106.1623899157923
2024-07-10 08:15:00+00:00,1000.0,400.0,50.0,1106.1623899157923,1106.1623899157923,12500.0,1106.1623899157923,0,1106.1623899157923
2024-07-10 08:30:00+00:00,1000.0,400.0,50.0,1106.1623899157923,1106.1623899157923,12500.0,1106.1623899157923,0,1106.1623899157923
2024-07-10 08:45:00+00:00,1000.0,400.0,50.0,1106.1623899157923,1106.1623899157923,12500.0,1106.1623899157923,0,1106.1623899157923
2024-07-10 09:00:00+00:00,1000.0,400.0,50.0,1106.1623899157923,1106.1623899157923,12500.0,1106.1623899157923,0,1106.1623899157923
2024-07-10 09:15:00+00:00,1000.0,400.0,50.0,1106.1623899157923,1106.1623899157923,12500.0,1106.1623899157923,0,1106.1623899157923
2024-07-10 09:30:00+00:00,1000.0,400.0,50.0,1106.1623899157923,1106.1623899157923,12500.0,1106.1623899157923,0,1106.1623899157923
2024-07-10 09:45:00+00:00,1000.0,400.0,50.0,1106.1623899157923,1106.1623899157923,12500.0,1106.1623899157923,0,1106.1623899157923
2024-07-10 10:00:00+00:00,1000.0,400.0,50.0,1106.1623899157923,1106.1623899157923,12500.0,1106.1623899157923,0,1106.1623899157923
2024-07-10 10:15:00+00:00,1000.0,400.0,50.0,1106.1623899157923,1106.1623899157923,12500.0,1106.1623899157923,0,1106.1623899157923
2024-07-10 10:30:00+00:00,1000.0,400.0,50.0,1106.1623899157923,1106.1623899157923,12500.0,1106.1623899157923,0,1106.1623899157923
2024-07-10 10:45:00+00:00,1000.0,400.0,50.0,1106.1623899157923,1106.1623899157923,12500.0,1106.1623899157923,0,1106.1623899157923
2024-07-10 11:00:00+00:00,1000.0,400.0,50.0,1106.1623899157923,1106.1623899157923,12500.0,1106.1623899157923,0,1106.1623899157923
2024-07-10 11:15:00+00:00,1000.0,400.0,50.0,1106.1623899157923,1106.1623899157923,12500.0,1106.1623899157923,0,1106.1623899157923
2024-07-10 11:30:00+00:00,1000.0,400.0,50.0,1106.1623899157923,1106.1623899157923,12500.0,1106.1623899157923,0,1106.1623899157923
2024-07-10 11:45:00+00:00,1000.0,400.0,50.0,1106.1623899157923,1106.1623899157923,12500.0,1106.1623899157923,0,1106.1623899157923
2024-07-10 12:00:00+00:00,1000.0,400.0,50.0,1106.1623899157923,1106.1623899157923,12500.0,1106.1623899157923,0,1106.1623899157923
2024-07-10 12:15:00+00:00,1000.0,400.0,50.0,1106.1623899157923,1106.1623899157923,12500.0,1106.1623899157923,0,1106.1623899157923
2024-07-10 12:30:00+00:00,1000.0,400.0,50.0,1106.1623899157923,1106.1623899157923,12500.0,1106.1623899157923,0,1106.1623899157923
2024-07-10 12:45:00+00:00,1000.0,400.0,50.0,1106.1623899157923,1106.1623899157923,12500.0,1106.1623899157923,0,1106.1623899157923
2024-07-10 13:00:00+00:00,1000.0,400.0,50.0,1106.1623899157923,1106.1623899157923,12500.0,1106.1623899157923,0,1106.1623899157923
2024-07-10 13:15:00+00:00,1000.0,400.0,50.0,1106.1623899157923,1106.1623899157923,12500.0,1106.1623899157923,0,1106.1623899157923
2024-07-10 13:30:00+00:00,1000.0,400.0,50.0,1106.1623899157923,1106.1623899157923,12500.0,1106.1623899157923,0,1106.1623899157923
2024-07-10 13:45:00+00:00,1000.0,400.0,50.0,1106.1623899157923,1106.1623899157923,12500.0,1106.1623899157923,0,1106.1623899157923
2024-07-10 14:00:00+00:00,1000.0,400.0,50.0,1106.1623899157923,1106.1623899157923,12500.0,1106.1623899157923,0,1106.1623899157923
2024-07-10 14:15:00+00:00,1000.0,400.0,50.0,1106.1623899157923,1106.1623899157923,12500.0,1106.1623899157923,0,1106.1623899157923
2024-07-10 14:30:00+00:00,1000.0,400.0,50.0,1106.1623899157923,1106.1623899157923,12500.0,1106.1623899157923,0,1106.1623899157923
2024-07-10 14:45:00+00:00,1000.0,400.0,50.0,1106.1623899157923,1106.1623899157923,12500.0,1106.1623899157923,0,1106.1623899157923
2024-07-10 15:00:00+00:00,1000.0,400.0,50.0,1106.1623899157923,1106.1623899157923,12500.0,1106.1623899157923,0,1106.1623899157923
2024-07-10 15:15:00+00:00,1000.0,400.0,50.0,1106.1623899157923,1106.1623899157923,12500.0,1106.1623899157923,0,1106.1623899157923
2024-07-10 15:30:00+00:00,101.75,400.0,50.0,1106.1623899157923,1106.1623899157923,1271.875,1106.1623899157923,0,1106.1623899157923
2024-07-10 15:45:00+00:00,81.85,400.0,50.0,1106.1623899157923,1106.1623899157923,1023.1249999999999,1023.1249999999999,1,1023.1249999999999
2024-07-10 16:00:00+00:00,1000.0,400.0,50.0,1106.1623899157923,1106.1623899157923,12500.0,1106.1623899157923,0,1106.1623899157923
2024-07-10 16:15:00+00:00,1000.0,400.0,50.0,1106.1623899157923,1106.1623899157923,12500.0,1106.1623899157923,0,1106.1623899157923
2024-07-10 16:30:00+00:00,40.91,400.0,50.0,1106.1623899157923,1106.1623899157923,511.37499999999994,511.37499999999994,1,511.37499999999994
2024-07-10 16:45:00+00:00,40.91,400.0,50.0,1106.1623899157923,1106.1623899157923,511.37499999999994,511.37499999999994,1,511.37499999999994
2024-07-10 17:00:00+00:00,40.91,400.0,50.0,1106.1623899157923,1106.1623899157923,511.37499999999994,511.37499999999994,1,511.37499999999994
2024-07-10 17:15:00+00:00,92.27,400.0,50.0,1106.1623899157923,1106.1623899157923,1153.375,1106.1623899157923,0,1106.1623899157923
2024-07-10 17:30:00+00:00,38.78,400.0,50.0,1106.1623899157923,1106.1623899157923,484.75,484.75,1,484.75
2024-07-10 17:45:00+00:00,38.78,400.0,50.0,1106.1623899157923,1106.1623899157923,484.75,484.75,1,484.75
2024-07-10 18:00:00+00:00,38.78,400.0,50.0,1106.1623899157923,1106.1623899157923,484.75,484.75,1,484.75
2024-07-10 18:15:00+00:00,30.26,400.0,50.0,1106.1623899157923,1106.1623899157923,378.25,378.25,1,378.25
2024-07-10 18:30:00+00:00,30.26,400.0,50.0,1106.1623899157923,1106.1623899157923,378.25,378.25,1,378.25
2024-07-10 18:45:00+00:00,30.26,400.0,50.0,1106.1623899157923,1106.1623899157923,378.25,378.25,1,378.25
2024-07-10 19:00:00+00:00,30.36,400.0,50.0,1106.1623899157923,1106.1623899157923,379.5,379.5,1,379.5
2024-07-10 19:15:00+00:00,30.26,400.0,50.0,1106.1623899157923,1106.1623899157923,378.25,378.25,1,378.25
2024-07-10 19:30:00+00:00,30.26,400.0,50.0,1106.1623899157923,1106.1623899157923,378.25,378.25,1,378.25
2024-07-10 19:45:00+00:00,30.26,400.0,50.0,1106.1623899157923,1106.1623899157923,378.25,378.25,1,378.25
2024-07-10 20:00:00+00:00,71.54,400.0,50.0,1106.1623899157923,1106.1623899157923,894.2500000000001,894.2500000000001,1,894.2500000000001
2024-07-10 20:15:00+00:00,91.89,400.0,50.0,1106.1623899157923,1106.1623899157923,1148.625,1106.1623899157923,0,1106.1623899157923
2024-07-10 20:30:00+00:00,91.89,400.0,50.0,1106.1623899157923,1106.1623899157923,1148.625,1106.1623899157923,0,1106.1623899157923
2024-07-10 20:45:00+00:00,91.89,400.0,50.0,1106.1623899157923,1106.1623899157923,1148.625,1106.1623899157923,0,1106.1623899157923
2024-07-10 21:00:00+00:00,91.89,400.0,50.0,1106.1623899157923,1106.1623899157923,1148.625,1106.1623899157923,0,1106.1623899157923
2024-07-10 21:15:00+00:00,95.02,400.0,50.0,1106.1623899157923,1106.1623899157923,1187.75,1106.1623899157923,0,1106.1623899157923
2024-07-10 21:30:00+00:00,54.31,400.0,50.0,1106.1623899157923,1106.1623899157923,678.875,678.875,1,678.875
2024-07-10 21:45:00+00:00,54.31,400.0,50.0,1106.1623899157923,1106.1623899157923,678.875,678.875,1,678.875
2024-07-10 22:00:00+00:00,54.31,400.0,50.0,1106.1623899157923,1106.1623899157923,678.875,678.875,1,678.875
2024-07-10 22:15:00+00:00,69.41,400.0,50.0,1106.1623899157923,1106.1623899157923,867.625,867.625,1,867.625
2024-07-10 22:30:00+00:00,69.41,400.0,50.0,1106.1623899157923,1106.1623899157923,867.625,867.625,1,867.625
2024-07-10 22:45:00+00:00,70.41,400.0,50.0,1106.1623899157923,1106.1623899157923,880.125,880.125,1,880.125
2024-07-10 23:00:00+00:00,70.41,400.0,50.0,1106.1623899157923,1106.1623899157923,880.125,880.125,1,880.125
2024-07-10 23:15:00+00:00,69.91,400.0,50.0,1106.1623899157923,1106.1623899157923,873.875,873.875,1,873.875
2024-07-10 23:30:00+00:00,68.91,400.0,50.0,1106.1623899157923,1106.1623899157923,861.375,861.375,1,861.375
2024-07-10 23:45:00+00:00,68.91,400.0,50.0,1106.1623899157923,1106.1623899157923,861.375,861.375,1,861.375
2024-07-11 00:00:00+00:00,69.91,400.0,50.0,1106.1623899157923,1106.1623899157923,873.875,873.875,1,873.875
2024-07-11 00:15:00+00:00,66.73,400.0,50.0,1106.1623899157923,1106.1623899157923,834.125,834.125,1,834.125
2024-07-11 00:30:00+00:00,66.73,400.0,50.0,1106.1623899157923,1106.1623899157923,834.125,834.125,1,834.125
2024-07-11 00:45:00+00:00,66.73,400.0,50.0,1106.1623899157923,1106.1623899157923,834.125,834.125,1,834.125
2024-07-11 01:00:00+00:00,66.73,400.0,50.0,1106.1623899157923,1106.1623899157923,834.125,834.125,1,834.125
2024-07-11 01:15:00+00:00,63.16,400.0,50.0,1106.1623899157923,1106.1623899157923,789.5,789.5,1,789.5
2024-07-11 01:30:00+00:00,38.58,400.0,50.0,1106.1623899157923,1106.1623899157923,482.25,482.25,1,482.25
2024-07-11 01:45:00+00:00,38.58,400.0,50.0,1106.1623899157923,1106.1623899157923,482.25,482.25,1,482.25
2024-07-11 02:00:00+00:00,38.58,400.0,50.0,1106.1623899157923,1106.1623899157923,482.25,482.25,1,482.25
2024-07-11 02:15:00+00:00,38.58,400.0,50.0,1106.1623899157923,1106.1623899157923,482.25,482.25,1,482.25
2024-07-11 02:30:00+00:00,38.58,400.0,50.0,1106.1623899157923,1106.1623899157923,482.25,482.25,1,482.25
2024-07-11 02:45:00+00:00,38.58,400.0,50.0,1106.1623899157923,1106.1623899157923,482.25,482.25,1,482.25
2024-07-11 03:00:00+00:00,54.56,400.0,50.0,1106.1623899157923,1106.1623899157923,682.0,682.0,1,682.0
2024-07-11 03:15:00+00:00,54.7,400.0,50.0,1106.1623899157923,1106.1623899157923,683.75,683.75,1,683.75
2024-07-11 03:30:00+00:00,54.7,400.0,50.0,1106.1623899157923,1106.1623899157923,683.75,683.75,1,683.75
2024-07-11 03:45:00+00:00,54.7,400.0,50.0,1106.1623899157923,1106.1623899157923,683.75,683.75,1,683.75
2024-07-11 04:00:00+00:00,54.7,400.0,50.0,1106.1623899157923,1106.1623899157923,683.75,683.75,1,683.75
2024-07-11 04:15:00+00:00,66.16,400.0,50.0,1106.1623899157923,1106.1623899157923,827.0,827.0,1,827.0
2024-07-11 04:30:00+00:00,66.16,400.0,50.0,1106.1623899157923,1106.1623899157923,827.0,827.0,1,827.0
2024-07-11 04:45:00+00:00,66.16,400.0,50.0,1106.1623899157923,1106.1623899157923,827.0,827.0,1,827.0
2024-07-11 05:00:00+00:00,66.16,400.0,50.0,1106.1623899157923,1106.1623899157923,827.0,827.0,1,827.0
2024-07-11 05:15:00+00:00,60.91,400.0,50.0,1106.1623899157923,1106.1623899157923,761.375,761.375,1,761.375
2024-07-11 05:30:00+00:00,60.91,400.0,50.0,1106.1623899157923,1106.1623899157923,761.375,761.375,1,761.375
2024-07-11 05:45:00+00:00,60.91,400.0,50.0,1106.1623899157923,1106.1623899157923,761.375,761.375,1,761.375
2024-07-11 06:00:00+00:00,60.91,400.0,50.0,1106.1623899157923,1106.1623899157923,761.375,761.375,1,761.375
2024-07-11 06:15:00+00:00,38.58,400.0,50.0,1106.1623899157923,1106.1623899157923,482.25,482.25,1,482.25
2024-07-11 06:30:00+00:00,38.58,400.0,50.0,1106.1623899157923,1106.1623899157923,482.25,482.25,1,482.25
2024-07-11 06:45:00+00:00,38.58,400.0,50.0,1106.1623899157923,1106.1623899157923,482.25,482.25,1,482.25
2024-07-11 07:00:00+00:00,38.58,400.0,50.0,1106.1623899157923,1106.1623899157923,482.25,482.25,1,482.25
2024-07-11 07:15:00+00:00,38.58,400.0,50.0,1106.1623899157923,1106.1623899157923,482.25,482.25,1,482.25
2024-07-11 07:30:00+00:00,38.58,400.0,50.0,1106.1623899157923,1106.1623899157923,482.25,482.25,1,482.25
2024-07-11 07:45:00+00:00,38.58,400.0,50.0,1106.1623899157923,1106.1623899157923,482.25,482.25,1,482.25
2024-07-11 08:00:00+00:00,38.58,400.0,50.0,1106.1623899157923,1106.1623899157923,482.25,482.25,1,482.25
2024-07-11 08:15:00+00:00,88.49,400.0,50.0,1106.1623899157923,1106.1623899157923,1106.125,1106.125,1,1106.125
2024-07-11 08:30:00+00:00,88.49,400.0,50.0,1106.1623899157923,1106.1623899157923,1106.125,1106.125,1,1106.125
2024-07-11 08:45:00+00:00,88.49,400.0,50.0,1106.1623899157923,1106.1623899157923,1106.125,1106.125,1,1106.125
2024-07-11 09:00:00+00:00,88.49,400.0,50.0,1106.1623899157923,1106.1623899157923,1106.125,1106.125,1,1106.125
2024-07-11 09:15:00+00:00,92.44,400.0,50.0,1106.1623899157923,1106.1623899157923,1155.5,1106.1623899157923,0,1106.1623899157923
2024-07-11 09:30:00+00:00,92.44,400.0,50.0,1106.1623899157923,1106.1623899157923,1155.5,1106.1623899157923,0,1106.1623899157923
2024-07-11 09:45:00+00:00,92.44,400.0,50.0,1106.1623899157923,1106.1623899157923,1155.5,1106.1623899157923,0,1106.1623899157923
2024-07-11 10:00:00+00:00,92.44,400.0,50.0,1106.1623899157923,1106.1623899157923,1155.5,1106.1623899157923,0,1106.1623899157923
2024-07-11 10:15:00+00:00,101.56,400.0,50.0,1106.1623899157923,1106.1623899157923,1269.5,1106.1623899157923,0,1106.1623899157923
2024-07-11 10:30:00+00:00,101.56,400.0,50.0,1106.1623899157923,1106.1623899157923,1269.5,1106.1623899157923,0,1106.1623899157923
2024-07-11 10:45:00+00:00,101.56,400.0,50.0,1106.1623899157923,1106.1623899157923,1269.5,1106.1623899157923,0,1106.1623899157923
2024-07-11 11:00:00+00:00,101.56,400.0,50.0,1106.1623899157923,1106.1623899157923,1269.5,1106.1623899157923,0,1106.1623899157923
