dt,price_pln_per_mw_h,mw_procured,mw_available,cap_revenue_band_1,cap_revenue_band_2,cap_revenue_band_3,capacity_revenue_baseline,budget_envelope,capacity_revenue_capped,bound_flag,total_revenue
2024-06-30 22:00:00+00:00,178.85,400.0,100.0,677.2616694605512,858.5962308096642,595.9067519819597,2131.764652252175,4471.25,2131.764652252175,0,2131.764652252175
2024-06-30 22:15:00+00:00,68.91,400.0,100.0,677.2616694605512,858.5962308096642,595.9067519819597,2131.764652252175,1722.75,1722.75,1,1722.75
2024-06-30 22:30:00+00:00,68.91,400.0,100.0,677.2616694605512,858.5962308096642,595.9067519819597,2131.764652252175,1722.75,1722.75,1,1722.75
2024-06-30 22:45:00+00:00,68.91,400.0,100.0,677.2616694605512,858.5962308096642,595.9067519819597,2131.764652252175,1722.75,1722.75,1,1722.75
2024-06-30 23:00:00+00:00,68.91,400.0,100.0,677.2616694605512,858.5962308096642,595.9067519819597,2131.764652252175,1722.75,1722.75,1,1722.75
2024-06-30 23:15:00+00:00,133.18,400.0,100.0,677.2616694605512,858.5962308096642,595.9067519819597,2131.764652252175,3329.5,2131.764652252175,0,2131.764652252175
2024-06-30 23:30:00+00:00,133.18,400.0,100.0,677.2616694605512,858.5962308096642,595.9067519819597,2131.764652252175,3329.5,2131.764652252175,0,2131.764652252175
2024-06-30 23:45:00+00:00,133.18,400.0,100.0,677.2616694605512,858.5962308096642,595.9067519819597,2131.764652252175,3329.5,2131.764652252175,0,2131.764652252175
2024-07-01 00:00:00+00:00,133.18,400.0,100.0,677.2616694605512,858.5962308096642,595.9067519819597,2131.764652252175,3329.5,2131.764652252175,0,2131.764652252175
2024-07-01 00:15:00+00:00,135.18,400.0,100.0,677.2616694605512,858.5962308096642,595.9067519819597,2131.764652252175,3379.5,2131.764652252175,0,2131.764652252175
2024-07-01 00:30:00+00:00,135.18,400.0,100.0,677.2616694605512,858.5962308096642,595.9067519819597,2131.764652252175,3379.5,2131.764652252175,0,2131.764652252175
2024-07-01 00:45:00+00:00,135.18,400.0,100.0,677.2616694605512,858.5962308096642,595.9067519819597,2131.764652252175,3379.5,2131.764652252175,0,2131.764652252175
2024-07-01 01:00:00+00:00,135.18,400.0,100.0,677.2616694605512,858.5962308096642,595.9067519819597,2131.764652252175,3379.5,2131.764652252175,0,2131.764652252175
2024-07-01 01:15:00+00:00,131.98,400.0,100.0,677.2616694605512,858.5962308096642,595.9067519819597,2131.764652252175,3299.4999999999995,2131.764652252175,0,2131.764652252175
2024-07-01 01:30:00+00:00,131.98,400.0,100.0,677.2616694605512,858.5962308096642,595.9067519819597,2131.764652252175,3299.4999999999995,2131.764652252175,0,2131.764652252175
2024-07-01 01:45:00+00:00,131.98,400.0,100.0,677.2616694605512,858.5962308096642,595.9067519819597,2131.764652252175,3299.4999999999995,2131.764652252175,0,2131.764652252175
2024-07-01 02:00:00+00:00,131.98,400.0,100.0,677.2616694605512,858.5962308096642,595.9067519819597,2131.764652252175,3299.4999999999995,2131.764652252175,0,2131.764652252175
2024-07-01 02:15:00+00:00,147.78,400.0,100.0,677.2616694605512,858.5962308096642,595.9067519819597,2131.764652252175,3694.5,2131.764652252175,0,2131.764652252175
2024-07-01 02:30:00+00:00,147.78,400.0,100.0,677.2616694605512,858.5962308096642,595.9067519819597,2131.764652252175,3694.5,2131.764652252175,0,2131.764652252175
2024-07-01 02:45:00+00:00,147.78,400.0,100.0,677.2616694605512,858.5962308096642,595.9067519819597,2131.764652252175,3694.5,2131.764652252175,0,2131.764652252175
2024-07-01 03:00:00+00:00,147.78,400.0,100.0,677.2616694605512,858.5962308096642,595.9067519819597,2131.764652252175,3694.5,2131.764652252175,0,2131.764652252175
2024-07-01 03:15:00+00:00,129.67,400.0,100.0,677.2616694605512,858.5962308096642,595.9067519819597,2131.764652252175,3241.7499999999995,2131.764652252175,0,2131.764652252175
2024-07-01 03:30:00+00:00,129.67,400.0,100.0,677.2616694605512,858.5962308096642,595.9067519819597,2131.764652252175,3241.7499999999995,2131.764652252175,0,2131.764652252175
2024-07-01 03:45:00+00:00,129.67,400.0,100.0,677.2616694605512,858.5962308096642,595.9067519819597,2131.764652252175,3241.7499999999995,2131.764652252175,0,2131.764652252175
2024-07-01 04:00:00+00:00,129.67,400.0,100.0,677.2616694605512,858.5962308096642,595.9067519819597,2131.764652252175,3241.7499999999995,2131.764652252175,0,2131.764652252175
2024-07-01 04:15:00+00:00,68.91,400.0,100.0,677.2616694605512,858.5962308096642,595.9067519819597,2131.764652252175,1722.75,1722.75,1,1722.75
2024-07-01 04:30:00+00:00,68.91,400.0,100.0,677.2616694605512,858.5962308096642,595.9067519819597,2131.764652252175,1722.75,1722.75,1,1722.75
2024-07-01 04:45:00+00:00,68.91,400.0,100.0,677.2616694605512,858.5962308096642,595.9067519819597,2131.764652252175,1722.75,1722.75,1,1722.75
2024-07-01 05:00:00+00:00,68.91,400.0,100.0,677.2616694605512,858.5962308096642,595.9067519819597,2131.764652252175,1722.75,1722.75,1,1722.75
2024-07-01 05:15:00+00:00,68.91,400.0,100.0,677.2616694605512,858.5962308096642,595.9067519819597,2131.764652252175,1722.75,1722.75,1,1722.75
2024-07-01 05:30:00+00:00,68.91,400.0,100.0,677.2616694605512,858.5962308096642,595.9067519819597,2131.764652252175,1722.75,1722.75,1,1722.75
2024-07-01 05:45:00+00:00,68.91,400.0,100.0,677.2616694605512,858.5962308096642,595.9067519819597,2131.764652252175,1722.75,1722.75,1,1722.75
2024-07-01 06:00:00+00:00,68.91,400.0,100.0,677.2616694605512,858.5962308096642,595.9067519819597,2131.764652252175,1722.75,1722.75,1,1722.75
2024-07-01 06:15:00+00:00,68.91,400.0,100.0,677.2616694605512,858.5962308096642,595.9067519819597,2131.764652252175,1722.75,1722.75,1,1722.75
2024-07-01 06:30:00+00:00,68.91,400.0,100.0,677.2616694605512,858.5962308096642,595.9067519819597,2131.764652252175,1722.75,1722.75,1,1722.75
2024-07-01 06:45:00+00:00,68.91,400.0,100.0,677.2616694605512,858.5962308096642,595.9067519819597,2131.764652252175,1722.75,1722.75,1,1722.75
2024-07-01 07:00:00+00:00,68.91,400.0,100.0,677.2616694605512,858.5962308096642,595.9067519819597,2131.764652252175,1722.75,1722.75,1,1722.75
2024-07-01 07:15:00+00:00,68.91,400.0,100.0,677.2616694605512,858.5962308096642,595.9067519819597,2131.764652252175,1722.75,1722.75,1,1722.75
2024-07-01 07:30:00+00:00,68.91,400.0,100.0,677.2616694605512,858.5962308096642,595.9067519819597,2131.764652252175,1722.75,1722.75,1,1722.75
2024-07-01 07:45:00+00:00,68.91,400.0,100.0,677.2616694605512,858.5962308096642,595.9067519819597,2131.764652252175,1722.75,1722.75,1,1722.75
2024-07-01 08:00:00+00:00,68.91,400.0,100.0,677.2616694605512,858.5962308096642,595.9067519819597,2131.764652252175,1722.75,1722.75,1,1722.75
2024-07-01 08:15:00+00:00,68.91,400.0,100.0,677.2616694605512,858.5962308096642,595.9067519819597,2131.764652252175,1722.75,1722.75,1,1722.75
2024-07-01 08:30:00+00:00,68.91,400.0,100.0,677.2616694605512,858.5962308096642,595.9067519819597,2131.764652252175,1722.75,1722.75,1,1722.75
2024-07-01 08:45:00+00:00,68.91,400.0,100.0,677.2616694605512,858.5962308096642,595.9067519819597,2131.764652252175,1722.75,1722.75,1,1722.75
2024-07-01 09:00:00+00:00,68.91,400.0,100.0,677.2616694605512,858.5962308096642,595.9067519819597,2131.764652252175,1722.75,1722.75,1,1722.75
2024-07-01 09:15:00+00:00,68.91,400.0,100.0,677.2616694605512,858.5962308096642,595.9067519819597,2131.764652252175,1722.75,1722.75,1,1722.75
2024-07-01 09:30:00+00:00,68.91,400.0,100.0,677.2616694605512,858.5962308096642,595.9067519819597,2131.764652252175,1722.75,1722.75,1,1722.75
2024-07-01 09:45:00+00:00,68.91,400.0,100.0,677.2616694605512,858.5962308096642,595.9067519819597,2131.764652252175,1722.75,1722.75,1,1722.75
2024-07-01 10:00:00+00:00,68.91,400.0,100.0,677.2616694605512,858.5962308096642,595.9067519819597,2131.764652252175,1722.75,1722.75,1,1722.75
2024-07-01 10:15:00+00:00,89.49,400.0,100.0,677.2616694605512,858.5962308096642,595.9067519819597,2131.764652252175,2237.25,2131.764652252175,0,2131.764652252175
2024-07-01 10:30:00+00:00,89.49,400.0,100.0,677.2616694605512,858.5962308096642,595.9067519819597,2131.764652252175,2237.25,2131.764652252175,0,2131.764652252175
2024-07-01 10:45:00+00:00,89.49,400.0,100.0,677.2616694605512,858.5962308096642,595.9067519819597,2131.764652252175,2237.25,2131.764652252175,0,2131.764652252175
2024-07-01 11:00:00+00:00,89.49,400.0,100.0,677.2616694605512,858.5962308096642,595.9067519819597,2131.764652252175,2237.25,2131.764652252175,0,2131.764652252175
2024-07-01 11:15:00+00:00,88.64,400.0,100.0,677.2616694605512,858.5962308096642,595.9067519819597,2131.764652252175,2216.0,2131.764652252175,0,2131.764652252175
2024-07-01 11:30:00+00:00,88.64,400.0,100.0,677.2616694605512,858.5962308096642,595.9067519819597,2131.764652252175,2216.0,2131.764652252175,0,2131.764652252175
2024-07-01 11:45:00+00:00,88.64,400.0,100.0,677.2616694605512,858.5962308096642,595.9067519819597,2131.764652252175,2216.0,2131.764652252175,0,2131.764652252175
2024-07-01 12:00:00+00:00,88.64,400.0,100.0,677.2616694605512,858.5962308096642,595.9067519819597,2131.764652252175,2216.0,2131.764652252175,0,2131.764652252175
2024-07-01 12:15:00+00:00,68.91,400.0,100.0,677.2616694605512,858.5962308096642,595.9067519819597,2131.764652252175,1722.75,1722.75,1,1722.75
2024-07-01 12:30:00+00:00,68.91,400.0,100.0,677.2616694605512,858.5962308096642,595.9067519819597,2131.764652252175,1722.75,1722.75,1,1722.75
2024-07-01 12:45:00+00:00,68.91,400.0,100.0,677.2616694605512,858.5962308096642,595.9067519819597,2131.764652252175,1722.75,1722.75,1,1722.75
2024-07-01 13:00:00+00:00,68.91,400.0,100.0,677.2616694605512,858.5962308096642,595.9067519819597,2131.764652252175,1722.75,1722.75,1,1722.75
2024-07-01 13:15:00+00:00,68.91,400.0,100.0,677.2616694605512,858.5962308096642,595.9067519819597,2131.764652252175,1722.75,1722.75,1,1722.75
2024-07-01 13:30:00+00:00,68.91,400.0,100.0,677.2616694605512,858.5962308096642,595.9067519819597,2131.764652252175,1722.75,1722.75,1,1722.75
2024-07-01 13:45:00+00:00,68.91,400.0,100.0,677.2616694605512,858.5962308096642,595.9067519819597,2131.764652252175,1722.75,1722.75,1,1722.75
2024-07-01 14:00:00+00:00,68.91,400.0,100.0,677.2616694605512,858.5962308096642,595.9067519819597,2131.764652252175,1722.75,1722.75,1,1722.75
2024-07-01 14:15:00+00:00,68.91,400.0,100.0,677.2616694605512,858.5962308096642,595.9067519819597,2131.764652252175,1722.75,1722.75,1,1722.75
2024-07-01 14:30:00+00:00,68.91,400.0,100.0,677.2616694605512,858.5962308096642,595.9067519819597,2131.764652252175,1722.75,1722.75,1,1722.75
2024-07-01 14:45:00+00:00,68.91,400.0,100.0,677.2616694605512,858.5962308096642,595.9067519819597,2131.764652252175,1722.75,1722.75,1,1722.75
2024-07-01 15:00:00+00:00,68.91,400.0,100.0,677.2616694605512,858.5962308096642,595.9067519819597,2131.764652252175,1722.75,1722.75,1,1722.75
2024-07-01 15:15:00+00:00,68.91,400.0,100.0,677.2616694605512,858.5962308096642,595.9067519819597,2131.764652252175,1722.75,1722.75,1,1722.75
2024-07-01 15:30:00+00:00,68.91,400.0,100.0,677.2616694605512,858.5962308096642,595.9067519819597,2131.764652252175,1722.75,1722.75,1,1722.75
2024-07-01 15:45:00+00:00,68.91,400.0,100.0,677.2616694605512,858.5962308096642,595.9067519819597,2131.764652252175,1722.75,1722.75,1,1722.75
2024-07-01 16:00:00+00:00,68.91,400.0,100.0,677.2616694605512,858.5962308096642,595.9067519819597,2131.764652252175,1722.75,1722.75,1,1722.75
2024-07-01 16:15:00+00:00,68.91,400.0,100.0,677.2616694605512,858.5962308096642,595.9067519819597,2131.764652252175,1722.75,1722.75,1,1722.75
2024-07-01 16:30:00+00:00,68.91,400.0,100.0,677.2616694605512,858.5962308096642,595.9067519819597,2131.764652252175,1722.75,1722.75,1,1722.75
2024-07-01 16:45:00+00:00,68.91,400.0,100.0,677.2616694605512,858.5962308096642,595.9067519819597,2131.764652252175,1722.75,1722.75,1,1722.75
2024-07-01 17:00:00+00:00,68.91,400.0,100.0,677.2616694605512,858.5962308096642,595.9067519819597,2131.764652252175,1722.75,1722.75,1,1722.75
2024-07-01 17:15:00+00:00,68.91,400.0,100.0,677.2616694605512,858.5962308096642,595.9067519819597,2131.764652252175,1722.75,1722.75,1,1722.75
2024-07-01 17:30:00+00:00,68.91,400.0,100.0,677.2616694605512,858.5962308096642,595.9067519819597,2131.764652252175,1722.75,1722.75,1,1722.75
2024-07-01 17:45:00+00:00,1000.0,400.0,100.0,677.2616694605512,858.5962308096642,595.9067519819597,2131.764652252175,25000.0,2131.764652252175,0,2131.764652252175
2024-07-01 18:00:00+00:00,1000.0,400.0,100.0,677.2616694605512,858.5962308096642,595.9067519819597,2131.764652252175,25000.0,2131.764652252175,0,2131.764652252175
2024-07-01 18:15:00+00:00,35.65,400.0,100.0,677.2616694605512,858.5962308096642,595.9067519819597,2131.764652252175,891.25,891.25,1,891.25
2024-07-01 18:30:00+00:00,1000.0,400.0,100.0,677.2616694605512,858.5962308096642,595.9067519819597,2131.764652252175,25000.0,2131.764652252175,0,2131.764652252175
2024-07-01 18:45:00+00:00,1000.0,400.0,100.0,677.2616694605512,858.5962308096642,595.9067519819597,2131.764652252175,25000.0,2131.764652252175,0,2131.764652252175
2024-07-01 19:00:00+00:00,1000.0,400.0,100.0,677.2616694605512,858.5962308096642,595.9067519819597,2131.764652252175,25000.0,2131.764652252175,0,2131.764652252175
2024-07-01 19:15:00+00:00,1000.0,400.0,100.0,677.2616694605512,858.5962308096642,595.9067519819597,2131.764652252175,25000.0,2131.764652252175,0,2131.764652252175
2024-07-01 19:30:00+00:00,1000.0,400.0,100.0,677.2616694605512,858.5962308096642,595.9067519819597,2131.764652252175,25000.0,2131.764652252175,0,2131.764652252175
2024-07-01 19:45:00+00:00,1000.0,400.0,100.0,677.2616694605512,858.5962308096642,595.9067519819597,2131.764652252175,25000.0,2131.764652252175,0,2131.764652252175
2024-07-01 20:00:00+00:00,1000.0,400.0,100.0,677.2616694605512,858.5962308096642,595.9067519819597,2131.764652252175,25000.0,2131.764652252175,0,2131.764652252175
2024-07-01 20:15:00+00:00,1000.0,400.0,100.0,677.2616694605512,858.5962308096642,595.9067519819597,2131.764652252175,25000.0,2131.764652252175,0,2131.764652252175
2024-07-01 20:30:00+00:00,1000.0,400.0,100.0,677.2616694605512,858.5962308096642,595.9067519819597,2131.764652252175,25000.0,2131.764652252175,0,2131.764652252175
2024-07-01 20:45:00+00:00,1000.0,400.0,100.0,677.2616694605512,858.5962308096642,595.9067519819597,2131.764652252175,25000.0,2131.764652252175,0,2131.764652252175
2024-07-01 21:00:00+00:00,1000.0,400.0,100.0,677.2616694605512,858.5962308096642,595.9067519819597,2131.764652252175,25000.0,2131.764652252175,0,2131.764652252175
2024-07-01 21:15:00+00:00,71.89,400.0,100.0,677.2616694605512,858.5962308096642,595.9067519819597,2131.764652252175,1797.25,1797.25,1,1797.25
2024-07-01 21:30:00+00:00,71.89,400.0,100.0,677.2616694605512,858.5962308096642,595.9067519819597,2131.764652252175,1797.25,1797.25,1,1797.25
2024-07-01 21:45:00+00:00,71.89,400.0,100.0,677.2616694605512,858.5962308096642,595.9067519819597,2131.764652252175,1797.25,1797.25,1,1797.25
2024-07-01 22:00:00+00:00,71.89,400.0,100.0,677.2616694605512,858.5962308096642,595.9067519819597,2131.764652252175,1797.25,1797.25,1,1797.25
2024-07-01 22:15:00+00:00,160.13,400.0,100.0,677.2616694605512,858.5962308096642,595.9067519819597,2131.764652252175,4003.25,2131.764652252175,0,2131.764652252175
2024-07-01 22:30:00+00:00,160.13,400.0,100.0,677.2616694605512,858.5962308096642,595.9067519819597,2131.764652252175,4003.25,2131.764652252175,0,2131.764652252175
2024-07-01 22:45:00+00:00,160.13,400.0,100.0,677.2616694605512,858.5962308096642,595.9067519819597,2131.764652252175,4003.25,2131.764652252175,0,2131.764652252175
2024-07-01 23:00:00+00:00,160.13,400.0,100.0,677.2616694605512,858.5962308096642,595.9067519819597,2131.764652252175,4003.25,2131.764652252175,0,2131.764652252175
2024-07-01 23:15:00+00:00,149.51,400.0,100.0,677.2616694605512,858.5962308096642,595.9067519819597,2131.764652252175,3737.75,2131.764652252175,0,2131.764652252175
2024-07-01 23:30:00+00:00,149.51,400.0,100.0,677.2616694605512,858.5962308096642,595.9067519819597,2131.764652252175,3737.75,2131.764652252175,0,2131.764652252175
2024-07-01 23:45:00+00:00,149.51,400.0,100.0,677.2616694605512,858.5962308096642,595.9067519819597,2131.764652252175,3737.75,2131.764652252175,0,2131.764652252175
2024-07-02 00:00:00+00:00,149.51,400.0,100.0,677.2616694605512,858.5962308096642,595.9067519819597,2131.764652252175,3737.75,2131.764652252175,0,2131.764652252175
2024-07-02 00:15:00+00:00,143.84,400.0,100.0,677.2616694605512,858.5962308096642,595.9067519819597,2131.764652252175,3596.0,2131.764652252175,0,2131.764652252175
2024-07-02 00:30:00+00:00,143.84,400.0,100.0,677.2616694605512,858.5962308096642,595.9067519819597,2131.764652252175,3596.0,2131.764652252175,0,2131.764652252175
2024-07-02 00:45:00+00:00,143.84,400.0,100.0,677.2616694605512,858.5962308096642,595.9067519819597,2131.764652252175,3596.0,2131.764652252175,0,2131.764652252175
2024-07-02 01:00:00+00:00,143.84,400.0,100.0,677.2616694605512,858.5962308096642,595.9067519819597,2131.764652252175,3596.0,2131.764652252175,0,2131.764652252175
2024-07-02 01:15:00+00:00,140.99,400.0,100.0,677.2616694605512,858.5962308096642,595.9067519819597,2131.764652252175,3524.75,2131.764652252175,0,2131.764652252175
2024-07-02 01:30:00+00:00,140.99,400.0,100.0,677.2616694605512,858.5962308096642,595.9067519819597,2131.764652252175,3524.75,2131.764652252175,0,2131.764652252175
2024-07-02 01:45:00+00:00,140.99,400.0,100.0,677.2616694605512,858.5962308096642,595.9067519819597,2131.764652252175,3524.75,2131.764652252175,0,2131.764652252175
2024-07-02 02:00:00+00:00,140.99,400.0,100.0,677.2616694605512,858.5962308096642,595.9067519819597,2131.764652252175,3524.75,2131.764652252175,0,2131.764652252175
2024-07-02 02:15:00+00:00,134.33,400.0,100.0,677.2616694605512,858.5962308096642,595.9067519819597,2131.764652252175,3358.2500000000005,2131.764652252175,0,2131.764652252175
2024-07-02 02:30:00+00:00,134.33,400.0,100.0,677.2616694605512,858.5962308096642,595.9067519819597,2131.764652252175,3358.2500000000005,2131.764652252175,0,2131.764652252175
2024-07-02 02:45:00+00:00,134.33,400.0,100.0,677.2616694605512,858.5962308096642,595.9067519819597,2131.764652252175,3358.2500000000005,2131.764652252175,0,2131.764652252175
2024-07-02 03:00:00+00:00,134.33,400.0,100.0,677.2616694605512,858.5962308096642,595.9067519819597,2131.764652252175,3358.2500000000005,2131.764652252175,0,2131.764652252175
2024-07-02 03:15:00+00:00,136.33,400.0,100.0,677.2616694605512,858.5962308096642,595.9067519819597,2131.764652252175,3408.2500000000005,2131.764652252175,0,2131.764652252175
2024-07-02 03:30:00+00:00,136.33,400.0,100.0,677.2616694605512,858.5962308096642,595.9067519819597,2131.764652252175,3408.2500000000005,2131.764652252175,0,2131.764652252175
2024-07-02 03:45:00+00:00,136.33,400.0,100.0,677.2616694605512,858.5962308096642,595.9067519819597,2131.764652252175,3408.2500000000005,2131.764652252175,0,2131.764652252175
2024-07-02 04:00:00+00:00,136.33,400.0,100.0,677.2616694605512,858.5962308096642,595.9067519819597,2131.764652252175,3408.2500000000005,2131.764652252175,0,2131.764652252175
2024-07-02 04:15:00+00:00,157.84,400.0,100.0,677.2616694605512,858.5962308096642,595.9067519819597,2131.764652252175,3946.0,2131.764652252175,0,2131.764652252175
2024-07-02 04:30:00+00:00,157.84,400.0,100.0,677.2616694605512,858.5962308096642,595.9067519819597,2131.764652252175,3946.0,2131.764652252175,0,2131.764652252175
2024-07-02 04:45:00+00:00,157.84,400.0,100.0,677.2616694605512,858.5962308096642,595.9067519819597,2131.764652252175,3946.0,2131.764652252175,0,2131.764652252175
2024-07-02 05:00:00+00:00,157.84,400.0,100.0,677.2616694605512,858.5962308096642,595.9067519819597,2131.764652252175,3946.0,2131.764652252175,0,2131.764652252175
2024-07-02 05:15:00+00:00,176.05,400.0,100.0,677.2616694605512,858.5962308096642,595.9067519819597,2131.764652252175,4401.25,2131.764652252175,0,2131.764652252175
2024-07-02 05:30:00+00:00,176.05,400.0,100.0,677.2616694605512,858.5962308096642,595.9067519819597,2131.764652252175,4401.25,2131.764652252175,0,2131.764652252175
2024-07-02 05:45:00+00:00,176.05,400.0,100.0,677.2616694605512,858.5962308096642,595.9067519819597,2131.764652252175,4401.25,2131.764652252175,0,2131.764652252175
2024-07-02 06:00:00+00:00,176.05,400.0,100.0,677.2616694605512,858.5962308096642,595.9067519819597,2131.764652252175,4401.25,2131.764652252175,0,2131.764652252175
2024-07-02 06:15:00+00:00,175.05,400.0,100.0,677.2616694605512,858.5962308096642,595.9067519819597,2131.764652252175,4376.25,2131.764652252175,0,2131.764652252175
2024-07-02 06:30:00+00:00,175.05,400.0,100.0,677.2616694605512,858.5962308096642,595.9067519819597,2131.764652252175,4376.25,2131.764652252175,0,2131.764652252175
2024-07-02 06:45:00+00:00,175.05,400.0,100.0,677.2616694605512,858.5962308096642,595.9067519819597,2131.764652252175,4376.25,2131.764652252175,0,2131.764652252175
2024-07-02 07:00:00+00:00,175.05,400.0,100.0,677.2616694605512,858.5962308096642,595.9067519819597,2131.764652252175,4376.25,2131.764652252175,0,2131.764652252175
2024-07-02 07:15:00+00:00,162.67,400.0,100.0,677.2616694605512,858.5962308096642,595.9067519819597,2131.764652252175,4066.7499999999995,2131.764652252175,0,2131.764652252175
2024-07-02 07:30:00+00:00,162.67,400.0,100.0,677.2616694605512,858.5962308096642,595.9067519819597,2131.764652252175,4066.7499999999995,2131.764652252175,0,2131.764652252175
2024-07-02 07:45:00+00:00,162.67,400.0,100.0,677.2616694605512,858.5962308096642,595.9067519819597,2131.764652252175,4066.7499999999995,2131.764652252175,0,2131.764652252175
2024-07-02 08:00:00+00:00,162.67,400.0,100.0,677.2616694605512,858.5962308096642,595.9067519819597,2131.764652252175,4066.7499999999995,2131.764652252175,0,2131.764652252175
2024-07-02 08:15:00+00:00,189.77,400.0,100.0,677.2616694605512,858.5962308096642,595.9067519819597,2131.764652252175,4744.25,2131.764652252175,0,2131.764652252175
2024-07-02 08:30:00+00:00,189.77,400.0,100.0,677.2616694605512,858.5962308096642,595.9067519819597,2131.764652252175,4744.25,2131.764652252175,0,2131.764652252175
2024-07-02 08:45:00+00:00,162.59,400.0,100.0,677.2616694605512,858.5962308096642,595.9067519819597,2131.764652252175,4064.75,2131.764652252175,0,2131.764652252175
2024-07-02 09:00:00+00:00,189.77,400.0,100.0,677.2616694605512,858.5962308096642,595.9067519819597,2131.764652252175,4744.25,2131.764652252175,0,2131.764652252175
2024-07-02 09:15:00+00:00,199.77,400.0,100.0,677.2616694605512,858.5962308096642,595.9067519819597,2131.764652252175,4994.25,2131.764652252175,0,2131.764652252175
2024-07-02 09:30:00+00:00,199.77,400.0,100.0,677.2616694605512,858.5962308096642,595.9067519819597,2131.764652252175,4994.25,2131.764652252175,0,2131.764652252175
2024-07-02 09:45:00+00:00,199.77,400.0,100.0,677.2616694605512,858.5962308096642,595.9067519819597,2131.764652252175,4994.25,2131.764652252175,0,2131.764652252175
2024-07-02 10:00:00+00:00,199.77,400.0,100.0,677.2616694605512,858.5962308096642,595.9067519819597,2131.764652252175,4994.25,2131.764652252175,0,2131.764652252175
2024-07-02 10:15:00+00:00,1000.0,400.0,100.0,677.2616694605512,858.5962308096642,595.9067519819597,2131.764652252175,25000.0,2131.764652252175,0,2131.764652252175
2024-07-02 10:30:00+00:00,1000.0,400.0,100.0,677.2616694605512,858.5962308096642,595.9067519819597,2131.764652252175,25000.0,2131.764652252175,0,2131.764652252175
2024-07-02 10:45:00+00:00,1000.0,400.0,100.0,677.2616694605512,858.5962308096642,595.9067519819597,2131.764652252175,25000.0,2131.764652252175,0,2131.764652252175
2024-07-02 11:00:00+00:00,1000.0,400.0,100.0,677.2616694605512,858.5962308096642,595.9067519819597,2131.764652252175,25000.0,2131.764652252175,0,2131.764652252175
2024-07-02 11:15:00+00:00,1000.0,400.0,100.0,677.2616694605512,858.5962308096642,595.9067519819597,2131.764652252175,25000.0,2131.764652252175,0,2131.764652252175
2024-07-02 11:30:00+00:00,1000.0,400.0,100.0,677.2616694605512,858.5962308096642,595.9067519819597,2131.764652252175,25000.0,2131.764652252175,0,2131.764652252175
2024-07-02 11:45:00+00:00,1000.0,400.0,100.0,677.2616694605512,858.5962308096642,595.9067519819597,2131.764652252175,25000.0,2131.764652252175,0,2131.764652252175
2024-07-02 12:00:00+00:00,1000.0,400.0,100.0,677.2616694605512,858.5962308096642,595.9067519819597,2131.764652252175,25000.0,2131.764652252175,0,2131.764652252175
2024-07-02 12:15:00+00:00,1000.0,400.0,100.0,677.2616694605512,858.5962308096642,595.9067519819597,2131.764652252175,25000.0,2131.764652252175,0,2131.764652252175
2024-07-02 12:30:00+00:00,1000.0,400.0,100.0,677.2616694605512,858.5962308096642,595.9067519819597,2131.764652252175,25000.0,2131.764652252175,0,2131.764652252175
2024-07-02 12:45:00+00:00,1000.0,400.0,100.0,677.2616694605512,858.5962308096642,595.9067519819597,2131.764652252175,25000.0,2131.764652252175,0,2131.764652252175
2024-07-02 13:00:00+00:00,1000.0,400.0,100.0,677.2616694605512,858.5962308096642,595.9067519819597,2131.764652252175,25000.0,2131.764652252175,0,2131.764652252175
2024-07-02 13:15:00+00:00,1000.0,400.0,100.0,677.2616694605512,858.5962308096642,595.9067519819597,2131.764652252175,25000.0,2131.764652252175,0,2131.764652252175
2024-07-02 13:30:00+00:00,1000.0,400.0,100.0,677.2616694605512,858.5962308096642,595.9067519819597,2131.764652252175,25000.0,2131.764652252175,0,2131.764652252175
2024-07-02 13:45:00+00:00,1000.0,400.0,100.0,677.2616694605512,858.5962308096642,595.9067519819597,2131.764652252175,25000.0,2131.764652252175,0,2131.764652252175
2024-07-02 14:00:00+00:00,1000.0,400.0,100.0,677.2616694605512,858.5962308096642,595.9067519819597,2131.764652252175,25000.0,2131.764652252175,0,2131.764652252175
2024-07-02 14:15:00+00:00,1000.0,400.0,100.0,677.2616694605512,858.5962308096642,595.9067519819597,2131.764652252175,25000.0,2131.764652252175,0,2131.764652252175
2024-07-02 14:30:00+00:00,1000.0,400.0,100.0,677.2616694605512,858.5962308096642,595.9067519819597,2131.764652252175,25000.0,2131.764652252175,0,2131.764652252175
2024-07-02 14:45:00+00:00,1000.0,400.0,100.0,677.2616694605512,858.5962308096642,595.9067519819597,2131.764652252175,25000.0,2131.764652252175,0,2131.764652252175
2024-07-02 15:00:00+00:00,1000.0,400.0,100.0,677.2616694605512,858.5962308096642,595.9067519819597,2131.764652252175,25000.0,2131.764652252175,0,2131.764652252175
2024-07-02 15:15:00+00:00,1000.0,400.0,100.0,677.2616694605512,858.5962308096642,595.9067519819597,2131.764652252175,25000.0,2131.764652252175,0,2131.764652252175
2024-07-02 15:30:00+00:00,1000.0,400.0,100.0,677.2616694605512,858.5962308096642,595.9067519819597,2131.764652252175,25000.0,2131.764652252175,0,2131.764652252175
2024-07-02 15:45:00+00:00,1000.0,400.0,100.0,677.2616694605512,858.5962308096642,595.9067519819597,2131.764652252175,25000.0,2131.764652252175,0,2131.764652252175
2024-07-02 16:00:00+00:00,1000.0,400.0,100.0,677.2616694605512,858.5962308096642,595.9067519819597,2131.764652252175,25000.0,2131.764652252175,0,2131.764652252175
2024-07-02 16:15:00+00:00,1000.0,400.0,100.0,677.2616694605512,858.5962308096642,595.9067519819597,2131.764652252175,25000.0,2131.764652252175,0,2131.764652252175
2024-07-02 16:30:00+00:00,161.4,400.0,100.0,677.2616694605512,858.5962308096642,595.9067519819597,2131.764652252175,4035.0,2131.764652252175,0,2131.764652252175
2024-07-02 16:45:00+00:00,161.4,400.0,100.0,677.2616694605512,858.5962308096642,595.9067519819597,2131.764652252175,4035.0,2131.764652252175,0,2131.764652252175
2024-07-02 17:00:00+00:00,161.4,400.0,100.0,677.2616694605512,858.5962308096642,595.9067519819597,2131.764652252175,4035.0,2131.764652252175,0,2131.764652252175
2024-07-02 17:15:00+00:00,217.16,400.0,100.0,677.2616694605512,858.5962308096642,595.9067519819597,2131.764652252175,5429.0,2131.764652252175,0,2131.764652252175
2024-07-02 17:30:00+00:00,68.89,400.0,100.0,677.2616694605512,858.5962308096642,595.9067519819597,2131.764652252175,1722.25,1722.25,1,1722.25
2024-07-02 17:45:00+00:00,68.89,400.0,100.0,677.2616694605512,858.5962308096642,595.9067519819597,2131.764652252175,1722.25,1722.25,1,1722.25
2024-07-02 18:00:00+00:00,68.89,400.0,100.0,677.2616694605512,858.5962308096642,595.9067519819597,2131.764652252175,1722.25,1722.25,1,1722.25
2024-07-02 18:15:00+00:00,68.89,400.0,100.0,677.2616694605512,858.5962308096642,595.9067519819597,2131.764652252175,1722.25,1722.25,1,1722.25
2024-07-02 18:30:00+00:00,14.57,400.0,100.0,677.2616694605512,858.5962308096642,595.9067519819597,2131.764652252175,364.25,364.25,1,364.25
2024-07-02 18:45:00+00:00,285.92,400.0,100.0,677.2616694605512,858.5962308096642,595.9067519819597,2131.764652252175,7148.0,2131.764652252175,0,2131.764652252175
2024-07-02 19:00:00+00:00,285.92,400.0,100.0,677.2616694605512,858.5962308096642,595.9067519819597,2131.764652252175,7148.0,2131.764652252175,0,2131.764652252175
2024-07-02 19:15:00+00:00,264.54,400.0,100.0,677.2616694605512,858.5962308096642,595.9067519819597,2131.764652252175,6613.500000000001,2131.764652252175,0,2131.764652252175
2024-07-02 19:30:00+00:00,264.54,400.0,100.0,677.2616694605512,858.5962308096642,595.9067519819597,2131.764652252175,6613.500000000001,2131.764652252175,0,2131.764652252175
2024-07-02 19:45:00+00:00,264.54,400.0,100.0,677.2616694605512,858.5962308096642,595.9067519819597,2131.764652252175,6613.500000000001,2131.764652252175,0,2131.764652252175
2024-07-02 20:00:00+00:00,264.54,400.0,100.0,677.2616694605512,858.5962308096642,595.9067519819597,2131.764652252175,6613.500000000001,2131.764652252175,0,2131.764652252175
2024-07-02 20:15:00+00:00,192.35,400.0,100.0,677.2616694605512,858.5962308096642,595.9067519819597,2131.764652252175,4808.75,2131.764652252175,0,2131.764652252175
2024-07-02 20:30:00+00:00,192.35,400.0,100.0,677.2616694605512,858.5962308096642,595.9067519819597,2131.764652252175,4808.75,2131.764652252175,0,2131.764652252175
2024-07-02 20:45:00+00:00,192.35,400.0,100.0,677.2616694605512,858.5962308096642,595.9067519819597,2131.764652252175,4808.75,2131.764652252175,0,2131.764652252175
2024-07-02 21:00:00+00:00,192.35,400.0,100.0,677.2616694605512,858.5962308096642,595.9067519819597,2131.764652252175,4808.75,2131.764652252175,0,2131.764652252175
2024-07-02 21:15:00+00:00,156.51,400.0,100.0,677.2616694605512,858.5962308096642,595.9067519819597,2131.764652252175,3912.75,2131.764652252175,0,2131.764652252175
2024-07-02 21:30:00+00:00,156.51,400.0,100.0,677.2616694605512,858.5962308096642,595.9067519819597,2131.764652252175,3912.75,2131.764652252175,0,2131.764652252175
2024-07-02 21:45:00+00:00,156.51,400.0,100.0,677.2616694605512,858.5962308096642,595.9067519819597,2131.764652252175,3912.75,2131.764652252175,0,2131.764652252175
2024-07-02 22:00:00+00:00,156.51,400.0,100.0,677.2616694605512,858.5962308096642,595.9067519819597,2131.764652252175,3912.75,2131.764652252175,0,2131.764652252175
2024-07-02 22:15:00+00:00,41.62,400.0,100.0,677.2616694605512,858.5962308096642,595.9067519819597,2131.764652252175,1040.5,1040.5,1,1040.5
2024-07-02 22:30:00+00:00,59.4,400.0,100.0,677.2616694605512,858.5962308096642,595.9067519819597,2131.764652252175,1485.0,1485.0,1,1485.0
2024-07-02 22:45:00+00:00,59.4,400.0,100.0,677.2616694605512,858.5962308096642,595.9067519819597,2131.764652252175,1485.0,1485.0,1,1485.0
2024-07-02 23:00:00+00:00,59.4,400.0,100.0,677.2616694605512,858.5962308096642,595.9067519819597,2131.764652252175,1485.0,1485.0,1,1485.0
2024-07-02 23:15:00+00:00,165.4,400.0,100.0,677.2616694605512,858.5962308096642,595.9067519819597,2131.764652252175,4135.0,2131.764652252175,0,2131.764652252175
2024-07-02 23:30:00+00:00,114.75,400.0,100.0,677.2616694605512,858.5962308096642,595.9067519819597,2131.764652252175,2868.75,2131.764652252175,0,2131.764652252175
2024-07-02 23:45:00+00:00,114.75,400.0,100.0,677.2616694605512,858.5962308096642,595.9067519819597,2131.764652252175,2868.75,2131.764652252175,0,2131.764652252175
2024-07-03 00:00:00+00:00,114.75,400.0,100.0,677.2616694605512,858.5962308096642,595.9067519819597,2131.764652252175,2868.75,2131.764652252175,0,2131.764652252175
2024-07-03 00:15:00+00:00,100.58,400.0,100.0,677.2616694605512,858.5962308096642,595.9067519819597,2131.764652252175,2514.5,2131.764652252175,0,2131.764652252175
2024-07-03 00:30:00+00:00,100.58,400.0,100.0,677.2616694605512,858.5962308096642,595.9067519819597,2131.764652252175,2514.5,2131.764652252175,0,2131.764652252175
2024-07-03 00:45:00+00:00,100.58,400.0,100.0,677.2616694605512,858.5962308096642,595.9067519819597,2131.764652252175,2514.5,2131.764652252175,0,2131.764652252175
2024-07-03 01:00:00+00:00,101.56,400.0,100.0,677.2616694605512,858.5962308096642,595.9067519819597,2131.764652252175,2539.0,2131.764652252175,0,2131.764652252175
2024-07-03 01:15:00+00:00,106.16,400.0,100.0,677.2616694605512,858.5962308096642,595.9067519819597,2131.764652252175,2654.0,2131.764652252175,0,2131.764652252175
2024-07-03 01:30:00+00:00,41.62,400.0,100.0,677.2616694605512,858.5962308096642,595.9067519819597,2131.764652252175,1040.5,1040.5,1,1040.5
2024-07-03 01:45:00+00:00,41.62,400.0,100.0,677.2616694605512,858.5962308096642,595.9067519819597,2131.764652252175,1040.5,1040.5,1,1040.5
2024-07-03 02:00:00+00:00,106.16,400.0,100.0,677.2616694605512,858.5962308096642,595.9067519819597,2131.764652252175,2654.0,2131.764652252175,0,2131.764652252175
2024-07-03 02:15:00+00:00,122.75,400.0,100.0,677.2616694605512,858.5962308096642,595.9067519819597,2131.764652252175,3068.75,2131.764652252175,0,2131.764652252175
2024-07-03 02:30:00+00:00,107.56,400.0,100.0,677.2616694605512,858.5962308096642,595.9067519819597,2131.764652252175,2689.0,2131.764652252175,0,2131.764652252175
2024-07-03 02:45:00+00:00,122.75,400.0,100.0,677.2616694605512,858.5962308096642,595.9067519819597,2131.764652252175,3068.75,2131.764652252175,0,2131.764652252175
2024-07-03 03:00:00+00:00,107.56,400.0,100.0,677.2616694605512,858.5962308096642,595.9067519819597,2131.764652252175,2689.0,2131.764652252175,0,2131.764652252175
2024-07-03 03:15:00+00:00,108.75,400.0,100.0,677.2616694605512,858.5962308096642,595.9067519819597,2131.764652252175,2718.75,2131.764652252175,0,2131.764652252175
2024-07-03 03:30:00+00:00,108.75,400.0,100.0,677.2616694605512,858.5962308096642,595.9067519819597,2131.764652252175,2718.75,2131.764652252175,0,2131.764652252175
2024-07-03 03:45:00+00:00,108.75,400.0,100.0,677.2616694605512,858.5962308096642,595.9067519819597,2131.764652252175,2718.75,2131.764652252175,0,2131.764652252175
2024-07-03 04:00:00+00:00,159.4,400.0,100.0,677.2616694605512,858.5962308096642,595.9067519819597,2131.764652252175,3985.0,2131.764652252175,0,2131.764652252175
2024-07-03 04:15:00+00:00,118.93,400.0,100.0,677.2616694605512,858.5962308096642,595.9067519819597,2131.764652252175,2973.25,2131.764652252175,0,2131.764652252175
2024-07-03 04:30:00+00:00,98.93,400.0,100.0,677.2616694605512,858.5962308096642,595.9067519819597,2131.764652252175,2473.25,2131.764652252175,0,2131.764652252175
2024-07-03 04:45:00+00:00,98.93,400.0,100.0,677.2616694605512,858.5962308096642,595.9067519819597,2131.764652252175,2473.25,2131.764652252175,0,2131.764652252175
2024-07-03 05:00:00+00:00,1000.0,400.0,100.0,677.2616694605512,858.5962308096642,595.9067519819597,2131.764652252175,25000.0,2131.764652252175,0,2131.764652252175
2024-07-03 05:15:00+00:00,125.62,400.0,100.0,677.2616694605512,858.5962308096642,595.9067519819597,2131.764652252175,3140.5,2131.764652252175,0,2131.764652252175
2024-07-03 05:30:00+00:00,85.3,400.0,100.0,677.2616694605512,858.5962308096642,595.9067519819597,2131.764652252175,2132.5,2131.764652252175,0,2131.764652252175
2024-07-03 05:45:00+00:00,85.3,400.0,100.0,677.2616694605512,858.5962308096642,595.9067519819597,2131.764652252175,2132.5,2131.764652252175,0,2131.764652252175
2024-07-03 06:00:00+00:00,85.3,400.0,100.0,677.2616694605512,858.5962308096642,595.9067519819597,2131.764652252175,2132.5,2131.764652252175,0,2131.764652252175
2024-07-03 06:15:00+00:00,79.4,400.0,100.0,677.2616694605512,858.5962308096642,595.9067519819597,2131.764652252175,1985.0000000000002,1985.0000000000002,1,1985.0000000000002
2024-07-03 06:30:00+00:00,79.4,400.0,100.0,677.2616694605512,858.5962308096642,595.9067519819597,2131.764652252175,1985.0000000000002,1985.0000000000002,1,1985.0000000000002
2024-07-03 06:45:00+00:00,79.4,400.0,100.0,677.2616694605512,858.5962308096642,595.9067519819597,2131.764652252175,1985.0000000000002,1985.0000000000002,1,1985.0000000000002
2024-07-03 07:00:00+00:00,1000.0,400.0,100.0,677.2616694605512,858.5962308096642,595.9067519819597,2131.764652252175,25000.0,2131.764652252175,0,2131.764652252175
2024-07-03 07:15:00+00:00,1000.0,400.0,100.0,677.2616694605512,858.5962308096642,595.9067519819597,2131.764652252175,25000.0,2131.764652252175,0,2131.764652252175
2024-07-03 07:30:00+00:00,129.73,400.0,100.0,677.2616694605512,858.5962308096642,595.9067519819597,2131.764652252175,3243.2499999999995,2131.764652252175,0,2131.764652252175
2024-07-03 07:45:00+00:00,129.73,400.0,100.0,677.2616694605512,858.5962308096642,595.9067519819597,2131.764652252175,3243.2499999999995,2131.764652252175,0,2131.764652252175
2024-07-03 08:00:00+00:00,129.73,400.0,100.0,677.2616694605512,858.5962308096642,595.9067519819597,2131.764652252175,3243.2499999999995,2131.764652252175,0,2131.764652252175
2024-07-03 08:15:00+00:00,199.4,400.0,100.0,677.2616694605512,858.5962308096642,595.9067519819597,2131.764652252175,4985.0,2131.764652252175,0,2131.764652252175
2024-07-03 08:30:00+00:00,199.4,400.0,100.0,677.2616694605512,858.5962308096642,595.9067519819597,2131.764652252175,4985.0,2131.764652252175,0,2131.764652252175
2024-07-03 08:45:00+00:00,132.58,400.0,100.0,677.2616694605512,858.5962308096642,595.9067519819597,2131.764652252175,3314.5000000000005,2131.764652252175,0,2131.764652252175
2024-07-03 09:00:00+00:00,199.4,400.0,100.0,677.2616694605512,858.5962308096642,595.9067519819597,2131.764652252175,4985.0,2131.764652252175,0,2131.764652252175
2024-07-03 09:15:00+00:00,204.4,400.0,100.0,677.2616694605512,858.5962308096642,595.9067519819597,2131.764652252175,5110.0,2131.764652252175,0,2131.764652252175
2024-07-03 09:30:00+00:00,204.4,400.0,100.0,677.2616694605512,858.5962308096642,595.9067519819597,2131.764652252175,5110.0,2131.764652252175,0,2131.764652252175
2024-07-03 09:45:00+00:00,204.4,400.0,100.0,677.2616694605512,858.5962308096642,595.9067519819597,2131.764652252175,5110.0,2131.764652252175,0,2131.764652252175
2024-07-03 10:00:00+00:00,204.4,400.0,100.0,677.2616694605512,858.5962308096642,595.9067519819597,2131.764652252175,5110.0,2131.764652252175,0,2131.764652252175
2024-07-03 10:15:00+00:00,218.85,400.0,100.0,677.2616694605512,858.5962308096642,595.9067519819597,2131.764652252175,5471.25,2131.764652252175,0,2131.764652252175
2024-07-03 10:30:00+00:00,218.85,400.0,100.0,677.2616694605512,858.5962308096642,595.9067519819597,2131.764652252175,5471.25,2131.764652252175,0,2131.764652252175
2024-07-03 10:45:00+00:00,218.85,400.0,100.0,677.2616694605512,858.5962308096642,595.9067519819597,2131.764652252175,5471.25,2131.764652252175,0,2131.764652252175
2024-07-03 11:00:00+00:00,218.85,400.0,100.0,677.2616694605512,858.5962308096642,595.9067519819597,2131.764652252175,5471.25,2131.764652252175,0,2131.764652252175
2024-07-03 11:15:00+00:00,211.69,400.0,100.0,677.2616694605512,858.5962308096642,595.9067519819597,2131.764652252175,5292.25,2131.764652252175,0,2131.764652252175
2024-07-03 11:30:00+00:00,211.69,400.0,100.0,677.2616694605512,858.5962308096642,595.9067519819597,2131.764652252175,5292.25,2131.764652252175,0,2131.764652252175
2024-07-03 11:45:00+00:00,211.69,400.0,100.0,677.2616694605512,858.5962308096642,595.9067519819597,2131.764652252175,5292.25,2131.764652252175,0,2131.764652252175
2024-07-03 12:00:00+00:00,211.69,400.0,100.0,677.2616694605512,858.5962308096642,595.9067519819597,2131.764652252175,5292.25,2131.764652252175,0,2131.764652252175
2024-07-03 12:15:00+00:00,187.4,400.0,100.0,677.2616694605512,858.5962308096642,595.9067519819597,2131.764652252175,4685.0,2131.764652252175,0,2131.764652252175
2024-07-03 12:30:00+00:00,187.4,400.0,100.0,677.2616694605512,858.5962308096642,595.9067519819597,2131.764652252175,4685.0,2131.764652252175,0,2131.764652252175
2024-07-03 12:45:00+00:00,187.4,400.0,100.0,677.2616694605512,858.5962308096642,595.9067519819597,2131.764652252175,4685.0,2131.764652252175,0,2131.764652252175
2024-07-03 13:00:00+00:00,187.4,400.0,100.0,677.2616694605512,858.5962308096642,595.9067519819597,2131.764652252175,4685.0,2131.764652252175,0,2131.764652252175
2024-07-03 13:15:00+00:00,59.75,400.0,100.0,677.2616694605512,858.5962308096642,595.9067519819597,2131.764652252175,1493.75,1493.75,1,1493.75
2024-07-03 13:30:00+00:00,110.4,400.0,100.0,677.2616694605512,858.5962308096642,595.9067519819597,2131.764652252175,2760.0,2131.764652252175,0,2131.764652252175
2024-07-03 13:45:00+00:00,59.75,400.0,100.0,677.2616694605512,858.5962308096642,595.9067519819597,2131.764652252175,1493.75,1493.75,1,1493.75
2024-07-03 14:00:00+00:00,110.4,400.0,100.0,677.2616694605512,858.5962308096642,595.9067519819597,2131.764652252175,2760.0,2131.764652252175,0,2131.764652252175
2024-07-03 14:15:00+00:00,120.51,400.0,100.0,677.2616694605512,858.5962308096642,595.9067519819597,2131.764652252175,3012.75,2131.764652252175,0,2131.764652252175
2024-07-03 14:30:00+00:00,87.1,400.0,100.0,677.2616694605512,858.5962308096642,595.9067519819597,2131.764652252175,2177.5,2131.764652252175,0,2131.764652252175
2024-07-03 14:45:00+00:00,87.1,400.0,100.0,677.2616694605512,858.5962308096642,595.9067519819597,2131.764652252175,2177.5,2131.764652252175,0,2131.764652252175
2024-07-03 15:00:00+00:00,87.1,400.0,100.0,677.2616694605512,858.5962308096642,595.9067519819597,2131.764652252175,2177.5,2131.764652252175,0,2131.764652252175
2024-07-03 15:15:00+00:00,68.89,400.0,100.0,677.2616694605512,858.5962308096642,595.9067519819597,2131.764652252175,1722.25,1722.25,1,1722.25
2024-07-03 15:30:00+00:00,124.46,400.0,100.0,677.2616694605512,858.5962308096642,595.9067519819597,2131.764652252175,3111.5,2131.764652252175,0,2131.764652252175
2024-07-03 15:45:00+00:00,68.89,400.0,100.0,677.2616694605512,858.5962308096642,595.9067519819597,2131.764652252175,1722.25,1722.25,1,1722.25
2024-07-03 16:00:00+00:00,68.89,400.0,100.0,677.2616694605512,858.5962308096642,595.9067519819597,2131.764652252175,1722.25,1722.25,1,1722.25
2024-07-03 16:15:00+00:00,144.99,400.0,100.0,677.2616694605512,858.5962308096642,595.9067519819597,2131.764652252175,3624.75,2131.764652252175,0,2131.764652252175
2024-07-03 16:30:00+00:00,144.99,400.0,100.0,677.2616694605512,858.5962308096642,595.9067519819597,2131.764652252175,3624.75,2131.764652252175,0,2131.764652252175
2024-07-03 16:45:00+00:00,68.89,400.0,100.0,677.2616694605512,858.5962308096642,595.9067519819597,2131.764652252175,1722.25,1722.25,1,1722.25
2024-07-03 17:00:00+00:00,68.89,400.0,100.0,677.2616694605512,858.5962308096642,595.9067519819597,2131.764652252175,1722.25,1722.25,1,1722.25
2024-07-03 17:15:00+00:00,68.89,400.0,100.0,677.2616694605512,858.5962308096642,595.9067519819597,2131.764652252175,1722.25,1722.25,1,1722.25
2024-07-03 17:30:00+00:00,41.62,400.0,100.0,677.2616694605512,858.5962308096642,595.9067519819597,2131.764652252175,1040.5,1040.5,1,1040.5
2024-07-03 17:45:00+00:00,41.62,400.0,100.0,677.2616694605512,858.5962308096642,595.9067519819597,2131.764652252175,1040.5,1040.5,1,1040.5
2024-07-03 18:00:00+00:00,41.62,400.0,100.0,677.2616694605512,858.5962308096642,595.9067519819597,2131.764652252175,1040.5,1040.5,1,1040.5
2024-07-03 18:15:00+00:00,14.46,400.0,100.0,677.2616694605512,858.5962308096642,595.9067519819597,2131.764652252175,361.5,361.5,1,361.5
2024-07-03 18:30:00+00:00,14.46,400.0,100.0,677.2616694605512,858.5962308096642,595.9067519819597,2131.764652252175,361.5,361.5,1,361.5
2024-07-03 18:45:00+00:00,14.46,400.0,100.0,677.2616694605512,858.5962308096642,595.9067519819597,2131.764652252175,361.5,361.5,1,361.5
2024-07-03 19:00:00+00:00,14.46,400.0,100.0,677.2616694605512,858.5962308096642,595.9067519819597,2131.764652252175,361.5,361.5,1,361.5
2024-07-03 19:15:00+00:00,41.62,400.0,100.0,677.2616694605512,858.5962308096642,595.9067519819597,2131.764652252175,1040.5,1040.5,1,1040.5
2024-07-03 19:30:00+00:00,41.62,400.0,100.0,677.2616694605512,858.5962308096642,595.9067519819597,2131.764652252175,1040.5,1040.5,1,1040.5
2024-07-03 19:45:00+00:00,68.89,400.0,100.0,677.2616694605512,858.5962308096642,595.9067519819597,2131.764652252175,1722.25,1722.25,1,1722.25
2024-07-03 20:00:00+00:00,222.83,400.0,100.0,677.2616694605512,858.5962308096642,595.9067519819597,2131.764652252175,5570.75,2131.764652252175,0,2131.764652252175
2024-07-03 20:15:00+00:00,189.28,400.0,100.0,677.2616694605512,858.5962308096642,595.9067519819597,2131.764652252175,4732.0,2131.764652252175,0,2131.764652252175
2024-07-03 20:30:00+00:00,41.62,400.0,100.0,677.2616694605512,858.5962308096642,595.9067519819597,2131.764652252175,1040.5,1040.5,1,1040.5
2024-07-03 20:45:00+00:00,41.62,400.0,100.0,677.2616694605512,858.5962308096642,595.9067519819597,2131.764652252175,1040.5,1040.5,1,1040.5
2024-07-03 21:00:00+00:00,186.8,400.0,100.0,677.2616694605512,858.5962308096642,595.9067519819597,2131.764652252175,4670.0,2131.764652252175,0,2131.764652252175
2024-07-03 21:15:00+00:00,139.92,400.0,100.0,677.2616694605512,858.5962308096642,595.9067519819597,2131.764652252175,3497.9999999999995,2131.764652252175,0,2131.764652252175
2024-07-03 21:30:00+00:00,119.92,400.0,100.0,677.2616694605512,858.5962308096642,595.9067519819597,2131.764652252175,2998.0,2131.764652252175,0,2131.764652252175
2024-07-03 21:45:00+00:00,41.62,400.0,100.0,677.2616694605512,858.5962308096642,595.9067519819597,2131.764652252175,1040.5,1040.5,1,1040.5
2024-07-03 22:00:00+00:00,41.62,400.0,100.0,677.2616694605512,858.5962308096642,595.9067519819597,2131.764652252175,1040.5,1040.5,1,1040.5
2024-07-03 22:15:00+00:00,101.12,400.0,100.0,677.2616694605512,858.5962308096642,595.9067519819597,2131.764652252175,2528.0,2131.764652252175,0,2131.764652252175
2024-07-03 22:30:00+00:00,101.12,400.0,100.0,677.2616694605512,858.5962308096642,595.9067519819597,2131.764652252175,2528.0,2131.764652252175,0,2131.764652252175
2024-07-03 22:45:00+00:00,101.12,400.0,100.0,677.2616694605512,858.5962308096642,595.9067519819597,2131.764652252175,2528.0,2131.764652252175,0,2131.764652252175
2024-07-03 23:00:00+00:00,101.12,400.0,100.0,677.2616694605512,858.5962308096642,595.9067519819597,2131.764652252175,2528.0,2131.764652252175,0,2131.764652252175
2024-07-03 23:15:00+00:00,112.4,400.0,100.0,677.2616694605512,858.5962308096642,595.9067519819597,2131.764652252175,2810.0,2131.764652252175,0,2131.764652252175
2024-07-03 23:30:00+00:00,112.4,400.0,100.0,677.2616694605512,858.5962308096642,595.9067519819597,2131.764652252175,2810.0,2131.764652252175,0,2131.764652252175
2024-07-03 23:45:00+00:00,101.76,400.0,100.0,677.2616694605512,858.5962308096642,595.9067519819597,2131.764652252175,2544.0,2131.764652252175,0,2131.764652252175
2024-07-04 00:00:00+00:00,101.76,400.0,100.0,677.2616694605512,858.5962308096642,595.9067519819597,2131.764652252175,2544.0,2131.764652252175,0,2131.764652252175
2024-07-04 00:15:00+00:00,132.07,400.0,100.0,677.2616694605512,858.5962308096642,595.9067519819597,2131.764652252175,3301.75,2131.764652252175,0,2131.764652252175
2024-07-04 00:30:00+00:00,132.07,400.0,100.0,677.2616694605512,858.5962308096642,595.9067519819597,2131.764652252175,3301.75,2131.764652252175,0,2131.764652252175
2024-07-04 00:45:00+00:00,132.07,400.0,100.0,677.2616694605512,858.5962308096642,595.9067519819597,2131.764652252175,3301.75,2131.764652252175,0,2131.764652252175
2024-07-04 01:00:00+00:00,132.07,400.0,100.0,677.2616694605512,858.5962308096642,595.9067519819597,2131.764652252175,3301.75,2131.764652252175,0,2131.764652252175
2024-07-04 01:15:00+00:00,137.76,400.0,100.0,677.2616694605512,858.5962308096642,595.9067519819597,2131.764652252175,3444.0,2131.764652252175,0,2131.764652252175
2024-07-04 01:30:00+00:00,148.4,400.0,100.0,677.2616694605512,858.5962308096642,595.9067519819597,2131.764652252175,3710.0,2131.764652252175,0,2131.764652252175
2024-07-04 01:45:00+00:00,148.4,400.0,100.0,677.2616694605512,858.5962308096642,595.9067519819597,2131.764652252175,3710.0,2131.764652252175,0,2131.764652252175
2024-07-04 02:00:00+00:00,148.4,400.0,100.0,677.2616694605512,858.5962308096642,595.9067519819597,2131.764652252175,3710.0,2131.764652252175,0,2131.764652252175
2024-07-04 02:15:00+00:00,144.4,400.0,100.0,677.2616694605512,858.5962308096642,595.9067519819597,2131.764652252175,3610.0,2131.764652252175,0,2131.764652252175
2024-07-04 02:30:00+00:00,144.4,400.0,100.0,677.2616694605512,858.5962308096642,595.9067519819597,2131.764652252175,3610.0,2131.764652252175,0,2131.764652252175
2024-07-04 02:45:00+00:00,133.76,400.0,100.0,677.2616694605512,858.5962308096642,595.9067519819597,2131.764652252175,3344.0,2131.764652252175,0,2131.764652252175
2024-07-04 03:00:00+00:00,152.36,400.0,100.0,677.2616694605512,858.5962308096642,595.9067519819597,2131.764652252175,3809.0000000000005,2131.764652252175,0,2131.764652252175
2024-07-04 03:15:00+00:00,173.33,400.0,100.0,677.2616694605512,858.5962308096642,595.9067519819597,2131.764652252175,4333.25,2131.764652252175,0,2131.764652252175
2024-07-04 03:30:00+00:00,173.33,400.0,100.0,677.2616694605512,858.5962308096642,595.9067519819597,2131.764652252175,4333.25,2131.764652252175,0,2131.764652252175
2024-07-04 03:45:00+00:00,173.33,400.0,100.0,677.2616694605512,858.5962308096642,595.9067519819597,2131.764652252175,4333.25,2131.764652252175,0,2131.764652252175
2024-07-04 04:00:00+00:00,173.33,400.0,100.0,677.2616694605512,858.5962308096642,595.9067519819597,2131.764652252175,4333.25,2131.764652252175,0,2131.764652252175
2024-07-04 04:15:00+00:00,107.07,400.0,100.0,677.2616694605512,858.5962308096642,595.9067519819597,2131.764652252175,2676.75,2131.764652252175,0,2131.764652252175
2024-07-04 04:30:00+00:00,107.07,400.0,100.0,677.2616694605512,858.5962308096642,595.9067519819597,2131.764652252175,2676.75,2131.764652252175,0,2131.764652252175
2024-07-04 04:45:00+00:00,70.89,400.0,100.0,677.2616694605512,858.5962308096642,595.9067519819597,2131.764652252175,1772.25,1772.25,1,1772.25
2024-07-04 05:00:00+00:00,107.07,400.0,100.0,677.2616694605512,858.5962308096642,595.9067519819597,2131.764652252175,2676.75,2131.764652252175,0,2131.764652252175
2024-07-04 05:15:00+00:00,103.36,400.0,100.0,677.2616694605512,858.5962308096642,595.9067519819597,2131.764652252175,2584.0,2131.764652252175,0,2131.764652252175
2024-07-04 05:30:00+00:00,120.94,400.0,100.0,677.2616694605512,858.5962308096642,595.9067519819597,2131.764652252175,3023.5,2131.764652252175,0,2131.764652252175
2024-07-04 05:45:00+00:00,120.94,400.0,100.0,677.2616694605512,858.5962308096642,595.9067519819597,2131.764652252175,3023.5,2131.764652252175,0,2131.764652252175
2024-07-04 06:00:00+00:00,120.94,400.0,100.0,677.2616694605512,858.5962308096642,595.9067519819597,2131.764652252175,3023.5,2131.764652252175,0,2131.764652252175
2024-07-04 06:15:00+00:00,34.8,400.0,100.0,677.2616694605512,858.5962308096642,595.9067519819597,2131.764652252175,869.9999999999999,869.9999999999999,1,869.9999999999999
2024-07-04 06:30:00+00:00,34.8,400.0,100.0,677.2616694605512,858.5962308096642,595.9067519819597,2131.764652252175,869.9999999999999,869.9999999999999,1,869.9999999999999
2024-07-04 06:45:00+00:00,34.8,400.0,100.0,677.2616694605512,858.5962308096642,595.9067519819597,2131.764652252175,869.9999999999999,869.9999999999999,1,869.9999999999999
2024-07-04 07:00:00+00:00,131.59,400.0,100.0,677.2616694605512,858.5962308096642,595.9067519819597,2131.764652252175,3289.75,2131.764652252175,0,2131.764652252175
2024-07-04 07:15:00+00:00,119.53,400.0,100.0,677.2616694605512,858.5962308096642,595.9067519819597,2131.764652252175,2988.25,2131.764652252175,0,2131.764652252175
2024-07-04 07:30:00+00:00,227.75,400.0,100.0,677.2616694605512,858.5962308096642,595.9067519819597,2131.764652252175,5693.75,2131.764652252175,0,2131.764652252175
2024-07-04 07:45:00+00:00,227.75,400.0,100.0,677.2616694605512,858.5962308096642,595.9067519819597,2131.764652252175,5693.75,2131.764652252175,0,2131.764652252175
2024-07-04 08:00:00+00:00,227.75,400.0,100.0,677.2616694605512,858.5962308096642,595.9067519819597,2131.764652252175,5693.75,2131.764652252175,0,2131.764652252175
2024-07-04 08:15:00+00:00,304.16,400.0,100.0,677.2616694605512,858.5962308096642,595.9067519819597,2131.764652252175,7604.000000000001,2131.764652252175,0,2131.764652252175
2024-07-04 08:30:00+00:00,304.16,400.0,100.0,677.2616694605512,858.5962308096642,595.9067519819597,2131.764652252175,7604.000000000001,2131.764652252175,0,2131.764652252175
2024-07-04 08:45:00+00:00,304.16,400.0,100.0,677.2616694605512,858.5962308096642,595.9067519819597,2131.764652252175,7604.000000000001,2131.764652252175,0,2131.764652252175
2024-07-04 09:00:00+00:00,304.16,400.0,100.0,677.2616694605512,858.5962308096642,595.9067519819597,2131.764652252175,7604.000000000001,2131.764652252175,0,2131.764652252175
2024-07-04 09:15:00+00:00,260.16,400.0,100.0,677.2616694605512,858.5962308096642,595.9067519819597,2131.764652252175,6504.000000000001,2131.764652252175,0,2131.764652252175
2024-07-04 09:30:00+00:00,260.16,400.0,100.0,677.2616694605512,858.5962308096642,595.9067519819597,2131.764652252175,6504.000000000001,2131.764652252175,0,2131.764652252175
2024-07-04 09:45:00+00:00,260.16,400.0,100.0,677.2616694605512,858.5962308096642,595.9067519819597,2131.764652252175,6504.000000000001,2131.764652252175,0,2131.764652252175
2024-07-04 10:00:00+00:00,260.16,400.0,100.0,677.2616694605512,858.5962308096642,595.9067519819597,2131.764652252175,6504.000000000001,2131.764652252175,0,2131.764652252175
2024-07-04 10:15:00+00:00,275.15,400.0,100.0,677.2616694605512,858.5962308096642,595.9067519819597,2131.764652252175,6878.749999999999,2131.764652252175,0,2131.764652252175
2024-07-04 10:30:00+00:00,275.15,400.0,100.0,677.2616694605512,858.5962308096642,595.9067519819597,2131.764652252175,6878.749999999999,2131.764652252175,0,2131.764652252175
2024-07-04 10:45:00+00:00,275.15,400.0,100.0,677.2616694605512,858.5962308096642,595.9067519819597,2131.764652252175,6878.749999999999,2131.764652252175,0,2131.764652252175
2024-07-04 11:00:00+00:00,275.15,400.0,100.0,677.2616694605512,858.5962308096642,595.9067519819597,2131.764652252175,6878.749999999999,2131.764652252175,0,2131.764652252175
2024-07-04 11:15:00+00:00,273.39,400.0,100.0,677.2616694605512,858.5962308096642,595.9067519819597,2131.764652252175,6834.75,2131.764652252175,0,2131.764652252175
2024-07-04 11:30:00+00:00,273.4,400.0,100.0,677.2616694605512,858.5962308096642,595.9067519819597,2131.764652252175,6834.999999999999,2131.764652252175,0,2131.764652252175
2024-07-04 11:45:00+00:00,273.4,400.0,100.0,677.2616694605512,858.5962308096642,595.9067519819597,2131.764652252175,6834.999999999999,2131.764652252175,0,2131.764652252175
2024-07-04 12:00:00+00:00,273.4,400.0,100.0,677.2616694605512,858.5962308096642,595.9067519819597,2131.764652252175,6834.999999999999,2131.764652252175,0,2131.764652252175
2024-07-04 12:15:00+00:00,278.17,400.0,100.0,677.2616694605512,858.5962308096642,595.9067519819597,2131.764652252175,6954.25,2131.764652252175,0,2131.764652252175
2024-07-04 12:30:00+00:00,278.17,400.0,100.0,677.2616694605512,858.5962308096642,595.9067519819597,2131.764652252175,6954.25,2131.764652252175,0,2131.764652252175
2024-07-04 12:45:00+00:00,278.17,400.0,100.0,677.2616694605512,858.5962308096642,595.9067519819597,2131.764652252175,6954.25,2131.764652252175,0,2131.764652252175
2024-07-04 13:00:00+00:00,278.17,400.0,100.0,677.2616694605512,858.5962308096642,595.9067519819597,2131.764652252175,6954.25,2131.764652252175,0,2131.764652252175
2024-07-04 13:15:00+00:00,312.17,400.0,100.0,677.2616694605512,858.5962308096642,595.9067519819597,2131.764652252175,7804.25,2131.764652252175,0,2131.764652252175
2024-07-04 13:30:00+00:00,312.17,400.0,100.0,677.2616694605512,858.5962308096642,595.9067519819597,2131.764652252175,7804.25,2131.764652252175,0,2131.764652252175
2024-07-04 13:45:00+00:00,312.17,400.0,100.0,677.2616694605512,858.5962308096642,595.9067519819597,2131.764652252175,7804.25,2131.764652252175,0,2131.764652252175
2024-07-04 14:00:00+00:00,312.17,400.0,100.0,677.2616694605512,858.5962308096642,595.9067519819597,2131.764652252175,7804.25,2131.764652252175,0,2131.764652252175
2024-07-04 14:15:00+00:00,256.56,400.0,100.0,677.2616694605512,858.5962308096642,595.9067519819597,2131.764652252175,6414.0,2131.764652252175,0,2131.764652252175
2024-07-04 14:30:00+00:00,256.56,400.0,100.0,677.2616694605512,858.5962308096642,595.9067519819597,2131.764652252175,6414.0,2131.764652252175,0,2131.764652252175
2024-07-04 14:45:00+00:00,256.55,400.0,100.0,677.2616694605512,858.5962308096642,595.9067519819597,2131.764652252175,6413.75,2131.764652252175,0,2131.764652252175
2024-07-04 15:00:00+00:00,256.55,400.0,100.0,677.2616694605512,858.5962308096642,595.9067519819597,2131.764652252175,6413.75,2131.764652252175,0,2131.764652252175
2024-07-04 15:15:00+00:00,218.95,400.0,100.0,677.2616694605512,858.5962308096642,595.9067519819597,2131.764652252175,5473.75,2131.764652252175,0,2131.764652252175
2024-07-04 15:30:00+00:00,218.95,400.0,100.0,677.2616694605512,858.5962308096642,595.9067519819597,2131.764652252175,5473.75,2131.764652252175,0,2131.764652252175
2024-07-04 15:45:00+00:00,218.95,400.0,100.0,677.2616694605512,858.5962308096642,595.9067519819597,2131.764652252175,5473.75,2131.764652252175,0,2131.764652252175
2024-07-04 16:00:00+00:00,218.95,400.0,100.0,677.2616694605512,858.5962308096642,595.9067519819597,2131.764652252175,5473.75,2131.764652252175,0,2131.764652252175
2024-07-04 16:15:00+00:00,101.45,400.0,100.0,677.2616694605512,858.5962308096642,595.9067519819597,2131.764652252175,2536.25,2131.764652252175,0,2131.764652252175
2024-07-04 16:30:00+00:00,101.45,400.0,100.0,677.2616694605512,858.5962308096642,595.9067519819597,2131.764652252175,2536.25,2131.764652252175,0,2131.764652252175
2024-07-04 16:45:00+00:00,34.8,400.0,100.0,677.2616694605512,858.5962308096642,595.9067519819597,2131.764652252175,869.9999999999999,869.9999999999999,1,869.9999999999999
2024-07-04 17:00:00+00:00,34.8,400.0,100.0,677.2616694605512,858.5962308096642,595.9067519819597,2131.764652252175,869.9999999999999,869.9999999999999,1,869.9999999999999
2024-07-04 17:15:00+00:00,34.8,400.0,100.0,677.2616694605512,858.5962308096642,595.9067519819597,2131.764652252175,869.9999999999999,869.9999999999999,1,869.9999999999999
2024-07-04 17:30:00+00:00,34.8,400.0,100.0,677.2616694605512,858.5962308096642,595.9067519819597,2131.764652252175,869.9999999999999,869.9999999999999,1,869.9999999999999
2024-07-04 17:45:00+00:00,34.8,400.0,100.0,677.2616694605512,858.5962308096642,595.9067519819597,2131.764652252175,869.9999999999999,869.9999999999999,1,869.9999999999999
2024-07-04 18:00:00+00:00,34.8,400.0,100.0,677.2616694605512,858.5962308096642,595.9067519819597,2131.764652252175,869.9999999999999,869.9999999999999,1,869.9999999999999
2024-07-04 18:15:00+00:00,34.8,400.0,100.0,677.2616694605512,858.5962308096642,595.9067519819597,2131.764652252175,869.9999999999999,869.9999999999999,1,869.9999999999999
2024-07-04 18:30:00+00:00,34.8,400.0,100.0,677.2616694605512,858.5962308096642,595.9067519819597,2131.764652252175,869.9999999999999,869.9999999999999,1,869.9999999999999
2024-07-04 18:45:00+00:00,14.47,400.0,100.0,677.2616694605512,858.5962308096642,595.9067519819597,2131.764652252175,361.75,361.75,1,361.75
2024-07-04 19:00:00+00:00,14.46,400.0,100.0,677.2616694605512,858.5962308096642,595.9067519819597,2131.764652252175,361.5,361.5,1,361.5
2024-07-04 19:15:00+00:00,34.8,400.0,100.0,677.2616694605512,858.5962308096642,595.9067519819597,2131.764652252175,869.9999999999999,869.9999999999999,1,869.9999999999999
2024-07-04 19:30:00+00:00,34.8,400.0,100.0,677.2616694605512,858.5962308096642,595.9067519819597,2131.764652252175,869.9999999999999,869.9999999999999,1,869.9999999999999
2024-07-04 19:45:00+00:00,70.89,400.0,100.0,677.2616694605512,858.5962308096642,595.9067519819597,2131.764652252175,1772.25,1772.25,1,1772.25
2024-07-04 20:00:00+00:00,34.8,400.0,100.0,677.2616694605512,858.5962308096642,595.9067519819597,2131.764652252175,869.9999999999999,869.9999999999999,1,869.9999999999999
2024-07-04 20:15:00+00:00,34.8,400.0,100.0,677.2616694605512,858.5962308096642,595.9067519819597,2131.764652252175,869.9999999999999,869.9999999999999,1,869.9999999999999
2024-07-04 20:30:00+00:00,109.32,400.0,100.0,677.2616694605512,858.5962308096642,595.9067519819597,2131.764652252175,2733.0,2131.764652252175,0,2131.764652252175
2024-07-04 20:45:00+00:00,109.32,400.0,100.0,677.2616694605512,858.5962308096642,595.9067519819597,2131.764652252175,2733.0,2131.764652252175,0,2131.764652252175
2024-07-04 21:00:00+00:00,109.32,400.0,100.0,677.2616694605512,858.5962308096642,595.9067519819597,2131.764652252175,2733.0,2131.764652252175,0,2131.764652252175
2024-07-04 21:15:00+00:00,160.02,400.0,100.0,677.2616694605512,858.5962308096642,595.9067519819597,2131.764652252175,4000.5000000000005,2131.764652252175,0,2131.764652252175
2024-07-04 21:30:00+00:00,106.33,400.0,100.0,677.2616694605512,858.5962308096642,595.9067519819597,2131.764652252175,2658.25,2131.764652252175,0,2131.764652252175
2024-07-04 21:45:00+00:00,106.33,400.0,100.0,677.2616694605512,858.5962308096642,595.9067519819597,2131.764652252175,2658.25,2131.764652252175,0,2131.764652252175
2024-07-04 22:00:00+00:00,101.76,400.0,100.0,677.2616694605512,858.5962308096642,595.9067519819597,2131.764652252175,2544.0,2131.764652252175,0,2131.764652252175
2024-07-04 22:15:00+00:00,110.63,400.0,100.0,677.2616694605512,858.5962308096642,595.9067519819597,2131.764652252175,2765.75,2131.764652252175,0,2131.764652252175
2024-07-04 22:30:00+00:00,85.39,400.0,100.0,677.2616694605512,858.5962308096642,595.9067519819597,2131.764652252175,2134.75,2131.764652252175,0,2131.764652252175
2024-07-04 22:45:00+00:00,85.39,400.0,100.0,677.2616694605512,858.5962308096642,595.9067519819597,2131.764652252175,2134.75,2131.764652252175,0,2131.764652252175
2024-07-04 23:00:00+00:00,110.63,400.0,100.0,677.2616694605512,858.5962308096642,595.9067519819597,2131.764652252175,2765.75,2131.764652252175,0,2131.764652252175
2024-07-04 23:15:00+00:00,188.15,400.0,100.0,677.2616694605512,858.5962308096642,595.9067519819597,2131.764652252175,4703.75,2131.764652252175,0,2131.764652252175
2024-07-04 23:30:00+00:00,188.15,400.0,100.0,677.2616694605512,858.5962308096642,595.9067519819597,2131.764652252175,4703.75,2131.764652252175,0,2131.764652252175
2024-07-04 23:45:00+00:00,188.15,400.0,100.0,677.2616694605512,858.5962308096642,595.9067519819597,2131.764652252175,4703.75,2131.764652252175,0,2131.764652252175
2024-07-05 00:00:00+00:00,188.15,400.0,100.0,677.2616694605512,858.5962308096642,595.9067519819597,2131.764652252175,4703.75,2131.764652252175,0,2131.764652252175
2024-07-05 00:15:00+00:00,190.15,400.0,100.0,677.2616694605512,858.5962308096642,595.9067519819597,2131.764652252175,4753.75,2131.764652252175,0,2131.764652252175
2024-07-05 00:30:00+00:00,190.15,400.0,100.0,677.2616694605512,858.5962308096642,595.9067519819597,2131.764652252175,4753.75,2131.764652252175,0,2131.764652252175
2024-07-05 00:45:00+00:00,190.15,400.0,100.0,677.2616694605512,858.5962308096642,595.9067519819597,2131.764652252175,4753.75,2131.764652252175,0,2131.764652252175
2024-07-05 01:00:00+00:00,190.15,400.0,100.0,677.2616694605512,858.5962308096642,595.9067519819597,2131.764652252175,4753.75,2131.764652252175,0,2131.764652252175
2024-07-05 01:15:00+00:00,186.15,400.0,100.0,677.2616694605512,858.5962308096642,595.9067519819597,2131.764652252175,4653.75,2131.764652252175,0,2131.764652252175
2024-07-05 01:30:00+00:00,186.15,400.0,100.0,677.2616694605512,858.5962308096642,595.9067519819597,2131.764652252175,4653.75,2131.764652252175,0,2131.764652252175
2024-07-05 01:45:00+00:00,186.15,400.0,100.0,677.2616694605512,858.5962308096642,595.9067519819597,2131.764652252175,4653.75,2131.764652252175,0,2131.764652252175
2024-07-05 02:00:00+00:00,186.15,400.0,100.0,677.2616694605512,858.5962308096642,595.9067519819597,2131.764652252175,4653.75,2131.764652252175,0,2131.764652252175
2024-07-05 02:15:00+00:00,194.15,400.0,100.0,677.2616694605512,858.5962308096642,595.9067519819597,2131.764652252175,4853.75,2131.764652252175,0,2131.764652252175
2024-07-05 02:30:00+00:00,194.15,400.0,100.0,677.2616694605512,858.5962308096642,595.9067519819597,2131.764652252175,4853.75,2131.764652252175,0,2131.764652252175
2024-07-05 02:45:00+00:00,194.15,400.0,100.0,677.2616694605512,858.5962308096642,595.9067519819597,2131.764652252175,4853.75,2131.764652252175,0,2131.764652252175
2024-07-05 03:00:00+00:00,194.15,400.0,100.0,677.2616694605512,858.5962308096642,595.9067519819597,2131.764652252175,4853.75,2131.764652252175,0,2131.764652252175
2024-07-05 03:15:00+00:00,186.15,400.0,100.0,677.2616694605512,858.5962308096642,595.9067519819597,2131.764652252175,4653.75,2131.764652252175,0,2131.764652252175
2024-07-05 03:30:00+00:00,186.15,400.0,100.0,677.2616694605512,858.5962308096642,595.9067519819597,2131.764652252175,4653.75,2131.764652252175,0,2131.764652252175
2024-07-05 03:45:00+00:00,186.15,400.0,100.0,677.2616694605512,858.5962308096642,595.9067519819597,2131.764652252175,4653.75,2131.764652252175,0,2131.764652252175
2024-07-05 04:00:00+00:00,207.07,400.0,100.0,677.2616694605512,858.5962308096642,595.9067519819597,2131.764652252175,5176.75,2131.764652252175,0,2131.764652252175
2024-07-05 04:15:00+00:00,105.07,400.0,100.0,677.2616694605512,858.5962308096642,595.9067519819597,2131.764652252175,2626.75,2131.764652252175,0,2131.764652252175
2024-07-05 04:30:00+00:00,85.15,400.0,100.0,677.2616694605512,858.5962308096642,595.9067519819597,2131.764652252175,2128.75,2128.75,1,2128.75
2024-07-05 04:45:00+00:00,65.21,400.0,100.0,677.2616694605512,858.5962308096642,595.9067519819597,2131.764652252175,1630.2499999999998,1630.2499999999998,1,1630.2499999999998
2024-07-05 05:00:00+00:00,105.07,400.0,100.0,677.2616694605512,858.5962308096642,595.9067519819597,2131.764652252175,2626.75,2131.764652252175,0,2131.764652252175
2024-07-05 05:15:00+00:00,216.09,400.0,100.0,677.2616694605512,858.5962308096642,595.9067519819597,2131.764652252175,5402.25,2131.764652252175,0,2131.764652252175
2024-07-05 05:30:00+00:00,216.09,400.0,100.0,677.2616694605512,858.5962308096642,595.9067519819597,2131.764652252175,5402.25,2131.764652252175,0,2131.764652252175
2024-07-05 05:45:00+00:00,216.09,400.0,100.0,677.2616694605512,858.5962308096642,595.9067519819597,2131.764652252175,5402.25,2131.764652252175,0,2131.764652252175
2024-07-05 06:00:00+00:00,216.09,400.0,100.0,677.2616694605512,858.5962308096642,595.9067519819597,2131.764652252175,5402.25,2131.764652252175,0,2131.764652252175
2024-07-05 06:15:00+00:00,260.15,400.0,100.0,677.2616694605512,858.5962308096642,595.9067519819597,2131.764652252175,6503.749999999999,2131.764652252175,0,2131.764652252175
2024-07-05 06:30:00+00:00,260.15,400.0,100.0,677.2616694605512,858.5962308096642,595.9067519819597,2131.764652252175,6503.749999999999,2131.764652252175,0,2131.764652252175
2024-07-05 06:45:00+00:00,261.15,400.0,100.0,677.2616694605512,858.5962308096642,595.9067519819597,2131.764652252175,6528.749999999999,2131.764652252175,0,2131.764652252175
2024-07-05 07:00:00+00:00,261.15,400.0,100.0,677.2616694605512,858.5962308096642,595.9067519819597,2131.764652252175,6528.749999999999,2131.764652252175,0,2131.764652252175
2024-07-05 07:15:00+00:00,411.15,400.0,100.0,677.2616694605512,858.5962308096642,595.9067519819597,2131.764652252175,10278.75,2131.764652252175,0,2131.764652252175
2024-07-05 07:30:00+00:00,411.15,400.0,100.0,677.2616694605512,858.5962308096642,595.9067519819597,2131.764652252175,10278.75,2131.764652252175,0,2131.764652252175
2024-07-05 07:45:00+00:00,1000.0,400.0,100.0,677.2616694605512,858.5962308096642,595.9067519819597,2131.764652252175,25000.0,2131.764652252175,0,2131.764652252175
2024-07-05 08:00:00+00:00,1000.0,400.0,100.0,677.2616694605512,858.5962308096642,595.9067519819597,2131.764652252175,25000.0,2131.764652252175,0,2131.764652252175
2024-07-05 08:15:00+00:00,1000.0,400.0,100.0,677.2616694605512,858.5962308096642,595.9067519819597,2131.764652252175,25000.0,2131.764652252175,0,2131.764652252175
2024-07-05 08:30:00+00:00,1000.0,400.0,100.0,677.2616694605512,858.5962308096642,595.9067519819597,2131.764652252175,25000.0,2131.764652252175,0,2131.764652252175
2024-07-05 08:45:00+00:00,1000.0,400.0,100.0,677.2616694605512,858.5962308096642,595.9067519819597,2131.764652252175,25000.0,2131.764652252175,0,2131.764652252175
2024-07-05 09:00:00+00:00,1000.0,400.0,100.0,677.2616694605512,858.5962308096642,595.9067519819597,2131.764652252175,25000.0,2131.764652252175,0,2131.764652252175
2024-07-05 09:15:00+00:00,1000.0,400.0,100.0,677.2616694605512,858.5962308096642,595.9067519819597,2131.764652252175,25000.0,2131.764652252175,0,2131.764652252175
2024-07-05 09:30:00+00:00,1000.0,400.0,100.0,677.2616694605512,858.5962308096642,595.9067519819597,2131.764652252175,25000.0,2131.764652252175,0,2131.764652252175
2024-07-05 09:45:00+00:00,1000.0,400.0,100.0,677.2616694605512,858.5962308096642,595.9067519819597,2131.764652252175,25000.0,2131.764652252175,0,2131.764652252175
2024-07-05 10:00:00+00:00,1000.0,400.0,100.0,677.2616694605512,858.5962308096642,595.9067519819597,2131.764652252175,25000.0,2131.764652252175,0,2131.764652252175
2024-07-05 10:15:00+00:00,1000.0,400.0,100.0,677.2616694605512,858.5962308096642,595.9067519819597,2131.764652252175,25000.0,2131.764652252175,0,2131.764652252175
2024-07-05 10:30:00+00:00,1000.0,400.0,100.0,677.2616694605512,858.5962308096642,595.9067519819597,2131.764652252175,25000.0,2131.764652252175,0,2131.764652252175
2024-07-05 10:45:00+00:00,1000.0,400.0,100.0,677.2616694605512,858.5962308096642,595.9067519819597,2131.764652252175,25000.0,2131.764652252175,0,2131.764652252175
2024-07-05 11:00:00+00:00,1000.0,400.0,100.0,677.2616694605512,858.5962308096642,595.9067519819597,2131.764652252175,25000.0,2131.764652252175,0,2131.764652252175
2024-07-05 11:15:00+00:00,1000.0,400.0,100.0,677.2616694605512,858.5962308096642,595.9067519819597,2131.764652252175,25000.0,2131.764652252175,0,2131.764652252175
2024-07-05 11:30:00+00:00,1000.0,400.0,100.0,677.2616694605512,858.5962308096642,595.9067519819597,2131.764652252175,25000.0,2131.764652252175,0,2131.764652252175
2024-07-05 11:45:00+00:00,1000.0,400.0,100.0,677.2616694605512,858.5962308096642,595.9067519819597,2131.764652252175,25000.0,2131.764652252175,0,2131.764652252175
2024-07-05 12:00:00+00:00,1000.0,400.0,100.0,677.2616694605512,858.5962308096642,595.9067519819597,2131.764652252175,25000.0,2131.764652252175,0,2131.764652252175
2024-07-05 12:15:00+00:00,1000.0,400.0,100.0,677.2616694605512,858.5962308096642,595.9067519819597,2131.764652252175,25000.0,2131.764652252175,0,2131.764652252175
2024-07-05 12:30:00+00:00,1000.0,400.0,100.0,677.2616694605512,858.5962308096642,595.9067519819597,2131.764652252175,25000.0,2131.764652252175,0,2131.764652252175
2024-07-05 12:45:00+00:00,1000.0,400.0,100.0,677.2616694605512,858.5962308096642,595.9067519819597,2131.764652252175,25000.0,2131.764652252175,0,2131.764652252175
2024-07-05 13:00:00+00:00,1000.0,400.0,100.0,677.2616694605512,858.5962308096642,595.9067519819597,2131.764652252175,25000.0,2131.764652252175,0,2131.764652252175
2024-07-05 13:15:00+00:00,1000.0,400.0,100.0,677.2616694605512,858.5962308096642,595.9067519819597,2131.764652252175,25000.0,2131.764652252175,0,2131.764652252175
2024-07-05 13:30:00+00:00,1000.0,400.0,100.0,677.2616694605512,858.5962308096642,595.9067519819597,2131.764652252175,25000.0,2131.764652252175,0,2131.764652252175
2024-07-05 13:45:00+00:00,1000.0,400.0,100.0,677.2616694605512,858.5962308096642,595.9067519819597,2131.764652252175,25000.0,2131.764652252175,0,2131.764652252175
2024-07-05 14:00:00+00:00,1000.0,400.0,100.0,677.2616694605512,858.5962308096642,595.9067519819597,2131.764652252175,25000.0,2131.764652252175,0,2131.764652252175
2024-07-05 14:15:00+00:00,1000.0,400.0,100.0,677.2616694605512,858.5962308096642,595.9067519819597,2131.764652252175,25000.0,2131.764652252175,0,2131.764652252175
2024-07-05 14:30:00+00:00,1000.0,400.0,100.0,677.2616694605512,858.5962308096642,595.9067519819597,2131.764652252175,25000.0,2131.764652252175,0,2131.764652252175
2024-07-05 14:45:00+00:00,1000.0,400.0,100.0,677.2616694605512,858.5962308096642,595.9067519819597,2131.764652252175,25000.0,2131.764652252175,0,2131.764652252175
2024-07-05 15:00:00+00:00,1000.0,400.0,100.0,677.2616694605512,858.5962308096642,595.9067519819597,2131.764652252175,25000.0,2131.764652252175,0,2131.764652252175
2024-07-05 15:15:00+00:00,1000.0,400.0,100.0,677.2616694605512,858.5962308096642,595.9067519819597,2131.764652252175,25000.0,2131.764652252175,0,2131.764652252175
2024-07-05 15:30:00+00:00,1000.0,400.0,100.0,677.2616694605512,858.5962308096642,595.9067519819597,2131.764652252175,25000.0,2131.764652252175,0,2131.764652252175
2024-07-05 15:45:00+00:00,1000.0,400.0,100.0,677.2616694605512,858.5962308096642,595.9067519819597,2131.764652252175,25000.0,2131.764652252175,0,2131.764652252175
2024-07-05 16:00:00+00:00,1000.0,400.0,100.0,677.2616694605512,858.5962308096642,595.9067519819597,2131.764652252175,25000.0,2131.764652252175,0,2131.764652252175
2024-07-05 16:15:00+00:00,1000.0,400.0,100.0,677.2616694605512,858.5962308096642,595.9067519819597,2131.764652252175,25000.0,2131.764652252175,0,2131.764652252175
2024-07-05 16:30:00+00:00,63.37,400.0,100.0,677.2616694605512,858.5962308096642,595.9067519819597,2131.764652252175,1584.25,1584.25,1,1584.25
2024-07-05 16:45:00+00:00,63.37,400.0,100.0,677.2616694605512,858.5962308096642,595.9067519819597,2131.764652252175,1584.25,1584.25,1,1584.25
2024-07-05 17:00:00+00:00,83.37,400.0,100.0,677.2616694605512,858.5962308096642,595.9067519819597,2131.764652252175,2084.25,2084.25,1,2084.25
2024-07-05 17:15:00+00:00,239.19,400.0,100.0,677.2616694605512,858.5962308096642,595.9067519819597,2131.764652252175,5979.75,2131.764652252175,0,2131.764652252175
2024-07-05 17:30:00+00:00,26.25,400.0,100.0,677.2616694605512,858.5962308096642,595.9067519819597,2131.764652252175,656.25,656.25,1,656.25
2024-07-05 17:45:00+00:00,26.25,400.0,100.0,677.2616694605512,858.5962308096642,595.9067519819597,2131.764652252175,656.25,656.25,1,656.25
2024-07-05 18:00:00+00:00,26.25,400.0,100.0,677.2616694605512,858.5962308096642,595.9067519819597,2131.764652252175,656.25,656.25,1,656.25
2024-07-05 18:15:00+00:00,26.25,400.0,100.0,677.2616694605512,858.5962308096642,595.9067519819597,2131.764652252175,656.25,656.25,1,656.25
2024-07-05 18:30:00+00:00,26.25,400.0,100.0,677.2616694605512,858.5962308096642,595.9067519819597,2131.764652252175,656.25,656.25,1,656.25
2024-07-05 18:45:00+00:00,26.25,400.0,100.0,677.2616694605512,858.5962308096642,595.9067519819597,2131.764652252175,656.25,656.25,1,656.25
2024-07-05 19:00:00+00:00,26.25,400.0,100.0,677.2616694605512,858.5962308096642,595.9067519819597,2131.764652252175,656.25,656.25,1,656.25
2024-07-05 19:15:00+00:00,26.25,400.0,100.0,677.2616694605512,858.5962308096642,595.9067519819597,2131.764652252175,656.25,656.25,1,656.25
2024-07-05 19:30:00+00:00,26.25,400.0,100.0,677.2616694605512,858.5962308096642,595.9067519819597,2131.764652252175,656.25,656.25,1,656.25
2024-07-05 19:45:00+00:00,26.25,400.0,100.0,677.2616694605512,858.5962308096642,595.9067519819597,2131.764652252175,656.25,656.25,1,656.25
2024-07-05 20:00:00+00:00,188.54,400.0,100.0,677.2616694605512,858.5962308096642,595.9067519819597,2131.764652252175,4713.5,2131.764652252175,0,2131.764652252175
2024-07-05 20:15:00+00:00,1000.0,400.0,100.0,677.2616694605512,858.5962308096642,595.9067519819597,2131.764652252175,25000.0,2131.764652252175,0,2131.764652252175
2024-07-05 20:30:00+00:00,42.45,400.0,100.0,677.2616694605512,858.5962308096642,595.9067519819597,2131.764652252175,1061.25,1061.25,1,1061.25
2024-07-05 20:45:00+00:00,26.25,400.0,100.0,677.2616694605512,858.5962308096642,595.9067519819597,2131.764652252175,656.25,656.25,1,656.25
2024-07-05 21:00:00+00:00,26.25,400.0,100.0,677.2616694605512,858.5962308096642,595.9067519819597,2131.764652252175,656.25,656.25,1,656.25
2024-07-05 21:15:00+00:00,111.15,400.0,100.0,677.2616694605512,858.5962308096642,595.9067519819597,2131.764652252175,2778.75,2131.764652252175,0,2131.764652252175
2024-07-05 21:30:00+00:00,107.54,400.0,100.0,677.2616694605512,858.5962308096642,595.9067519819597,2131.764652252175,2688.5,2131.764652252175,0,2131.764652252175
2024-07-05 21:45:00+00:00,111.15,400.0,100.0,677.2616694605512,858.5962308096642,595.9067519819597,2131.764652252175,2778.75,2131.764652252175,0,2131.764652252175
2024-07-05 22:00:00+00:00,111.15,400.0,100.0,677.2616694605512,858.5962308096642,595.9067519819597,2131.764652252175,2778.75,2131.764652252175,0,2131.764652252175
2024-07-05 22:15:00+00:00,107.07,400.0,100.0,677.2616694605512,858.5962308096642,595.9067519819597,2131.764652252175,2676.75,2131.764652252175,0,2131.764652252175
2024-07-05 22:30:00+00:00,107.07,400.0,100.0,677.2616694605512,858.5962308096642,595.9067519819597,2131.764652252175,2676.75,2131.764652252175,0,2131.764652252175
2024-07-05 22:45:00+00:00,107.07,400.0,100.0,677.2616694605512,858.5962308096642,595.9067519819597,2131.764652252175,2676.75,2131.764652252175,0,2131.764652252175
2024-07-05 23:00:00+00:00,107.07,400.0,100.0,677.2616694605512,858.5962308096642,595.9067519819597,2131.764652252175,2676.75,2131.764652252175,0,2131.764652252175
2024-07-05 23:15:00+00:00,185.83,400.0,100.0,677.2616694605512,858.5962308096642,595.9067519819597,2131.764652252175,4645.75,2131.764652252175,0,2131.764652252175
2024-07-05 23:30:00+00:00,185.83,400.0,100.0,677.2616694605512,858.5962308096642,595.9067519819597,2131.764652252175,4645.75,2131.764652252175,0,2131.764652252175
2024-07-05 23:45:00+00:00,163.95,400.0,100.0,677.2616694605512,858.5962308096642,595.9067519819597,2131.764652252175,4098.75,2131.764652252175,0,2131.764652252175
2024-07-06 00:00:00+00:00,163.95,400.0,100.0,677.2616694605512,858.5962308096642,595.9067519819597,2131.764652252175,4098.75,2131.764652252175,0,2131.764652252175
2024-07-06 00:15:00+00:00,196.73,400.0,100.0,677.2616694605512,858.5962308096642,595.9067519819597,2131.764652252175,4918.25,2131.764652252175,0,2131.764652252175
2024-07-06 00:30:00+00:00,196.73,400.0,100.0,677.2616694605512,858.5962308096642,595.9067519819597,2131.764652252175,4918.25,2131.764652252175,0,2131.764652252175
2024-07-06 00:45:00+00:00,196.73,400.0,100.0,677.2616694605512,858.5962308096642,595.9067519819597,2131.764652252175,4918.25,2131.764652252175,0,2131.764652252175
2024-07-06 01:00:00+00:00,196.73,400.0,100.0,677.2616694605512,858.5962308096642,595.9067519819597,2131.764652252175,4918.25,2131.764652252175,0,2131.764652252175
2024-07-06 01:15:00+00:00,195.63,400.0,100.0,677.2616694605512,858.5962308096642,595.9067519819597,2131.764652252175,4890.75,2131.764652252175,0,2131.764652252175
2024-07-06 01:30:00+00:00,195.63,400.0,100.0,677.2616694605512,858.5962308096642,595.9067519819597,2131.764652252175,4890.75,2131.764652252175,0,2131.764652252175
2024-07-06 01:45:00+00:00,195.63,400.0,100.0,677.2616694605512,858.5962308096642,595.9067519819597,2131.764652252175,4890.75,2131.764652252175,0,2131.764652252175
2024-07-06 02:00:00+00:00,223.28,400.0,100.0,677.2616694605512,858.5962308096642,595.9067519819597,2131.764652252175,5582.0,2131.764652252175,0,2131.764652252175
2024-07-06 02:15:00+00:00,253.06,400.0,100.0,677.2616694605512,858.5962308096642,595.9067519819597,2131.764652252175,6326.5,2131.764652252175,0,2131.764652252175
2024-07-06 02:30:00+00:00,253.06,400.0,100.0,677.2616694605512,858.5962308096642,595.9067519819597,2131.764652252175,6326.5,2131.764652252175,0,2131.764652252175
2024-07-06 02:45:00+00:00,253.06,400.0,100.0,677.2616694605512,858.5962308096642,595.9067519819597,2131.764652252175,6326.5,2131.764652252175,0,2131.764652252175
2024-07-06 03:00:00+00:00,253.06,400.0,100.0,677.2616694605512,858.5962308096642,595.9067519819597,2131.764652252175,6326.5,2131.764652252175,0,2131.764652252175
2024-07-06 03:15:00+00:00,1000.0,400.0,100.0,677.2616694605512,858.5962308096642,595.9067519819597,2131.764652252175,25000.0,2131.764652252175,0,2131.764652252175
2024-07-06 03:30:00+00:00,1000.0,400.0,100.0,677.2616694605512,858.5962308096642,595.9067519819597,2131.764652252175,25000.0,2131.764652252175,0,2131.764652252175
2024-07-06 03:45:00+00:00,1000.0,400.0,100.0,677.2616694605512,858.5962308096642,595.9067519819597,2131.764652252175,25000.0,2131.764652252175,0,2131.764652252175
2024-07-06 04:00:00+00:00,1000.0,400.0,100.0,677.2616694605512,858.5962308096642,595.9067519819597,2131.764652252175,25000.0,2131.764652252175,0,2131.764652252175
2024-07-06 04:15:00+00:00,1000.0,400.0,100.0,677.2616694605512,858.5962308096642,595.9067519819597,2131.764652252175,25000.0,2131.764652252175,0,2131.764652252175
2024-07-06 04:30:00+00:00,1000.0,400.0,100.0,677.2616694605512,858.5962308096642,595.9067519819597,2131.764652252175,25000.0,2131.764652252175,0,2131.764652252175
2024-07-06 04:45:00+00:00,1000.0,400.0,100.0,677.2616694605512,858.5962308096642,595.9067519819597,2131.764652252175,25000.0,2131.764652252175,0,2131.764652252175
2024-07-06 05:00:00+00:00,258.73,400.0,100.0,677.2616694605512,858.5962308096642,595.9067519819597,2131.764652252175,6468.25,2131.764652252175,0,2131.764652252175
2024-07-06 05:15:00+00:00,307.04,400.0,100.0,677.2616694605512,858.5962308096642,595.9067519819597,2131.764652252175,7676.000000000001,2131.764652252175,0,2131.764652252175
2024-07-06 05:30:00+00:00,307.04,400.0,100.0,677.2616694605512,858.5962308096642,595.9067519819597,2131.764652252175,7676.000000000001,2131.764652252175,0,2131.764652252175
2024-07-06 05:45:00+00:00,307.04,400.0,100.0,677.2616694605512,858.5962308096642,595.9067519819597,2131.764652252175,7676.000000000001,2131.764652252175,0,2131.764652252175
2024-07-06 06:00:00+00:00,307.04,400.0,100.0,677.2616694605512,858.5962308096642,595.9067519819597,2131.764652252175,7676.000000000001,2131.764652252175,0,2131.764652252175
2024-07-06 06:15:00+00:00,304.57,400.0,100.0,677.2616694605512,858.5962308096642,595.9067519819597,2131.764652252175,7614.25,2131.764652252175,0,2131.764652252175
2024-07-06 06:30:00+00:00,304.57,400.0,100.0,677.2616694605512,858.5962308096642,595.9067519819597,2131.764652252175,7614.25,2131.764652252175,0,2131.764652252175
2024-07-06 06:45:00+00:00,304.57,400.0,100.0,677.2616694605512,858.5962308096642,595.9067519819597,2131.764652252175,7614.25,2131.764652252175,0,2131.764652252175
2024-07-06 07:00:00+00:00,304.57,400.0,100.0,677.2616694605512,858.5962308096642,595.9067519819597,2131.764652252175,7614.25,2131.764652252175,0,2131.764652252175
2024-07-06 07:15:00+00:00,465.21,400.0,100.0,677.2616694605512,858.5962308096642,595.9067519819597,2131.764652252175,11630.25,2131.764652252175,0,2131.764652252175
2024-07-06 07:30:00+00:00,465.21,400.0,100.0,677.2616694605512,858.5962308096642,595.9067519819597,2131.764652252175,11630.25,2131.764652252175,0,2131.764652252175
2024-07-06 07:45:00+00:00,465.21,400.0,100.0,677.2616694605512,858.5962308096642,595.9067519819597,2131.764652252175,11630.25,2131.764652252175,0,2131.764652252175
2024-07-06 08:00:00+00:00,465.21,400.0,100.0,677.2616694605512,858.5962308096642,595.9067519819597,2131.764652252175,11630.25,2131.764652252175,0,2131.764652252175
2024-07-06 08:15:00+00:00,627.27,400.0,100.0,677.2616694605512,858.5962308096642,595.9067519819597,2131.764652252175,15681.75,2131.764652252175,0,2131.764652252175
2024-07-06 08:30:00+00:00,627.27,400.0,100.0,677.2616694605512,858.5962308096642,595.9067519819597,2131.764652252175,15681.75,2131.764652252175,0,2131.764652252175
2024-07-06 08:45:00+00:00,627.27,400.0,100.0,677.2616694605512,858.5962308096642,595.9067519819597,2131.764652252175,15681.75,2131.764652252175,0,2131.764652252175
2024-07-06 09:00:00+00:00,627.27,400.0,100.0,677.2616694605512,858.5962308096642,595.9067519819597,2131.764652252175,15681.75,2131.764652252175,0,2131.764652252175
2024-07-06 09:15:00+00:00,698.67,400.0,100.0,677.2616694605512,858.5962308096642,595.9067519819597,2131.764652252175,17466.75,2131.764652252175,0,2131.764652252175
2024-07-06 09:30:00+00:00,698.67,400.0,100.0,677.2616694605512,858.5962308096642,595.9067519819597,2131.764652252175,17466.75,2131.764652252175,0,2131.764652252175
2024-07-06 09:45:00+00:00,698.67,400.0,100.0,677.2616694605512,858.5962308096642,595.9067519819597,2131.764652252175,17466.75,2131.764652252175,0,2131.764652252175
2024-07-06 10:00:00+00:00,698.67,400.0,100.0,677.2616694605512,858.5962308096642,595.9067519819597,2131.764652252175,17466.75,2131.764652252175,0,2131.764652252175
2024-07-06 10:15:00+00:00,795.57,400.0,100.0,677.2616694605512,858.5962308096642,595.9067519819597,2131.764652252175,19889.25,2131.764652252175,0,2131.764652252175
2024-07-06 10:30:00+00:00,795.57,400.0,100.0,677.2616694605512,858.5962308096642,595.9067519819597,2131.764652252175,19889.25,2131.764652252175,0,2131.764652252175
2024-07-06 10:45:00+00:00,795.57,400.0,100.0,677.2616694605512,858.5962308096642,595.9067519819597,2131.764652252175,19889.25,2131.764652252175,0,2131.764652252175
2024-07-06 11:00:00+00:00,795.57,400.0,100.0,677.2616694605512,858.5962308096642,595.9067519819597,2131.764652252175,19889.25,2131.764652252175,0,2131.764652252175
2024-07-06 11:15:00+00:00,795.57,400.0,100.0,677.2616694605512,858.5962308096642,595.9067519819597,2131.764652252175,19889.25,2131.764652252175,0,2131.764652252175
2024-07-06 11:30:00+00:00,795.57,400.0,100.0,677.2616694605512,858.5962308096642,595.9067519819597,2131.764652252175,19889.25,2131.764652252175,0,2131.764652252175
2024-07-06 11:45:00+00:00,795.57,400.0,100.0,677.2616694605512,858.5962308096642,595.9067519819597,2131.764652252175,19889.25,2131.764652252175,0,2131.764652252175
2024-07-06 12:00:00+00:00,795.57,400.0,100.0,677.2616694605512,858.5962308096642,595.9067519819597,2131.764652252175,19889.25,2131.764652252175,0,2131.764652252175
2024-07-06 12:15:00+00:00,795.57,400.0,100.0,677.2616694605512,858.5962308096642,595.9067519819597,2131.764652252175,19889.25,2131.764652252175,0,2131.764652252175
2024-07-06 12:30:00+00:00,795.57,400.0,100.0,677.2616694605512,858.5962308096642,595.9067519819597,2131.764652252175,19889.25,2131.764652252175,0,2131.764652252175
2024-07-06 12:45:00+00:00,795.57,400.0,100.0,677.2616694605512,858.5962308096642,595.9067519819597,2131.764652252175,19889.25,2131.764652252175,0,2131.764652252175
2024-07-06 13:00:00+00:00,795.57,400.0,100.0,677.2616694605512,858.5962308096642,595.9067519819597,2131.764652252175,19889.25,2131.764652252175,0,2131.764652252175
2024-07-06 13:15:00+00:00,706.73,400.0,100.0,677.2616694605512,858.5962308096642,595.9067519819597,2131.764652252175,17668.25,2131.764652252175,0,2131.764652252175
2024-07-06 13:30:00+00:00,706.73,400.0,100.0,677.2616694605512,858.5962308096642,595.9067519819597,2131.764652252175,17668.25,2131.764652252175,0,2131.764652252175
2024-07-06 13:45:00+00:00,739.47,400.0,100.0,677.2616694605512,858.5962308096642,595.9067519819597,2131.764652252175,18486.75,2131.764652252175,0,2131.764652252175
2024-07-06 14:00:00+00:00,739.47,400.0,100.0,677.2616694605512,858.5962308096642,595.9067519819597,2131.764652252175,18486.75,2131.764652252175,0,2131.764652252175
2024-07-06 14:15:00+00:00,617.07,400.0,100.0,677.2616694605512,858.5962308096642,595.9067519819597,2131.764652252175,15426.750000000002,2131.764652252175,0,2131.764652252175
2024-07-06 14:30:00+00:00,617.07,400.0,100.0,677.2616694605512,858.5962308096642,595.9067519819597,2131.764652252175,15426.750000000002,2131.764652252175,0,2131.764652252175
2024-07-06 14:45:00+00:00,617.07,400.0,100.0,677.2616694605512,858.5962308096642,595.9067519819597,2131.764652252175,15426.750000000002,2131.764652252175,0,2131.764652252175
2024-07-06 15:00:00+00:00,617.07,400.0,100.0,677.2616694605512,858.5962308096642,595.9067519819597,2131.764652252175,15426.750000000002,2131.764652252175,0,2131.764652252175
2024-07-06 15:15:00+00:00,563.41,400.0,100.0,677.2616694605512,858.5962308096642,595.9067519819597,2131.764652252175,14085.25,2131.764652252175,0,2131.764652252175
2024-07-06 15:30:00+00:00,563.41,400.0,100.0,677.2616694605512,858.5962308096642,595.9067519819597,2131.764652252175,14085.25,2131.764652252175,0,2131.764652252175
2024-07-06 15:45:00+00:00,563.41,400.0,100.0,677.2616694605512,858.5962308096642,595.9067519819597,2131.764652252175,14085.25,2131.764652252175,0,2131.764652252175
2024-07-06 16:00:00+00:00,563.41,400.0,100.0,677.2616694605512,858.5962308096642,595.9067519819597,2131.764652252175,14085.25,2131.764652252175,0,2131.764652252175
2024-07-06 16:15:00+00:00,563.41,400.0,100.0,677.2616694605512,858.5962308096642,595.9067519819597,2131.764652252175,14085.25,2131.764652252175,0,2131.764652252175
2024-07-06 16:30:00+00:00,290.3,400.0,100.0,677.2616694605512,858.5962308096642,595.9067519819597,2131.764652252175,7257.5,2131.764652252175,0,2131.764652252175
2024-07-06 16:45:00+00:00,290.3,400.0,100.0,677.2616694605512,858.5962308096642,595.9067519819597,2131.764652252175,7257.5,2131.764652252175,0,2131.764652252175
2024-07-06 17:00:00+00:00,290.3,400.0,100.0,677.2616694605512,858.5962308096642,595.9067519819597,2131.764652252175,7257.5,2131.764652252175,0,2131.764652252175
2024-07-06 17:15:00+00:00,1000.0,400.0,100.0,677.2616694605512,858.5962308096642,595.9067519819597,2131.764652252175,25000.0,2131.764652252175,0,2131.764652252175
2024-07-06 17:30:00+00:00,1000.0,400.0,100.0,677.2616694605512,858.5962308096642,595.9067519819597,2131.764652252175,25000.0,2131.764652252175,0,2131.764652252175
2024-07-06 17:45:00+00:00,1000.0,400.0,100.0,677.2616694605512,858.5962308096642,595.9067519819597,2131.764652252175,25000.0,2131.764652252175,0,2131.764652252175
2024-07-06 18:00:00+00:00,1000.0,400.0,100.0,677.2616694605512,858.5962308096642,595.9067519819597,2131.764652252175,25000.0,2131.764652252175,0,2131.764652252175
2024-07-06 18:15:00+00:00,1000.0,400.0,100.0,677.2616694605512,858.5962308096642,595.9067519819597,2131.764652252175,25000.0,2131.764652252175,0,2131.764652252175
2024-07-06 18:30:00+00:00,1000.0,400.0,100.0,677.2616694605512,858.5962308096642,595.9067519819597,2131.764652252175,25000.0,2131.764652252175,0,2131.764652252175
2024-07-06 18:45:00+00:00,1000.0,400.0,100.0,677.2616694605512,858.5962308096642,595.9067519819597,2131.764652252175,25000.0,2131.764652252175,0,2131.764652252175
2024-07-06 19:00:00+00:00,1000.0,400.0,100.0,677.2616694605512,858.5962308096642,595.9067519819597,2131.764652252175,25000.0,2131.764652252175,0,2131.764652252175
2024-07-06 19:15:00+00:00,1000.0,400.0,100.0,677.2616694605512,858.5962308096642,595.9067519819597,2131.764652252175,25000.0,2131.764652252175,0,2131.764652252175
2024-07-06 19:30:00+00:00,1000.0,400.0,100.0,677.2616694605512,858.5962308096642,595.9067519819597,2131.764652252175,25000.0,2131.764652252175,0,2131.764652252175
2024-07-06 19:45:00+00:00,1000.0,400.0,100.0,677.2616694605512,858.5962308096642,595.9067519819597,2131.764652252175,25000.0,2131.764652252175,0,2131.764652252175
2024-07-06 20:00:00+00:00,1000.0,400.0,100.0,677.2616694605512,858.5962308096642,595.9067519819597,2131.764652252175,25000.0,2131.764652252175,0,2131.764652252175
2024-07-06 20:15:00+00:00,1000.0,400.0,100.0,677.2616694605512,858.5962308096642,595.9067519819597,2131.764652252175,25000.0,2131.764652252175,0,2131.764652252175
2024-07-06 20:30:00+00:00,1000.0,400.0,100.0,677.2616694605512,858.5962308096642,595.9067519819597,2131.764652252175,25000.0,2131.764652252175,0,2131.764652252175
2024-07-06 20:45:00+00:00,1000.0,400.0,100.0,677.2616694605512,858.5962308096642,595.9067519819597,2131.764652252175,25000.0,2131.764652252175,0,2131.764652252175
2024-07-06 21:00:00+00:00,1000.0,400.0,100.0,677.2616694605512,858.5962308096642,595.9067519819597,2131.764652252175,25000.0,2131.764652252175,0,2131.764652252175
2024-07-06 21:15:00+00:00,1000.0,400.0,100.0,677.2616694605512,858.5962308096642,595.9067519819597,2131.764652252175,25000.0,2131.764652252175,0,2131.764652252175
2024-07-06 21:30:00+00:00,1000.0,400.0,100.0,677.2616694605512,858.5962308096642,595.9067519819597,2131.764652252175,25000.0,2131.764652252175,0,2131.764652252175
2024-07-06 21:45:00+00:00,1000.0,400.0,100.0,677.2616694605512,858.5962308096642,595.9067519819597,2131.764652252175,25000.0,2131.764652252175,0,2131.764652252175
2024-07-06 22:00:00+00:00,260.86,400.0,100.0,677.2616694605512,858.5962308096642,595.9067519819597,2131.764652252175,6521.5,2131.764652252175,0,2131.764652252175
2024-07-06 22:15:00+00:00,311.08,400.0,100.0,677.2616694605512,858.5962308096642,595.9067519819597,2131.764652252175,7777.0,2131.764652252175,0,2131.764652252175
2024-07-06 22:30:00+00:00,311.08,400.0,100.0,677.2616694605512,858.5962308096642,595.9067519819597,2131.764652252175,7777.0,2131.764652252175,0,2131.764652252175
2024-07-06 22:45:00+00:00,311.08,400.0,100.0,677.2616694605512,858.5962308096642,595.9067519819597,2131.764652252175,7777.0,2131.764652252175,0,2131.764652252175
2024-07-06 23:00:00+00:00,311.08,400.0,100.0,677.2616694605512,858.5962308096642,595.9067519819597,2131.764652252175,7777.0,2131.764652252175,0,2131.764652252175
2024-07-06 23:15:00+00:00,307.0,400.0,100.0,677.2616694605512,858.5962308096642,595.9067519819597,2131.764652252175,7675.0,2131.764652252175,0,2131.764652252175
2024-07-06 23:30:00+00:00,307.0,400.0,100.0,677.2616694605512,858.5962308096642,595.9067519819597,2131.764652252175,7675.0,2131.764652252175,0,2131.764652252175
2024-07-06 23:45:00+00:00,307.0,400.0,100.0,677.2616694605512,858.5962308096642,595.9067519819597,2131.764652252175,7675.0,2131.764652252175,0,2131.764652252175
2024-07-07 00:00:00+00:00,307.0,400.0,100.0,677.2616694605512,858.5962308096642,595.9067519819597,2131.764652252175,7675.0,2131.764652252175,0,2131.764652252175
2024-07-07 00:15:00+00:00,292.71,400.0,100.0,677.2616694605512,858.5962308096642,595.9067519819597,2131.764652252175,7317.749999999999,2131.764652252175,0,2131.764652252175
2024-07-07 00:30:00+00:00,292.71,400.0,100.0,677.2616694605512,858.5962308096642,595.9067519819597,2131.764652252175,7317.749999999999,2131.764652252175,0,2131.764652252175
2024-07-07 00:45:00+00:00,292.71,400.0,100.0,677.2616694605512,858.5962308096642,595.9067519819597,2131.764652252175,7317.749999999999,2131.764652252175,0,2131.764652252175
2024-07-07 01:00:00+00:00,292.71,400.0,100.0,677.2616694605512,858.5962308096642,595.9067519819597,2131.764652252175,7317.749999999999,2131.764652252175,0,2131.764652252175
2024-07-07 01:15:00+00:00,288.64,400.0,100.0,677.2616694605512,858.5962308096642,595.9067519819597,2131.764652252175,7216.0,2131.764652252175,0,2131.764652252175
2024-07-07 01:30:00+00:00,288.64,400.0,100.0,677.2616694605512,858.5962308096642,595.9067519819597,2131.764652252175,7216.0,2131.764652252175,0,2131.764652252175
2024-07-07 01:45:00+00:00,288.64,400.0,100.0,677.2616694605512,858.5962308096642,595.9067519819597,2131.764652252175,7216.0,2131.764652252175,0,2131.764652252175
2024-07-07 02:00:00+00:00,288.64,400.0,100.0,677.2616694605512,858.5962308096642,595.9067519819597,2131.764652252175,7216.0,2131.764652252175,0,2131.764652252175
2024-07-07 02:15:00+00:00,286.6,400.0,100.0,677.2616694605512,858.5962308096642,595.9067519819597,2131.764652252175,7165.000000000001,2131.764652252175,0,2131.764652252175
2024-07-07 02:30:00+00:00,286.6,400.0,100.0,677.2616694605512,858.5962308096642,595.9067519819597,2131.764652252175,7165.000000000001,2131.764652252175,0,2131.764652252175
2024-07-07 02:45:00+00:00,286.6,400.0,100.0,677.2616694605512,858.5962308096642,595.9067519819597,2131.764652252175,7165.000000000001,2131.764652252175,0,2131.764652252175
2024-07-07 03:00:00+00:00,286.6,400.0,100.0,677.2616694605512,858.5962308096642,595.9067519819597,2131.764652252175,7165.000000000001,2131.764652252175,0,2131.764652252175
2024-07-07 03:15:00+00:00,290.67,400.0,100.0,677.2616694605512,858.5962308096642,595.9067519819597,2131.764652252175,7266.75,2131.764652252175,0,2131.764652252175
2024-07-07 03:30:00+00:00,290.67,400.0,100.0,677.2616694605512,858.5962308096642,595.9067519819597,2131.764652252175,7266.75,2131.764652252175,0,2131.764652252175
2024-07-07 03:45:00+00:00,290.67,400.0,100.0,677.2616694605512,858.5962308096642,595.9067519819597,2131.764652252175,7266.75,2131.764652252175,0,2131.764652252175
2024-07-07 04:00:00+00:00,290.67,400.0,100.0,677.2616694605512,858.5962308096642,595.9067519819597,2131.764652252175,7266.75,2131.764652252175,0,2131.764652252175
2024-07-07 04:15:00+00:00,290.67,400.0,100.0,677.2616694605512,858.5962308096642,595.9067519819597,2131.764652252175,7266.75,2131.764652252175,0,2131.764652252175
2024-07-07 04:30:00+00:00,290.67,400.0,100.0,677.2616694605512,858.5962308096642,595.9067519819597,2131.764652252175,7266.75,2131.764652252175,0,2131.764652252175
2024-07-07 04:45:00+00:00,290.67,400.0,100.0,677.2616694605512,858.5962308096642,595.9067519819597,2131.764652252175,7266.75,2131.764652252175,0,2131.764652252175
2024-07-07 05:00:00+00:00,290.67,400.0,100.0,677.2616694605512,858.5962308096642,595.9067519819597,2131.764652252175,7266.75,2131.764652252175,0,2131.764652252175
2024-07-07 05:15:00+00:00,332.85,400.0,100.0,677.2616694605512,858.5962308096642,595.9067519819597,2131.764652252175,8321.25,2131.764652252175,0,2131.764652252175
2024-07-07 05:30:00+00:00,332.85,400.0,100.0,677.2616694605512,858.5962308096642,595.9067519819597,2131.764652252175,8321.25,2131.764652252175,0,2131.764652252175
2024-07-07 05:45:00+00:00,332.85,400.0,100.0,677.2616694605512,858.5962308096642,595.9067519819597,2131.764652252175,8321.25,2131.764652252175,0,2131.764652252175
2024-07-07 06:00:00+00:00,332.85,400.0,100.0,677.2616694605512,858.5962308096642,595.9067519819597,2131.764652252175,8321.25,2131.764652252175,0,2131.764652252175
2024-07-07 06:15:00+00:00,379.85,400.0,100.0,677.2616694605512,858.5962308096642,595.9067519819597,2131.764652252175,9496.25,2131.764652252175,0,2131.764652252175
2024-07-07 06:30:00+00:00,379.85,400.0,100.0,677.2616694605512,858.5962308096642,595.9067519819597,2131.764652252175,9496.25,2131.764652252175,0,2131.764652252175
2024-07-07 06:45:00+00:00,379.85,400.0,100.0,677.2616694605512,858.5962308096642,595.9067519819597,2131.764652252175,9496.25,2131.764652252175,0,2131.764652252175
2024-07-07 07:00:00+00:00,379.85,400.0,100.0,677.2616694605512,858.5962308096642,595.9067519819597,2131.764652252175,9496.25,2131.764652252175,0,2131.764652252175
2024-07-07 07:15:00+00:00,464.07,400.0,100.0,677.2616694605512,858.5962308096642,595.9067519819597,2131.764652252175,11601.75,2131.764652252175,0,2131.764652252175
2024-07-07 07:30:00+00:00,464.07,400.0,100.0,677.2616694605512,858.5962308096642,595.9067519819597,2131.764652252175,11601.75,2131.764652252175,0,2131.764652252175
2024-07-07 07:45:00+00:00,464.07,400.0,100.0,677.2616694605512,858.5962308096642,595.9067519819597,2131.764652252175,11601.75,2131.764652252175,0,2131.764652252175
2024-07-07 08:00:00+00:00,464.07,400.0,100.0,677.2616694605512,858.5962308096642,595.9067519819597,2131.764652252175,11601.75,2131.764652252175,0,2131.764652252175
2024-07-07 08:15:00+00:00,501.27,400.0,100.0,677.2616694605512,858.5962308096642,595.9067519819597,2131.764652252175,12531.75,2131.764652252175,0,2131.764652252175
2024-07-07 08:30:00+00:00,501.27,400.0,100.0,677.2616694605512,858.5962308096642,595.9067519819597,2131.764652252175,12531.75,2131.764652252175,0,2131.764652252175
2024-07-07 08:45:00+00:00,501.27,400.0,100.0,677.2616694605512,858.5962308096642,595.9067519819597,2131.764652252175,12531.75,2131.764652252175,0,2131.764652252175
2024-07-07 09:00:00+00:00,501.27,400.0,100.0,677.2616694605512,858.5962308096642,595.9067519819597,2131.764652252175,12531.75,2131.764652252175,0,2131.764652252175
2024-07-07 09:15:00+00:00,515.79,400.0,100.0,677.2616694605512,858.5962308096642,595.9067519819597,2131.764652252175,12894.75,2131.764652252175,0,2131.764652252175
2024-07-07 09:30:00+00:00,515.79,400.0,100.0,677.2616694605512,858.5962308096642,595.9067519819597,2131.764652252175,12894.75,2131.764652252175,0,2131.764652252175
2024-07-07 09:45:00+00:00,515.79,400.0,100.0,677.2616694605512,858.5962308096642,595.9067519819597,2131.764652252175,12894.75,2131.764652252175,0,2131.764652252175
2024-07-07 10:00:00+00:00,515.79,400.0,100.0,677.2616694605512,858.5962308096642,595.9067519819597,2131.764652252175,12894.75,2131.764652252175,0,2131.764652252175
2024-07-07 10:15:00+00:00,520.19,400.0,100.0,677.2616694605512,858.5962308096642,595.9067519819597,2131.764652252175,13004.750000000002,2131.764652252175,0,2131.764652252175
2024-07-07 10:30:00+00:00,520.19,400.0,100.0,677.2616694605512,858.5962308096642,595.9067519819597,2131.764652252175,13004.750000000002,2131.764652252175,0,2131.764652252175
2024-07-07 10:45:00+00:00,520.19,400.0,100.0,677.2616694605512,858.5962308096642,595.9067519819597,2131.764652252175,13004.750000000002,2131.764652252175,0,2131.764652252175
2024-07-07 11:00:00+00:00,520.19,400.0,100.0,677.2616694605512,858.5962308096642,595.9067519819597,2131.764652252175,13004.750000000002,2131.764652252175,0,2131.764652252175
2024-07-07 11:15:00+00:00,518.29,400.0,100.0,677.2616694605512,858.5962308096642,595.9067519819597,2131.764652252175,12957.25,2131.764652252175,0,2131.764652252175
2024-07-07 11:30:00+00:00,518.29,400.0,100.0,677.2616694605512,858.5962308096642,595.9067519819597,2131.764652252175,12957.25,2131.764652252175,0,2131.764652252175
2024-07-07 11:45:00+00:00,518.29,400.0,100.0,677.2616694605512,858.5962308096642,595.9067519819597,2131.764652252175,12957.25,2131.764652252175,0,2131.764652252175
2024-07-07 12:00:00+00:00,518.29,400.0,100.0,677.2616694605512,858.5962308096642,595.9067519819597,2131.764652252175,12957.25,2131.764652252175,0,2131.764652252175
2024-07-07 12:15:00+00:00,509.72,400.0,100.0,677.2616694605512,858.5962308096642,595.9067519819597,2131.764652252175,12743.0,2131.764652252175,0,2131.764652252175
2024-07-07 12:30:00+00:00,509.72,400.0,100.0,677.2616694605512,858.5962308096642,595.9067519819597,2131.764652252175,12743.0,2131.764652252175,0,2131.764652252175
2024-07-07 12:45:00+00:00,509.72,400.0,100.0,677.2616694605512,858.5962308096642,595.9067519819597,2131.764652252175,12743.0,2131.764652252175,0,2131.764652252175
2024-07-07 13:00:00+00:00,509.72,400.0,100.0,677.2616694605512,858.5962308096642,595.9067519819597,2131.764652252175,12743.0,2131.764652252175,0,2131.764652252175
2024-07-07 13:15:00+00:00,447.07,400.0,100.0,677.2616694605512,858.5962308096642,595.9067519819597,2131.764652252175,11176.75,2131.764652252175,0,2131.764652252175
2024-07-07 13:30:00+00:00,447.07,400.0,100.0,677.2616694605512,858.5962308096642,595.9067519819597,2131.764652252175,11176.75,2131.764652252175,0,2131.764652252175
2024-07-07 13:45:00+00:00,447.07,400.0,100.0,677.2616694605512,858.5962308096642,595.9067519819597,2131.764652252175,11176.75,2131.764652252175,0,2131.764652252175
2024-07-07 14:00:00+00:00,447.07,400.0,100.0,677.2616694605512,858.5962308096642,595.9067519819597,2131.764652252175,11176.75,2131.764652252175,0,2131.764652252175
2024-07-07 14:15:00+00:00,331.31,400.0,100.0,677.2616694605512,858.5962308096642,595.9067519819597,2131.764652252175,8282.75,2131.764652252175,0,2131.764652252175
2024-07-07 14:30:00+00:00,331.31,400.0,100.0,677.2616694605512,858.5962308096642,595.9067519819597,2131.764652252175,8282.75,2131.764652252175,0,2131.764652252175
2024-07-07 14:45:00+00:00,331.31,400.0,100.0,677.2616694605512,858.5962308096642,595.9067519819597,2131.764652252175,8282.75,2131.764652252175,0,2131.764652252175
2024-07-07 15:00:00+00:00,331.31,400.0,100.0,677.2616694605512,858.5962308096642,595.9067519819597,2131.764652252175,8282.75,2131.764652252175,0,2131.764652252175
2024-07-07 15:15:00+00:00,171.08,400.0,100.0,677.2616694605512,858.5962308096642,595.9067519819597,2131.764652252175,4277.0,2131.764652252175,0,2131.764652252175
2024-07-07 15:30:00+00:00,171.08,400.0,100.0,677.2616694605512,858.5962308096642,595.9067519819597,2131.764652252175,4277.0,2131.764652252175,0,2131.764652252175
2024-07-07 15:45:00+00:00,171.08,400.0,100.0,677.2616694605512,858.5962308096642,595.9067519819597,2131.764652252175,4277.0,2131.764652252175,0,2131.764652252175
2024-07-07 16:00:00+00:00,151.08,400.0,100.0,677.2616694605512,858.5962308096642,595.9067519819597,2131.764652252175,3777.0000000000005,2131.764652252175,0,2131.764652252175
2024-07-07 16:15:00+00:00,94.61,400.0,100.0,677.2616694605512,858.5962308096642,595.9067519819597,2131.764652252175,2365.25,2131.764652252175,0,2131.764652252175
2024-07-07 16:30:00+00:00,94.61,400.0,100.0,677.2616694605512,858.5962308096642,595.9067519819597,2131.764652252175,2365.25,2131.764652252175,0,2131.764652252175
2024-07-07 16:45:00+00:00,94.61,400.0,100.0,677.2616694605512,858.5962308096642,595.9067519819597,2131.764652252175,2365.25,2131.764652252175,0,2131.764652252175
2024-07-07 17:00:00+00:00,94.61,400.0,100.0,677.2616694605512,858.5962308096642,595.9067519819597,2131.764652252175,2365.25,2131.764652252175,0,2131.764652252175
2024-07-07 17:15:00+00:00,57.93,400.0,100.0,677.2616694605512,858.5962308096642,595.9067519819597,2131.764652252175,1448.25,1448.25,1,1448.25
2024-07-07 17:30:00+00:00,57.93,400.0,100.0,677.2616694605512,858.5962308096642,595.9067519819597,2131.764652252175,1448.25,1448.25,1,1448.25
2024-07-07 17:45:00+00:00,57.93,400.0,100.0,677.2616694605512,858.5962308096642,595.9067519819597,2131.764652252175,1448.25,1448.25,1,1448.25
2024-07-07 18:00:00+00:00,37.49,400.0,100.0,677.2616694605512,858.5962308096642,595.9067519819597,2131.764652252175,937.25,937.25,1,937.25
2024-07-07 18:15:00+00:00,15.46,400.0,100.0,677.2616694605512,858.5962308096642,595.9067519819597,2131.764652252175,386.5,386.5,1,386.5
2024-07-07 18:30:00+00:00,73.38,400.0,100.0,677.2616694605512,858.5962308096642,595.9067519819597,2131.764652252175,1834.5,1834.5,1,1834.5
2024-07-07 18:45:00+00:00,73.38,400.0,100.0,677.2616694605512,858.5962308096642,595.9067519819597,2131.764652252175,1834.5,1834.5,1,1834.5
2024-07-07 19:00:00+00:00,73.38,400.0,100.0,677.2616694605512,858.5962308096642,595.9067519819597,2131.764652252175,1834.5,1834.5,1,1834.5
2024-07-07 19:15:00+00:00,71.76,400.0,100.0,677.2616694605512,858.5962308096642,595.9067519819597,2131.764652252175,1794.0000000000002,1794.0000000000002,1,1794.0000000000002
2024-07-07 19:30:00+00:00,71.76,400.0,100.0,677.2616694605512,858.5962308096642,595.9067519819597,2131.764652252175,1794.0000000000002,1794.0000000000002,1,1794.0000000000002
2024-07-07 19:45:00+00:00,71.76,400.0,100.0,677.2616694605512,858.5962308096642,595.9067519819597,2131.764652252175,1794.0000000000002,1794.0000000000002,1,1794.0000000000002
2024-07-07 20:00:00+00:00,71.76,400.0,100.0,677.2616694605512,858.5962308096642,595.9067519819597,2131.764652252175,1794.0000000000002,1794.0000000000002,1,1794.0000000000002
2024-07-07 20:15:00+00:00,66.75,400.0,100.0,677.2616694605512,858.5962308096642,595.9067519819597,2131.764652252175,1668.75,1668.75,1,1668.75
2024-07-07 20:30:00+00:00,66.75,400.0,100.0,677.2616694605512,858.5962308096642,595.9067519819597,2131.764652252175,1668.75,1668.75,1,1668.75
2024-07-07 20:45:00+00:00,86.75,400.0,100.0,677.2616694605512,858.5962308096642,595.9067519819597,2131.764652252175,2168.75,2131.764652252175,0,2131.764652252175
2024-07-07 21:00:00+00:00,66.75,400.0,100.0,677.2616694605512,858.5962308096642,595.9067519819597,2131.764652252175,1668.75,1668.75,1,1668.75
2024-07-07 21:15:00+00:00,53.11,400.0,100.0,677.2616694605512,858.5962308096642,595.9067519819597,2131.764652252175,1327.75,1327.75,1,1327.75
2024-07-07 21:30:00+00:00,53.11,400.0,100.0,677.2616694605512,858.5962308096642,595.9067519819597,2131.764652252175,1327.75,1327.75,1,1327.75
2024-07-07 21:45:00+00:00,53.11,400.0,100.0,677.2616694605512,858.5962308096642,595.9067519819597,2131.764652252175,1327.75,1327.75,1,1327.75
2024-07-07 22:00:00+00:00,53.11,400.0,100.0,677.2616694605512,858.5962308096642,595.9067519819597,2131.764652252175,1327.75,1327.75,1,1327.75
2024-07-07 22:15:00+00:00,103.07,400.0,100.0,677.2616694605512,858.5962308096642,595.9067519819597,2131.764652252175,2576.75,2131.764652252175,0,2131.764652252175
2024-07-07 22:30:00+00:00,103.07,400.0,100.0,677.2616694605512,858.5962308096642,595.9067519819597,2131.764652252175,2576.75,2131.764652252175,0,2131.764652252175
2024-07-07 22:45:00+00:00,103.07,400.0,100.0,677.2616694605512,858.5962308096642,595.9067519819597,2131.764652252175,2576.75,2131.764652252175,0,2131.764652252175
2024-07-07 23:00:00+00:00,103.07,400.0,100.0,677.2616694605512,858.5962308096642,595.9067519819597,2131.764652252175,2576.75,2131.764652252175,0,2131.764652252175
2024-07-07 23:15:00+00:00,113.07,400.0,100.0,677.2616694605512,858.5962308096642,595.9067519819597,2131.764652252175,2826.75,2131.764652252175,0,2131.764652252175
2024-07-07 23:30:00+00:00,113.07,400.0,100.0,677.2616694605512,858.5962308096642,595.9067519819597,2131.764652252175,2826.75,2131.764652252175,0,2131.764652252175
2024-07-07 23:45:00+00:00,88.91,400.0,100.0,677.2616694605512,858.5962308096642,595.9067519819597,2131.764652252175,2222.75,2131.764652252175,0,2131.764652252175
2024-07-08 00:00:00+00:00,113.07,400.0,100.0,677.2616694605512,858.5962308096642,595.9067519819597,2131.764652252175,2826.75,2131.764652252175,0,2131.764652252175
2024-07-08 00:15:00+00:00,1000.0,400.0,100.0,677.2616694605512,858.5962308096642,595.9067519819597,2131.764652252175,25000.0,2131.764652252175,0,2131.764652252175
2024-07-08 00:30:00+00:00,1000.0,400.0,100.0,677.2616694605512,858.5962308096642,595.9067519819597,2131.764652252175,25000.0,2131.764652252175,0,2131.764652252175
2024-07-08 00:45:00+00:00,1000.0,400.0,100.0,677.2616694605512,858.5962308096642,595.9067519819597,2131.764652252175,25000.0,2131.764652252175,0,2131.764652252175
2024-07-08 01:00:00+00:00,1000.0,400.0,100.0,677.2616694605512,858.5962308096642,595.9067519819597,2131.764652252175,25000.0,2131.764652252175,0,2131.764652252175
2024-07-08 01:15:00+00:00,61.8,400.0,100.0,677.2616694605512,858.5962308096642,595.9067519819597,2131.764652252175,1545.0,1545.0,1,1545.0
2024-07-08 01:30:00+00:00,61.8,400.0,100.0,677.2616694605512,858.5962308096642,595.9067519819597,2131.764652252175,1545.0,1545.0,1,1545.0
2024-07-08 01:45:00+00:00,61.8,400.0,100.0,677.2616694605512,858.5962308096642,595.9067519819597,2131.764652252175,1545.0,1545.0,1,1545.0
2024-07-08 02:00:00+00:00,61.8,400.0,100.0,677.2616694605512,858.5962308096642,595.9067519819597,2131.764652252175,1545.0,1545.0,1,1545.0
2024-07-08 02:15:00+00:00,66.36,400.0,100.0,677.2616694605512,858.5962308096642,595.9067519819597,2131.764652252175,1659.0,1659.0,1,1659.0
2024-07-08 02:30:00+00:00,66.36,400.0,100.0,677.2616694605512,858.5962308096642,595.9067519819597,2131.764652252175,1659.0,1659.0,1,1659.0
2024-07-08 02:45:00+00:00,66.36,400.0,100.0,677.2616694605512,858.5962308096642,595.9067519819597,2131.764652252175,1659.0,1659.0,1,1659.0
2024-07-08 03:00:00+00:00,66.36,400.0,100.0,677.2616694605512,858.5962308096642,595.9067519819597,2131.764652252175,1659.0,1659.0,1,1659.0
2024-07-08 03:15:00+00:00,43.27,400.0,100.0,677.2616694605512,858.5962308096642,595.9067519819597,2131.764652252175,1081.75,1081.75,1,1081.75
2024-07-08 03:30:00+00:00,30.72,400.0,100.0,677.2616694605512,858.5962308096642,595.9067519819597,2131.764652252175,768.0,768.0,1,768.0
2024-07-08 03:45:00+00:00,30.72,400.0,100.0,677.2616694605512,858.5962308096642,595.9067519819597,2131.764652252175,768.0,768.0,1,768.0
2024-07-08 04:00:00+00:00,43.27,400.0,100.0,677.2616694605512,858.5962308096642,595.9067519819597,2131.764652252175,1081.75,1081.75,1,1081.75
2024-07-08 04:15:00+00:00,1000.0,400.0,100.0,677.2616694605512,858.5962308096642,595.9067519819597,2131.764652252175,25000.0,2131.764652252175,0,2131.764652252175
2024-07-08 04:30:00+00:00,60.91,400.0,100.0,677.2616694605512,858.5962308096642,595.9067519819597,2131.764652252175,1522.75,1522.75,1,1522.75
2024-07-08 04:45:00+00:00,60.91,400.0,100.0,677.2616694605512,858.5962308096642,595.9067519819597,2131.764652252175,1522.75,1522.75,1,1522.75
2024-07-08 05:00:00+00:00,1000.0,400.0,100.0,677.2616694605512,858.5962308096642,595.9067519819597,2131.764652252175,25000.0,2131.764652252175,0,2131.764652252175
2024-07-08 05:15:00+00:00,1000.0,400.0,100.0,677.2616694605512,858.5962308096642,595.9067519819597,2131.764652252175,25000.0,2131.764652252175,0,2131.764652252175
2024-07-08 05:30:00+00:00,60.91,400.0,100.0,677.2616694605512,858.5962308096642,595.9067519819597,2131.764652252175,1522.75,1522.75,1,1522.75
2024-07-08 05:45:00+00:00,60.91,400.0,100.0,677.2616694605512,858.5962308096642,595.9067519819597,2131.764652252175,1522.75,1522.75,1,1522.75
2024-07-08 06:00:00+00:00,60.91,400.0,100.0,677.2616694605512,858.5962308096642,595.9067519819597,2131.764652252175,1522.75,1522.75,1,1522.75
2024-07-08 06:15:00+00:00,49.54,400.0,100.0,677.2616694605512,858.5962308096642,595.9067519819597,2131.764652252175,1238.5,1238.5,1,1238.5
2024-07-08 06:30:00+00:00,49.54,400.0,100.0,677.2616694605512,858.5962308096642,595.9067519819597,2131.764652252175,1238.5,1238.5,1,1238.5
2024-07-08 06:45:00+00:00,49.54,400.0,100.0,677.2616694605512,858.5962308096642,595.9067519819597,2131.764652252175,1238.5,1238.5,1,1238.5
2024-07-08 07:00:00+00:00,1000.0,400.0,100.0,677.2616694605512,858.5962308096642,595.9067519819597,2131.764652252175,25000.0,2131.764652252175,0,2131.764652252175
2024-07-08 07:15:00+00:00,92.0,400.0,100.0,677.2616694605512,858.5962308096642,595.9067519819597,2131.764652252175,2300.0,2131.764652252175,0,2131.764652252175
2024-07-08 07:30:00+00:00,92.0,400.0,100.0,677.2616694605512,858.5962308096642,595.9067519819597,2131.764652252175,2300.0,2131.764652252175,0,2131.764652252175
2024-07-08 07:45:00+00:00,92.0,400.0,100.0,677.2616694605512,858.5962308096642,595.9067519819597,2131.764652252175,2300.0,2131.764652252175,0,2131.764652252175
2024-07-08 08:00:00+00:00,92.0,400.0,100.0,677.2616694605512,858.5962308096642,595.9067519819597,2131.764652252175,2300.0,2131.764652252175,0,2131.764652252175
2024-07-08 08:15:00+00:00,170.17,400.0,100.0,677.2616694605512,858.5962308096642,595.9067519819597,2131.764652252175,4254.25,2131.764652252175,0,2131.764652252175
2024-07-08 08:30:00+00:00,170.17,400.0,100.0,677.2616694605512,858.5962308096642,595.9067519819597,2131.764652252175,4254.25,2131.764652252175,0,2131.764652252175
2024-07-08 08:45:00+00:00,170.17,400.0,100.0,677.2616694605512,858.5962308096642,595.9067519819597,2131.764652252175,4254.25,2131.764652252175,0,2131.764652252175
2024-07-08 09:00:00+00:00,170.17,400.0,100.0,677.2616694605512,858.5962308096642,595.9067519819597,2131.764652252175,4254.25,2131.764652252175,0,2131.764652252175
2024-07-08 09:15:00+00:00,184.96,400.0,100.0,677.2616694605512,858.5962308096642,595.9067519819597,2131.764652252175,4624.0,2131.764652252175,0,2131.764652252175
2024-07-08 09:30:00+00:00,184.96,400.0,100.0,677.2616694605512,858.5962308096642,595.9067519819597,2131.764652252175,4624.0,2131.764652252175,0,2131.764652252175
2024-07-08 09:45:00+00:00,184.96,400.0,100.0,677.2616694605512,858.5962308096642,595.9067519819597,2131.764652252175,4624.0,2131.764652252175,0,2131.764652252175
2024-07-08 10:00:00+00:00,184.96,400.0,100.0,677.2616694605512,858.5962308096642,595.9067519819597,2131.764652252175,4624.0,2131.764652252175,0,2131.764652252175
2024-07-08 10:15:00+00:00,184.5,400.0,100.0,677.2616694605512,858.5962308096642,595.9067519819597,2131.764652252175,4612.5,2131.764652252175,0,2131.764652252175
2024-07-08 10:30:00+00:00,184.5,400.0,100.0,677.2616694605512,858.5962308096642,595.9067519819597,2131.764652252175,4612.5,2131.764652252175,0,2131.764652252175
2024-07-08 10:45:00+00:00,184.5,400.0,100.0,677.2616694605512,858.5962308096642,595.9067519819597,2131.764652252175,4612.5,2131.764652252175,0,2131.764652252175
2024-07-08 11:00:00+00:00,184.5,400.0,100.0,677.2616694605512,858.5962308096642,595.9067519819597,2131.764652252175,4612.5,2131.764652252175,0,2131.764652252175
2024-07-08 11:15:00+00:00,163.02,400.0,100.0,677.2616694605512,858.5962308096642,595.9067519819597,2131.764652252175,4075.5000000000005,2131.764652252175,0,2131.764652252175
2024-07-08 11:30:00+00:00,163.02,400.0,100.0,677.2616694605512,858.5962308096642,595.9067519819597,2131.764652252175,4075.5000000000005,2131.764652252175,0,2131.764652252175
2024-07-08 11:45:00+00:00,163.02,400.0,100.0,677.2616694605512,858.5962308096642,595.9067519819597,2131.764652252175,4075.5000000000005,2131.764652252175,0,2131.764652252175
2024-07-08 12:00:00+00:00,163.02,400.0,100.0,677.2616694605512,858.5962308096642,595.9067519819597,2131.764652252175,4075.5000000000005,2131.764652252175,0,2131.764652252175
2024-07-08 12:15:00+00:00,109.22,400.0,100.0,677.2616694605512,858.5962308096642,595.9067519819597,2131.764652252175,2730.5,2131.764652252175,0,2131.764652252175
2024-07-08 12:30:00+00:00,109.22,400.0,100.0,677.2616694605512,858.5962308096642,595.9067519819597,2131.764652252175,2730.5,2131.764652252175,0,2131.764652252175
2024-07-08 12:45:00+00:00,109.22,400.0,100.0,677.2616694605512,858.5962308096642,595.9067519819597,2131.764652252175,2730.5,2131.764652252175,0,2131.764652252175
2024-07-08 13:00:00+00:00,109.22,400.0,100.0,677.2616694605512,858.5962308096642,595.9067519819597,2131.764652252175,2730.5,2131.764652252175,0,2131.764652252175
2024-07-08 13:15:00+00:00,55.02,400.0,100.0,677.2616694605512,858.5962308096642,595.9067519819597,2131.764652252175,1375.5,1375.5,1,1375.5
2024-07-08 13:30:00+00:00,55.02,400.0,100.0,677.2616694605512,858.5962308096642,595.9067519819597,2131.764652252175,1375.5,1375.5,1,1375.5
2024-07-08 13:45:00+00:00,90.62,400.0,100.0,677.2616694605512,858.5962308096642,595.9067519819597,2131.764652252175,2265.5,2131.764652252175,0,2131.764652252175
2024-07-08 14:00:00+00:00,90.62,400.0,100.0,677.2616694605512,858.5962308096642,595.9067519819597,2131.764652252175,2265.5,2131.764652252175,0,2131.764652252175
2024-07-08 14:15:00+00:00,63.27,400.0,100.0,677.2616694605512,858.5962308096642,595.9067519819597,2131.764652252175,1581.75,1581.75,1,1581.75
2024-07-08 14:30:00+00:00,63.27,400.0,100.0,677.2616694605512,858.5962308096642,595.9067519819597,2131.764652252175,1581.75,1581.75,1,1581.75
2024-07-08 14:45:00+00:00,43.27,400.0,100.0,677.2616694605512,858.5962308096642,595.9067519819597,2131.764652252175,1081.75,1081.75,1,1081.75
2024-07-08 15:00:00+00:00,43.27,400.0,100.0,677.2616694605512,858.5962308096642,595.9067519819597,2131.764652252175,1081.75,1081.75,1,1081.75
2024-07-08 15:15:00+00:00,74.98,400.0,100.0,677.2616694605512,858.5962308096642,595.9067519819597,2131.764652252175,1874.5,1874.5,1,1874.5
2024-07-08 15:30:00+00:00,74.98,400.0,100.0,677.2616694605512,858.5962308096642,595.9067519819597,2131.764652252175,1874.5,1874.5,1,1874.5
2024-07-08 15:45:00+00:00,74.98,400.0,100.0,677.2616694605512,858.5962308096642,595.9067519819597,2131.764652252175,1874.5,1874.5,1,1874.5
2024-07-08 16:00:00+00:00,74.98,400.0,100.0,677.2616694605512,858.5962308096642,595.9067519819597,2131.764652252175,1874.5,1874.5,1,1874.5
2024-07-08 16:15:00+00:00,43.27,400.0,100.0,677.2616694605512,858.5962308096642,595.9067519819597,2131.764652252175,1081.75,1081.75,1,1081.75
2024-07-08 16:30:00+00:00,43.27,400.0,100.0,677.2616694605512,858.5962308096642,595.9067519819597,2131.764652252175,1081.75,1081.75,1,1081.75
2024-07-08 16:45:00+00:00,43.27,400.0,100.0,677.2616694605512,858.5962308096642,595.9067519819597,2131.764652252175,1081.75,1081.75,1,1081.75
2024-07-08 17:00:00+00:00,43.27,400.0,100.0,677.2616694605512,858.5962308096642,595.9067519819597,2131.764652252175,1081.75,1081.75,1,1081.75
2024-07-08 17:15:00+00:00,103.69,400.0,100.0,677.2616694605512,858.5962308096642,595.9067519819597,2131.764652252175,2592.25,2131.764652252175,0,2131.764652252175
2024-07-08 17:30:00+00:00,11.77,400.0,100.0,677.2616694605512,858.5962308096642,595.9067519819597,2131.764652252175,294.25,294.25,1,294.25
2024-07-08 17:45:00+00:00,71.89,400.0,100.0,677.2616694605512,858.5962308096642,595.9067519819597,2131.764652252175,1797.25,1797.25,1,1797.25
2024-07-08 18:00:00+00:00,103.69,400.0,100.0,677.2616694605512,858.5962308096642,595.9067519819597,2131.764652252175,2592.25,2131.764652252175,0,2131.764652252175
2024-07-08 18:15:00+00:00,191.84,400.0,100.0,677.2616694605512,858.5962308096642,595.9067519819597,2131.764652252175,4796.0,2131.764652252175,0,2131.764652252175
2024-07-08 18:30:00+00:00,191.84,400.0,100.0,677.2616694605512,858.5962308096642,595.9067519819597,2131.764652252175,4796.0,2131.764652252175,0,2131.764652252175
2024-07-08 18:45:00+00:00,191.84,400.0,100.0,677.2616694605512,858.5962308096642,595.9067519819597,2131.764652252175,4796.0,2131.764652252175,0,2131.764652252175
2024-07-08 19:00:00+00:00,37.49,400.0,100.0,677.2616694605512,858.5962308096642,595.9067519819597,2131.764652252175,937.25,937.25,1,937.25
2024-07-08 19:15:00+00:00,60.09,400.0,100.0,677.2616694605512,858.5962308096642,595.9067519819597,2131.764652252175,1502.25,1502.25,1,1502.25
2024-07-08 19:30:00+00:00,37.49,400.0,100.0,677.2616694605512,858.5962308096642,595.9067519819597,2131.764652252175,937.25,937.25,1,937.25
2024-07-08 19:45:00+00:00,60.09,400.0,100.0,677.2616694605512,858.5962308096642,595.9067519819597,2131.764652252175,1502.25,1502.25,1,1502.25
2024-07-08 20:00:00+00:00,80.09,400.0,100.0,677.2616694605512,858.5962308096642,595.9067519819597,2131.764652252175,2002.25,2002.25,1,2002.25
2024-07-08 20:15:00+00:00,108.7,400.0,100.0,677.2616694605512,858.5962308096642,595.9067519819597,2131.764652252175,2717.5,2131.764652252175,0,2131.764652252175
2024-07-08 20:30:00+00:00,88.7,400.0,100.0,677.2616694605512,858.5962308096642,595.9067519819597,2131.764652252175,2217.5,2131.764652252175,0,2131.764652252175
2024-07-08 20:45:00+00:00,88.7,400.0,100.0,677.2616694605512,858.5962308096642,595.9067519819597,2131.764652252175,2217.5,2131.764652252175,0,2131.764652252175
2024-07-08 21:00:00+00:00,88.7,400.0,100.0,677.2616694605512,858.5962308096642,595.9067519819597,2131.764652252175,2217.5,2131.764652252175,0,2131.764652252175
2024-07-08 21:15:00+00:00,56.2,400.0,100.0,677.2616694605512,858.5962308096642,595.9067519819597,2131.764652252175,1405.0,1405.0,1,1405.0
2024-07-08 21:30:00+00:00,56.2,400.0,100.0,677.2616694605512,858.5962308096642,595.9067519819597,2131.764652252175,1405.0,1405.0,1,1405.0
2024-07-08 21:45:00+00:00,56.2,400.0,100.0,677.2616694605512,858.5962308096642,595.9067519819597,2131.764652252175,1405.0,1405.0,1,1405.0
2024-07-08 22:00:00+00:00,56.2,400.0,100.0,677.2616694605512,858.5962308096642,595.9067519819597,2131.764652252175,1405.0,1405.0,1,1405.0
2024-07-08 22:15:00+00:00,74.52,400.0,100.0,677.2616694605512,858.5962308096642,595.9067519819597,2131.764652252175,1863.0,1863.0,1,1863.0
2024-07-08 22:30:00+00:00,74.52,400.0,100.0,677.2616694605512,858.5962308096642,595.9067519819597,2131.764652252175,1863.0,1863.0,1,1863.0
2024-07-08 22:45:00+00:00,74.52,400.0,100.0,677.2616694605512,858.5962308096642,595.9067519819597,2131.764652252175,1863.0,1863.0,1,1863.0
2024-07-08 23:00:00+00:00,74.52,400.0,100.0,677.2616694605512,858.5962308096642,595.9067519819597,2131.764652252175,1863.0,1863.0,1,1863.0
2024-07-08 23:15:00+00:00,148.2,400.0,100.0,677.2616694605512,858.5962308096642,595.9067519819597,2131.764652252175,3704.9999999999995,2131.764652252175,0,2131.764652252175
2024-07-08 23:30:00+00:00,148.2,400.0,100.0,677.2616694605512,858.5962308096642,595.9067519819597,2131.764652252175,3704.9999999999995,2131.764652252175,0,2131.764652252175
2024-07-08 23:45:00+00:00,148.2,400.0,100.0,677.2616694605512,858.5962308096642,595.9067519819597,2131.764652252175,3704.9999999999995,2131.764652252175,0,2131.764652252175
2024-07-09 00:00:00+00:00,148.2,400.0,100.0,677.2616694605512,858.5962308096642,595.9067519819597,2131.764652252175,3704.9999999999995,2131.764652252175,0,2131.764652252175
2024-07-09 00:15:00+00:00,157.38,400.0,100.0,677.2616694605512,858.5962308096642,595.9067519819597,2131.764652252175,3934.5,2131.764652252175,0,2131.764652252175
2024-07-09 00:30:00+00:00,157.38,400.0,100.0,677.2616694605512,858.5962308096642,595.9067519819597,2131.764652252175,3934.5,2131.764652252175,0,2131.764652252175
2024-07-09 00:45:00+00:00,157.38,400.0,100.0,677.2616694605512,858.5962308096642,595.9067519819597,2131.764652252175,3934.5,2131.764652252175,0,2131.764652252175
2024-07-09 01:00:00+00:00,157.38,400.0,100.0,677.2616694605512,858.5962308096642,595.9067519819597,2131.764652252175,3934.5,2131.764652252175,0,2131.764652252175
2024-07-09 01:15:00+00:00,159.38,400.0,100.0,677.2616694605512,858.5962308096642,595.9067519819597,2131.764652252175,3984.5,2131.764652252175,0,2131.764652252175
2024-07-09 01:30:00+00:00,113.59,400.0,100.0,677.2616694605512,858.5962308096642,595.9067519819597,2131.764652252175,2839.75,2131.764652252175,0,2131.764652252175
2024-07-09 01:45:00+00:00,113.59,400.0,100.0,677.2616694605512,858.5962308096642,595.9067519819597,2131.764652252175,2839.75,2131.764652252175,0,2131.764652252175
2024-07-09 02:00:00+00:00,113.59,400.0,100.0,677.2616694605512,858.5962308096642,595.9067519819597,2131.764652252175,2839.75,2131.764652252175,0,2131.764652252175
2024-07-09 02:15:00+00:00,108.79,400.0,100.0,677.2616694605512,858.5962308096642,595.9067519819597,2131.764652252175,2719.75,2131.764652252175,0,2131.764652252175
2024-07-09 02:30:00+00:00,108.79,400.0,100.0,677.2616694605512,858.5962308096642,595.9067519819597,2131.764652252175,2719.75,2131.764652252175,0,2131.764652252175
2024-07-09 02:45:00+00:00,108.79,400.0,100.0,677.2616694605512,858.5962308096642,595.9067519819597,2131.764652252175,2719.75,2131.764652252175,0,2131.764652252175
2024-07-09 03:00:00+00:00,108.79,400.0,100.0,677.2616694605512,858.5962308096642,595.9067519819597,2131.764652252175,2719.75,2131.764652252175,0,2131.764652252175
2024-07-09 03:15:00+00:00,97.19,400.0,100.0,677.2616694605512,858.5962308096642,595.9067519819597,2131.764652252175,2429.75,2131.764652252175,0,2131.764652252175
2024-07-09 03:30:00+00:00,97.19,400.0,100.0,677.2616694605512,858.5962308096642,595.9067519819597,2131.764652252175,2429.75,2131.764652252175,0,2131.764652252175
2024-07-09 03:45:00+00:00,97.19,400.0,100.0,677.2616694605512,858.5962308096642,595.9067519819597,2131.764652252175,2429.75,2131.764652252175,0,2131.764652252175
2024-07-09 04:00:00+00:00,97.19,400.0,100.0,677.2616694605512,858.5962308096642,595.9067519819597,2131.764652252175,2429.75,2131.764652252175,0,2131.764652252175
2024-07-09 04:15:00+00:00,63.06,400.0,100.0,677.2616694605512,858.5962308096642,595.9067519819597,2131.764652252175,1576.5,1576.5,1,1576.5
2024-07-09 04:30:00+00:00,63.06,400.0,100.0,677.2616694605512,858.5962308096642,595.9067519819597,2131.764652252175,1576.5,1576.5,1,1576.5
2024-07-09 04:45:00+00:00,63.06,400.0,100.0,677.2616694605512,858.5962308096642,595.9067519819597,2131.764652252175,1576.5,1576.5,1,1576.5
2024-07-09 05:00:00+00:00,1000.0,400.0,100.0,677.2616694605512,858.5962308096642,595.9067519819597,2131.764652252175,25000.0,2131.764652252175,0,2131.764652252175
2024-07-09 05:15:00+00:00,1000.0,400.0,100.0,677.2616694605512,858.5962308096642,595.9067519819597,2131.764652252175,25000.0,2131.764652252175,0,2131.764652252175
2024-07-09 05:30:00+00:00,98.77,400.0,100.0,677.2616694605512,858.5962308096642,595.9067519819597,2131.764652252175,2469.25,2131.764652252175,0,2131.764652252175
2024-07-09 05:45:00+00:00,60.91,400.0,100.0,677.2616694605512,858.5962308096642,595.9067519819597,2131.764652252175,1522.75,1522.75,1,1522.75
2024-07-09 06:00:00+00:00,98.77,400.0,100.0,677.2616694605512,858.5962308096642,595.9067519819597,2131.764652252175,2469.25,2131.764652252175,0,2131.764652252175
2024-07-09 06:15:00+00:00,37.34,400.0,100.0,677.2616694605512,858.5962308096642,595.9067519819597,2131.764652252175,933.5000000000001,933.5000000000001,1,933.5000000000001
2024-07-09 06:30:00+00:00,37.34,400.0,100.0,677.2616694605512,858.5962308096642,595.9067519819597,2131.764652252175,933.5000000000001,933.5000000000001,1,933.5000000000001
2024-07-09 06:45:00+00:00,37.34,400.0,100.0,677.2616694605512,858.5962308096642,595.9067519819597,2131.764652252175,933.5000000000001,933.5000000000001,1,933.5000000000001
2024-07-09 07:00:00+00:00,37.34,400.0,100.0,677.2616694605512,858.5962308096642,595.9067519819597,2131.764652252175,933.5000000000001,933.5000000000001,1,933.5000000000001
2024-07-09 07:15:00+00:00,223.39,400.0,100.0,677.2616694605512,858.5962308096642,595.9067519819597,2131.764652252175,5584.75,2131.764652252175,0,2131.764652252175
2024-07-09 07:30:00+00:00,223.39,400.0,100.0,677.2616694605512,858.5962308096642,595.9067519819597,2131.764652252175,5584.75,2131.764652252175,0,2131.764652252175
2024-07-09 07:45:00+00:00,223.39,400.0,100.0,677.2616694605512,858.5962308096642,595.9067519819597,2131.764652252175,5584.75,2131.764652252175,0,2131.764652252175
2024-07-09 08:00:00+00:00,223.39,400.0,100.0,677.2616694605512,858.5962308096642,595.9067519819597,2131.764652252175,5584.75,2131.764652252175,0,2131.764652252175
2024-07-09 08:15:00+00:00,302.35,400.0,100.0,677.2616694605512,858.5962308096642,595.9067519819597,2131.764652252175,7558.750000000001,2131.764652252175,0,2131.764652252175
2024-07-09 08:30:00+00:00,302.35,400.0,100.0,677.2616694605512,858.5962308096642,595.9067519819597,2131.764652252175,7558.750000000001,2131.764652252175,0,2131.764652252175
2024-07-09 08:45:00+00:00,302.35,400.0,100.0,677.2616694605512,858.5962308096642,595.9067519819597,2131.764652252175,7558.750000000001,2131.764652252175,0,2131.764652252175
2024-07-09 09:00:00+00:00,302.35,400.0,100.0,677.2616694605512,858.5962308096642,595.9067519819597,2131.764652252175,7558.750000000001,2131.764652252175,0,2131.764652252175
2024-07-09 09:15:00+00:00,302.35,400.0,100.0,677.2616694605512,858.5962308096642,595.9067519819597,2131.764652252175,7558.750000000001,2131.764652252175,0,2131.764652252175
2024-07-09 09:30:00+00:00,302.35,400.0,100.0,677.2616694605512,858.5962308096642,595.9067519819597,2131.764652252175,7558.750000000001,2131.764652252175,0,2131.764652252175
2024-07-09 09:45:00+00:00,302.35,400.0,100.0,677.2616694605512,858.5962308096642,595.9067519819597,2131.764652252175,7558.750000000001,2131.764652252175,0,2131.764652252175
2024-07-09 10:00:00+00:00,302.35,400.0,100.0,677.2616694605512,858.5962308096642,595.9067519819597,2131.764652252175,7558.750000000001,2131.764652252175,0,2131.764652252175
2024-07-09 10:15:00+00:00,302.35,400.0,100.0,677.2616694605512,858.5962308096642,595.9067519819597,2131.764652252175,7558.750000000001,2131.764652252175,0,2131.764652252175
2024-07-09 10:30:00+00:00,302.35,400.0,100.0,677.2616694605512,858.5962308096642,595.9067519819597,2131.764652252175,7558.750000000001,2131.764652252175,0,2131.764652252175
2024-07-09 10:45:00+00:00,302.35,400.0,100.0,677.2616694605512,858.5962308096642,595.9067519819597,2131.764652252175,7558.750000000001,2131.764652252175,0,2131.764652252175
2024-07-09 11:00:00+00:00,302.35,400.0,100.0,677.2616694605512,858.5962308096642,595.9067519819597,2131.764652252175,7558.750000000001,2131.764652252175,0,2131.764652252175
2024-07-09 11:15:00+00:00,271.39,400.0,100.0,677.2616694605512,858.5962308096642,595.9067519819597,2131.764652252175,6784.75,2131.764652252175,0,2131.764652252175
2024-07-09 11:30:00+00:00,271.39,400.0,100.0,677.2616694605512,858.5962308096642,595.9067519819597,2131.764652252175,6784.75,2131.764652252175,0,2131.764652252175
2024-07-09 11:45:00+00:00,271.39,400.0,100.0,677.2616694605512,858.5962308096642,595.9067519819597,2131.764652252175,6784.75,2131.764652252175,0,2131.764652252175
2024-07-09 12:00:00+00:00,271.39,400.0,100.0,677.2616694605512,858.5962308096642,595.9067519819597,2131.764652252175,6784.75,2131.764652252175,0,2131.764652252175
2024-07-09 12:15:00+00:00,298.11,400.0,100.0,677.2616694605512,858.5962308096642,595.9067519819597,2131.764652252175,7452.75,2131.764652252175,0,2131.764652252175
2024-07-09 12:30:00+00:00,275.39,400.0,100.0,677.2616694605512,858.5962308096642,595.9067519819597,2131.764652252175,6884.75,2131.764652252175,0,2131.764652252175
2024-07-09 12:45:00+00:00,275.39,400.0,100.0,677.2616694605512,858.5962308096642,595.9067519819597,2131.764652252175,6884.75,2131.764652252175,0,2131.764652252175
2024-07-09 13:00:00+00:00,275.39,400.0,100.0,677.2616694605512,858.5962308096642,595.9067519819597,2131.764652252175,6884.75,2131.764652252175,0,2131.764652252175
2024-07-09 13:15:00+00:00,254.6,400.0,100.0,677.2616694605512,858.5962308096642,595.9067519819597,2131.764652252175,6365.0,2131.764652252175,0,2131.764652252175
2024-07-09 13:30:00+00:00,254.6,400.0,100.0,677.2616694605512,858.5962308096642,595.9067519819597,2131.764652252175,6365.0,2131.764652252175,0,2131.764652252175
2024-07-09 13:45:00+00:00,231.88,400.0,100.0,677.2616694605512,858.5962308096642,595.9067519819597,2131.764652252175,5797.0,2131.764652252175,0,2131.764652252175
2024-07-09 14:00:00+00:00,254.6,400.0,100.0,677.2616694605512,858.5962308096642,595.9067519819597,2131.764652252175,6365.0,2131.764652252175,0,2131.764652252175
2024-07-09 14:15:00+00:00,169.38,400.0,100.0,677.2616694605512,858.5962308096642,595.9067519819597,2131.764652252175,4234.5,2131.764652252175,0,2131.764652252175
2024-07-09 14:30:00+00:00,169.38,400.0,100.0,677.2616694605512,858.5962308096642,595.9067519819597,2131.764652252175,4234.5,2131.764652252175,0,2131.764652252175
2024-07-09 14:45:00+00:00,59.9,400.0,100.0,677.2616694605512,858.5962308096642,595.9067519819597,2131.764652252175,1497.5,1497.5,1,1497.5
2024-07-09 15:00:00+00:00,169.38,400.0,100.0,677.2616694605512,858.5962308096642,595.9067519819597,2131.764652252175,4234.5,2131.764652252175,0,2131.764652252175
2024-07-09 15:15:00+00:00,111.97,400.0,100.0,677.2616694605512,858.5962308096642,595.9067519819597,2131.764652252175,2799.25,2131.764652252175,0,2131.764652252175
2024-07-09 15:30:00+00:00,111.97,400.0,100.0,677.2616694605512,858.5962308096642,595.9067519819597,2131.764652252175,2799.25,2131.764652252175,0,2131.764652252175
2024-07-09 15:45:00+00:00,93.8,400.0,100.0,677.2616694605512,858.5962308096642,595.9067519819597,2131.764652252175,2345.0,2131.764652252175,0,2131.764652252175
2024-07-09 16:00:00+00:00,1000.0,400.0,100.0,677.2616694605512,858.5962308096642,595.9067519819597,2131.764652252175,25000.0,2131.764652252175,0,2131.764652252175
2024-07-09 16:15:00+00:00,39.9,400.0,100.0,677.2616694605512,858.5962308096642,595.9067519819597,2131.764652252175,997.5,997.5,1,997.5
2024-07-09 16:30:00+00:00,37.34,400.0,100.0,677.2616694605512,858.5962308096642,595.9067519819597,2131.764652252175,933.5000000000001,933.5000000000001,1,933.5000000000001
2024-07-09 16:45:00+00:00,37.34,400.0,100.0,677.2616694605512,858.5962308096642,595.9067519819597,2131.764652252175,933.5000000000001,933.5000000000001,1,933.5000000000001
2024-07-09 17:00:00+00:00,37.34,400.0,100.0,677.2616694605512,858.5962308096642,595.9067519819597,2131.764652252175,933.5000000000001,933.5000000000001,1,933.5000000000001
2024-07-09 17:15:00+00:00,37.34,400.0,100.0,677.2616694605512,858.5962308096642,595.9067519819597,2131.764652252175,933.5000000000001,933.5000000000001,1,933.5000000000001
2024-07-09 17:30:00+00:00,37.34,400.0,100.0,677.2616694605512,858.5962308096642,595.9067519819597,2131.764652252175,933.5000000000001,933.5000000000001,1,933.5000000000001
2024-07-09 17:45:00+00:00,37.34,400.0,100.0,677.2616694605512,858.5962308096642,595.9067519819597,2131.764652252175,933.5000000000001,933.5000000000001,1,933.5000000000001
2024-07-09 18:00:00+00:00,10.0,400.0,100.0,677.2616694605512,858.5962308096642,595.9067519819597,2131.764652252175,250.0,250.0,1,250.0
2024-07-09 18:15:00+00:00,37.34,400.0,100.0,677.2616694605512,858.5962308096642,595.9067519819597,2131.764652252175,933.5000000000001,933.5000000000001,1,933.5000000000001
2024-07-09 18:30:00+00:00,37.34,400.0,100.0,677.2616694605512,858.5962308096642,595.9067519819597,2131.764652252175,933.5000000000001,933.5000000000001,1,933.5000000000001
2024-07-09 18:45:00+00:00,37.34,400.0,100.0,677.2616694605512,858.5962308096642,595.9067519819597,2131.764652252175,933.5000000000001,933.5000000000001,1,933.5000000000001
2024-07-09 19:00:00+00:00,37.34,400.0,100.0,677.2616694605512,858.5962308096642,595.9067519819597,2131.764652252175,933.5000000000001,933.5000000000001,1,933.5000000000001
2024-07-09 19:15:00+00:00,10.0,400.0,100.0,677.2616694605512,858.5962308096642,595.9067519819597,2131.764652252175,250.0,250.0,1,250.0
2024-07-09 19:30:00+00:00,10.0,400.0,100.0,677.2616694605512,858.5962308096642,595.9067519819597,2131.764652252175,250.0,250.0,1,250.0
2024-07-09 19:45:00+00:00,37.34,400.0,100.0,677.2616694605512,858.5962308096642,595.9067519819597,2131.764652252175,933.5000000000001,933.5000000000001,1,933.5000000000001
2024-07-09 20:00:00+00:00,37.34,400.0,100.0,677.2616694605512,858.5962308096642,595.9067519819597,2131.764652252175,933.5000000000001,933.5000000000001,1,933.5000000000001
2024-07-09 20:15:00+00:00,89.04,400.0,100.0,677.2616694605512,858.5962308096642,595.9067519819597,2131.764652252175,2226.0,2131.764652252175,0,2131.764652252175
2024-07-09 20:30:00+00:00,69.04,400.0,100.0,677.2616694605512,858.5962308096642,595.9067519819597,2131.764652252175,1726.0000000000002,1726.0000000000002,1,1726.0000000000002
2024-07-09 20:45:00+00:00,69.04,400.0,100.0,677.2616694605512,858.5962308096642,595.9067519819597,2131.764652252175,1726.0000000000002,1726.0000000000002,1,1726.0000000000002
2024-07-09 21:00:00+00:00,69.04,400.0,100.0,677.2616694605512,858.5962308096642,595.9067519819597,2131.764652252175,1726.0000000000002,1726.0000000000002,1,1726.0000000000002
2024-07-09 21:15:00+00:00,78.17,400.0,100.0,677.2616694605512,858.5962308096642,595.9067519819597,2131.764652252175,1954.25,1954.25,1,1954.25
2024-07-09 21:30:00+00:00,77.64,400.0,100.0,677.2616694605512,858.5962308096642,595.9067519819597,2131.764652252175,1941.0,1941.0,1,1941.0
2024-07-09 21:45:00+00:00,77.64,400.0,100.0,677.2616694605512,858.5962308096642,595.9067519819597,2131.764652252175,1941.0,1941.0,1,1941.0
2024-07-09 22:00:00+00:00,78.17,400.0,100.0,677.2616694605512,858.5962308096642,595.9067519819597,2131.764652252175,1954.25,1954.25,1,1954.25
2024-07-09 22:15:00+00:00,1000.0,400.0,100.0,677.2616694605512,858.5962308096642,595.9067519819597,2131.764652252175,25000.0,2131.764652252175,0,2131.764652252175
2024-07-09 22:30:00+00:00,1000.0,400.0,100.0,677.2616694605512,858.5962308096642,595.9067519819597,2131.764652252175,25000.0,2131.764652252175,0,2131.764652252175
2024-07-09 22:45:00+00:00,134.83,400.0,100.0,677.2616694605512,858.5962308096642,595.9067519819597,2131.764652252175,3370.7500000000005,2131.764652252175,0,2131.764652252175
2024-07-09 23:00:00+00:00,143.87,400.0,100.0,677.2616694605512,858.5962308096642,595.9067519819597,2131.764652252175,3596.75,2131.764652252175,0,2131.764652252175
2024-07-09 23:15:00+00:00,195.29,400.0,100.0,677.2616694605512,858.5962308096642,595.9067519819597,2131.764652252175,4882.25,2131.764652252175,0,2131.764652252175
2024-07-09 23:30:00+00:00,195.29,400.0,100.0,677.2616694605512,858.5962308096642,595.9067519819597,2131.764652252175,4882.25,2131.764652252175,0,2131.764652252175
2024-07-09 23:45:00+00:00,195.29,400.0,100.0,677.2616694605512,858.5962308096642,595.9067519819597,2131.764652252175,4882.25,2131.764652252175,0,2131.764652252175
2024-07-10 00:00:00+00:00,195.29,400.0,100.0,677.2616694605512,858.5962308096642,595.9067519819597,2131.764652252175,4882.25,2131.764652252175,0,2131.764652252175
2024-07-10 00:15:00+00:00,211.34,400.0,100.0,677.2616694605512,858.5962308096642,595.9067519819597,2131.764652252175,5283.5,2131.764652252175,0,2131.764652252175
2024-07-10 00:30:00+00:00,201.8,400.0,100.0,677.2616694605512,858.5962308096642,595.9067519819597,2131.764652252175,5045.0,2131.764652252175,0,2131.764652252175
2024-07-10 00:45:00+00:00,201.8,400.0,100.0,677.2616694605512,858.5962308096642,595.9067519819597,2131.764652252175,5045.0,2131.764652252175,0,2131.764652252175
2024-07-10 01:00:00+00:00,201.8,400.0,100.0,677.2616694605512,858.5962308096642,595.9067519819597,2131.764652252175,5045.0,2131.764652252175,0,2131.764652252175
2024-07-10 01:15:00+00:00,213.83,400.0,100.0,677.2616694605512,858.5962308096642,595.9067519819597,2131.764652252175,5345.75,2131.764652252175,0,2131.764652252175
2024-07-10 01:30:00+00:00,182.09,400.0,100.0,677.2616694605512,858.5962308096642,595.9067519819597,2131.764652252175,4552.25,2131.764652252175,0,2131.764652252175
2024-07-10 01:45:00+00:00,182.09,400.0,100.0,677.2616694605512,858.5962308096642,595.9067519819597,2131.764652252175,4552.25,2131.764652252175,0,2131.764652252175
2024-07-10 02:00:00+00:00,182.09,400.0,100.0,677.2616694605512,858.5962308096642,595.9067519819597,2131.764652252175,4552.25,2131.764652252175,0,2131.764652252175
2024-07-10 02:15:00+00:00,215.38,400.0,100.0,677.2616694605512,858.5962308096642,595.9067519819597,2131.764652252175,5384.5,2131.764652252175,0,2131.764652252175
2024-07-10 02:30:00+00:00,215.38,400.0,100.0,677.2616694605512,858.5962308096642,595.9067519819597,2131.764652252175,5384.5,2131.764652252175,0,2131.764652252175
2024-07-10 02:45:00+00:00,215.38,400.0,100.0,677.2616694605512,858.5962308096642,595.9067519819597,2131.764652252175,5384.5,2131.764652252175,0,2131.764652252175
2024-07-10 03:00:00+00:00,215.38,400.0,100.0,677.2616694605512,858.5962308096642,595.9067519819597,2131.764652252175,5384.5,2131.764652252175,0,2131.764652252175
2024-07-10 03:15:00+00:00,216.5,400.0,100.0,677.2616694605512,858.5962308096642,595.9067519819597,2131.764652252175,5412.5,2131.764652252175,0,2131.764652252175
2024-07-10 03:30:00+00:00,216.5,400.0,100.0,677.2616694605512,858.5962308096642,595.9067519819597,2131.764652252175,5412.5,2131.764652252175,0,2131.764652252175
2024-07-10 03:45:00+00:00,216.5,400.0,100.0,677.2616694605512,858.5962308096642,595.9067519819597,2131.764652252175,5412.5,2131.764652252175,0,2131.764652252175
2024-07-10 04:00:00+00:00,1000.0,400.0,100.0,677.2616694605512,858.5962308096642,595.9067519819597,2131.764652252175,25000.0,2131.764652252175,0,2131.764652252175
2024-07-10 04:15:00+00:00,1000.0,400.0,100.0,677.2616694605512,858.5962308096642,595.9067519819597,2131.764652252175,25000.0,2131.764652252175,0,2131.764652252175
2024-07-10 04:30:00+00:00,1000.0,400.0,100.0,677.2616694605512,858.5962308096642,595.9067519819597,2131.764652252175,25000.0,2131.764652252175,0,2131.764652252175
2024-07-10 04:45:00+00:00,1000.0,400.0,100.0,677.2616694605512,858.5962308096642,595.9067519819597,2131.764652252175,25000.0,2131.764652252175,0,2131.764652252175
2024-07-10 05:00:00+00:00,1000.0,400.0,100.0,677.2616694605512,858.5962308096642,595.9067519819597,2131.764652252175,25000.0,2131.764652252175,0,2131.764652252175
2024-07-10 05:15:00+00:00,1000.0,400.0,100.0,677.2616694605512,858.5962308096642,595.9067519819597,2131.764652252175,25000.0,2131.764652252175,0,2131.764652252175
2024-07-10 05:30:00+00:00,1000.0,400.0,100.0,677.2616694605512,858.5962308096642,595.9067519819597,2131.764652252175,25000.0,2131.764652252175,0,2131.764652252175
2024-07-10 05:45:00+00:00,1000.0,400.0,100.0,677.2616694605512,858.5962308096642,595.9067519819597,2131.764652252175,25000.0,2131.764652252175,0,2131.764652252175
2024-07-10 06:00:00+00:00,1000.0,400.0,100.0,677.2616694605512,858.5962308096642,595.9067519819597,2131.764652252175,25000.0,2131.764652252175,0,2131.764652252175
2024-07-10 06:15:00+00:00,217.29,400.0,100.0,677.2616694605512,858.5962308096642,595.9067519819597,2131.764652252175,5432.25,2131.764652252175,0,2131.764652252175
2024-07-10 06:30:00+00:00,216.96,400.0,100.0,677.2616694605512,858.5962308096642,595.9067519819597,2131.764652252175,5424.0,2131.764652252175,0,2131.764652252175
2024-07-10 06:45:00+00:00,216.96,400.0,100.0,677.2616694605512,858.5962308096642,595.9067519819597,2131.764652252175,5424.0,2131.764652252175,0,2131.764652252175
2024-07-10 07:00:00+00:00,217.29,400.0,100.0,677.2616694605512,858.5962308096642,595.9067519819597,2131.764652252175,5432.25,2131.764652252175,0,2131.764652252175
2024-07-10 07:15:00+00:00,324.78,400.0,100.0,677.2616694605512,858.5962308096642,595.9067519819597,2131.764652252175,8119.499999999999,2131.764652252175,0,2131.764652252175
2024-07-10 07:30:00+00:00,1000.0,400.0,100.0,677.2616694605512,858.5962308096642,595.9067519819597,2131.764652252175,25000.0,2131.764652252175,0,2131.764652252175
2024-07-10 07:45:00+00:00,1000.0,400.0,100.0,677.2616694605512,858.5962308096642,595.9067519819597,2131.764652252175,25000.0,2131.764652252175,0,2131.764652252175
2024-07-10 08:00:00+00:00,1000.0,400.0,100.0,677.2616694605512,858.5962308096642,595.9067519819597,2131.764652252175,25000.0,2131.764652252175,0,2131.764652252175
2024-07-10 08:15:00+00:00,1000.0,400.0,100.0,677.2616694605512,858.5962308096642,595.9067519819597,2131.764652252175,25000.0,2131.764652252175,0,2131.764652252175
2024-07-10 08:30:00+00:00,1000.0,400.0,100.0,677.2616694605512,858.5962308096642,595.9067519819597,2131.764652252175,25000.0,2131.764652252175,0,2131.764652252175
2024-07-10 08:45:00+00:00,1000.0,400.0,100.0,677.2616694605512,858.5962308096642,595.9067519819597,2131.764652252175,25000.0,2131.764652252175,0,2131.764652252175
2024-07-10 09:00:00+00:00,1000.0,400.0,100.0,677.2616694605512,858.5962308096642,595.9067519819597,2131.764652252175,25000.0,2131.764652252175,0,2131.764652252175
2024-07-10 09:15:00+00:00,1000.0,400.0,100.0,677.2616694605512,858.5962308096642,595.9067519819597,2131.764652252175,25000.0,2131.764652252175,0,2131.764652252175
2024-07-10 09:30:00+00:00,1000.0,400.0,100.0,677.2616694605512,858.5962308096642,595.9067519819597,2131.764652252175,25000.0,2131.764652252175,0,2131.764652252175
2024-07-10 09:45:00+00:00,1000.0,400.0,100.0,677.2616694605512,858.5962308096642,595.9067519819597,2131.764652252175,25000.0,2131.764652252175,0,2131.764652252175
2024-07-10 10:00:00+00:00,1000.0,400.0,100.0,677.2616694605512,858.5962308096642,595.9067519819597,2131.764652252175,25000.0,2131.764652252175,0,2131.764652252175
2024-07-10 10:15:00+00:00,1000.0,400.0,100.0,677.2616694605512,858.5962308096642,595.9067519819597,2131.764652252175,25000.0,2131.764652252175,0,2131.764652252175
2024-07-10 10:30:00+00:00,1000.0,400.0,100.0,677.2616694605512,858.5962308096642,595.9067519819597,2131.764652252175,25000.0,2131.764652252175,0,2131.764652252175
2024-07-10 10:45:00+00:00,1000.0,400.0,100.0,677.2616694605512,858.5962308096642,595.9067519819597,2131.764652252175,25000.0,2131.764652252175,0,2131.764652252175
2024-07-10 11:00:00+00:00,1000.0,400.0,100.0,677.2616694605512,858.5962308096642,595.9067519819597,2131.764652252175,25000.0,2131.764652252175,0,2131.764652252175
2024-07-10 11:15:00+00:00,1000.0,400.0,100.0,677.2616694605512,858.5962308096642,595.9067519819597,2131.764652252175,25000.0,2131.764652252175,0,2131.764652252175
2024-07-10 11:30:00+00:00,1000.0,400.0,100.0,677.2616694605512,858.5962308096642,595.9067519819597,2131.764652252175,25000.0,2131.764652252175,0,2131.764652252175
2024-07-10 11:45:00+00:00,1000.0,400.0,100.0,677.2616694605512,858.5962308096642,595.9067519819597,2131.764652252175,25000.0,2131.764652252175,0,2131.764652252175
2024-07-10 12:00:00+00:00,1000.0,400.0,100.0,677.2616694605512,858.5962308096642,595.9067519819597,2131.764652252175,25000.0,2131.764652252175,0,2131.764652252175
2024-07-10 12:15:00+00:00,1000.0,400.0,100.0,677.2616694605512,858.5962308096642,595.9067519819597,2131.764652252175,25000.0,2131.764652252175,0,2131.764652252175
2024-07-10 12:30:00+00:00,1000.0,400.0,100.0,677.2616694605512,858.5962308096642,595.9067519819597,2131.764652252175,25000.0,2131.764652252175,0,2131.764652252175
2024-07-10 12:45:00+00:00,1000.0,400.0,100.0,677.2616694605512,858.5962308096642,595.9067519819597,2131.764652252175,25000.0,2131.764652252175,0,2131.764652252175
2024-07-10 13:00:00+00:00,1000.0,400.0,100.0,677.2616694605512,858.5962308096642,595.9067519819597,2131.764652252175,25000.0,2131.764652252175,0,2131.764652252175
2024-07-10 13:15:00+00:00,1000.0,400.0,100.0,677.2616694605512,858.5962308096642,595.9067519819597,2131.764652252175,25000.0,2131.764652252175,0,2131.764652252175
2024-07-10 13:30:00+00:00,1000.0,400.0,100.0,677.2616694605512,858.5962308096642,595.9067519819597,2131.764652252175,25000.0,2131.764652252175,0,2131.764652252175
2024-07-10 13:45:00+00:00,1000.0,400.0,100.0,677.2616694605512,858.5962308096642,595.9067519819597,2131.764652252175,25000.0,2131.764652252175,0,2131.764652252175
2024-07-10 14:00:00+00:00,1000.0,400.0,100.0,677.2616694605512,858.5962308096642,595.9067519819597,2131.764652252175,25000.0,2131.764652252175,0,2131.764652252175
2024-07-10 14:15:00+00:00,1000.0,400.0,100.0,677.2616694605512,858.5962308096642,595.9067519819597,2131.764652252175,25000.0,2131.764652252175,0,2131.764652252175
2024-07-10 14:30:00+00:00,1000.0,400.0,100.0,677.2616694605512,858.5962308096642,595.9067519819597,2131.764652252175,25000.0,2131.764652252175,0,2131.764652252175
2024-07-10 14:45:00+00:00,1000.0,400.0,100.0,677.2616694605512,858.5962308096642,595.9067519819597,2131.764652252175,25000.0,2131.764652252175,0,2131.764652252175
2024-07-10 15:00:00+00:00,1000.0,400.0,100.0,677.2616694605512,858.5962308096642,595.9067519819597,2131.764652252175,25000.0,2131.764652252175,0,2131.764652252175
2024-07-10 15:15:00+00:00,1000.0,400.0,100.0,677.2616694605512,858.5962308096642,595.9067519819597,2131.764652252175,25000.0,2131.764652252175,0,2131.764652252175
2024-07-10 15:30:00+00:00,101.75,400.0,100.0,677.2616694605512,858.5962308096642,595.9067519819597,2131.764652252175,2543.75,2131.764652252175,0,2131.764652252175
2024-07-10 15:45:00+00:00,81.85,400.0,100.0,677.2616694605512,858.5962308096642,595.9067519819597,2131.764652252175,2046.2499999999998,2046.2499999999998,1,2046.2499999999998
2024-07-10 16:00:00+00:00,1000.0,400.0,100.0,677.2616694605512,858.5962308096642,595.9067519819597,2131.764652252175,25000.0,2131.764652252175,0,2131.764652252175
2024-07-10 16:15:00+00:00,1000.0,400.0,100.0,677.2616694605512,858.5962308096642,595.9067519819597,2131.764652252175,25000.0,2131.764652252175,0,2131.764652252175
2024-07-10 16:30:00+00:00,40.91,400.0,100.0,677.2616694605512,858.5962308096642,595.9067519819597,2131.764652252175,1022.7499999999999,1022.7499999999999,1,1022.7499999999999
2024-07-10 16:45:00+00:00,40.91,400.0,100.0,677.2616694605512,858.5962308096642,595.9067519819597,2131.764652252175,1022.7499999999999,1022.7499999999999,1,1022.7499999999999
2024-07-10 17:00:00+00:00,40.91,400.0,100.0,677.2616694605512,858.5962308096642,595.9067519819597,2131.764652252175,1022.7499999999999,1022.7499999999999,1,1022.7499999999999
2024-07-10 17:15:00+00:00,92.27,400.0,100.0,677.2616694605512,858.5962308096642,595.9067519819597,2131.764652252175,2306.75,2131.764652252175,0,2131.764652252175
2024-07-10 17:30:00+00:00,38.78,400.0,100.0,677.2616694605512,858.5962308096642,595.9067519819597,2131.764652252175,969.5,969.5,1,969.5
2024-07-10 17:45:00+00:00,38.78,400.0,100.0,677.2616694605512,858.5962308096642,595.9067519819597,2131.764652252175,969.5,969.5,1,969.5
2024-07-10 18:00:00+00:00,38.78,400.0,100.0,677.2616694605512,858.5962308096642,595.9067519819597,2131.764652252175,969.5,969.5,1,969.5
2024-07-10 18:15:00+00:00,30.26,400.0,100.0,677.2616694605512,858.5962308096642,595.9067519819597,2131.764652252175,756.5,756.5,1,756.5
2024-07-10 18:30:00+00:00,30.26,400.0,100.0,677.2616694605512,858.5962308096642,595.9067519819597,2131.764652252175,756.5,756.5,1,756.5
2024-07-10 18:45:00+00:00,30.26,400.0,100.0,677.2616694605512,858.5962308096642,595.9067519819597,2131.764652252175,756.5,756.5,1,756.5
2024-07-10 19:00:00+00:00,30.36,400.0,100.0,677.2616694605512,858.5962308096642,595.9067519819597,2131.764652252175,759.0,759.0,1,759.0
2024-07-10 19:15:00+00:00,30.26,400.0,100.0,677.2616694605512,858.5962308096642,595.9067519819597,2131.764652252175,756.5,756.5,1,756.5
2024-07-10 19:30:00+00:00,30.26,400.0,100.0,677.2616694605512,858.5962308096642,595.9067519819597,2131.764652252175,756.5,756.5,1,756.5
2024-07-10 19:45:00+00:00,30.26,400.0,100.0,677.2616694605512,858.5962308096642,595.9067519819597,2131.764652252175,756.5,756.5,1,756.5
2024-07-10 20:00:00+00:00,71.54,400.0,100.0,677.2616694605512,858.5962308096642,595.9067519819597,2131.764652252175,1788.5000000000002,1788.5000000000002,1,1788.5000000000002
2024-07-10 20:15:00+00:00,91.89,400.0,100.0,677.2616694605512,858.5962308096642,595.9067519819597,2131.764652252175,2297.25,2131.764652252175,0,2131.764652252175
2024-07-10 20:30:00+00:00,91.89,400.0,100.0,677.2616694605512,858.5962308096642,595.9067519819597,2131.764652252175,2297.25,2131.764652252175,0,2131.764652252175
2024-07-10 20:45:00+00:00,91.89,400.0,100.0,677.2616694605512,858.5962308096642,595.9067519819597,2131.764652252175,2297.25,2131.764652252175,0,2131.764652252175
2024-07-10 21:00:00+00:00,91.89,400.0,100.0,677.2616694605512,858.5962308096642,595.9067519819597,2131.764652252175,2297.25,2131.764652252175,0,2131.764652252175
2024-07-10 21:15:00+00:00,95.02,400.0,100.0,677.2616694605512,858.5962308096642,595.9067519819597,2131.764652252175,2375.5,2131.764652252175,0,2131.764652252175
2024-07-10 21:30:00+00:00,54.31,400.0,100.0,677.2616694605512,858.5962308096642,595.9067519819597,2131.764652252175,1357.75,1357.75,1,1357.75
2024-07-10 21:45:00+00:00,54.31,400.0,100.0,677.2616694605512,858.5962308096642,595.9067519819597,2131.764652252175,1357.75,1357.75,1,1357.75
2024-07-10 22:00:00+00:00,54.31,400.0,100.0,677.2616694605512,858.5962308096642,595.9067519819597,2131.764652252175,1357.75,1357.75,1,1357.75
2024-07-10 22:15:00+00:00,69.41,400.0,100.0,677.2616694605512,858.5962308096642,595.9067519819597,2131.764652252175,1735.25,1735.25,1,1735.25
2024-07-10 22:30:00+00:00,69.41,400.0,100.0,677.2616694605512,858.5962308096642,595.9067519819597,2131.764652252175,1735.25,1735.25,1,1735.25
2024-07-10 22:45:00+00:00,70.41,400.0,100.0,677.2616694605512,858.5962308096642,595.9067519819597,2131.764652252175,1760.25,1760.25,1,1760.25
2024-07-10 23:00:00+00:00,70.41,400.0,100.0,677.2616694605512,858.5962308096642,595.9067519819597,2131.764652252175,1760.25,1760.25,1,1760.25
2024-07-10 23:15:00+00:00,69.91,400.0,100.0,677.2616694605512,858.5962308096642,595.9067519819597,2131.764652252175,1747.75,1747.75,1,1747.75
2024-07-10 23:30:00+00:00,68.91,400.0,100.0,677.2616694605512,858.5962308096642,595.9067519819597,2131.764652252175,1722.75,1722.75,1,1722.75
2024-07-10 23:45:00+00:00,68.91,400.0,100.0,677.2616694605512,858.5962308096642,595.9067519819597,2131.764652252175,1722.75,1722.75,1,1722.75
2024-07-11 00:00:00+00:00,69.91,400.0,100.0,677.2616694605512,858.5962308096642,595.9067519819597,2131.764652252175,1747.75,1747.75,1,1747.75
2024-07-11 00:15:00+00:00,66.73,400.0,100.0,677.2616694605512,858.5962308096642,595.9067519819597,2131.764652252175,1668.25,1668.25,1,1668.25
2024-07-11 00:30:00+00:00,66.73,400.0,100.0,677.2616694605512,858.5962308096642,595.9067519819597,2131.764652252175,1668.25,1668.25,1,1668.25
2024-07-11 00:45:00+00:00,66.73,400.0,100.0,677.2616694605512,858.5962308096642,595.9067519819597,2131.764652252175,1668.25,1668.25,1,1668.25
2024-07-11 01:00:00+00:00,66.73,400.0,100.0,677.2616694605512,858.5962308096642,595.9067519819597,2131.764652252175,1668.25,1668.25,1,1668.25
2024-07-11 01:15:00+00:00,63.16,400.0,100.0,677.2616694605512,858.5962308096642,595.9067519819597,2131.764652252175,1579.0,1579.0,1,1579.0
2024-07-11 01:30:00+00:00,38.58,400.0,100.0,677.2616694605512,858.5962308096642,595.9067519819597,2131.764652252175,964.5,964.5,1,964.5
2024-07-11 01:45:00+00:00,38.58,400.0,100.0,677.2616694605512,858.5962308096642,595.9067519819597,2131.764652252175,964.5,964.5,1,964.5
2024-07-11 02:00:00+00:00,38.58,400.0,100.0,677.2616694605512,858.5962308096642,595.9067519819597,2131.764652252175,964.5,964.5,1,964.5
2024-07-11 02:15:00+00:00,38.58,400.0,100.0,677.2616694605512,858.5962308096642,595.9067519819597,2131.764652252175,964.5,964.5,1,964.5
2024-07-11 02:30:00+00:00,38.58,400.0,100.0,677.2616694605512,858.5962308096642,595.9067519819597,2131.764652252175,964.5,964.5,1,964.5
2024-07-11 02:45:00+00:00,38.58,400.0,100.0,677.2616694605512,858.5962308096642,595.9067519819597,2131.764652252175,964.5,964.5,1,964.5
2024-07-11 03:00:00+00:00,54.56,400.0,100.0,677.2616694605512,858.5962308096642,595.9067519819597,2131.764652252175,1364.0,1364.0,1,1364.0
2024-07-11 03:15:00+00:00,54.7,400.0,100.0,677.2616694605512,858.5962308096642,595.9067519819597,2131.764652252175,1367.5,1367.5,1,1367.5
2024-07-11 03:30:00+00:00,54.7,400.0,100.0,677.2616694605512,858.5962308096642,595.9067519819597,2131.764652252175,1367.5,1367.5,1,1367.5
2024-07-11 03:45:00+00:00,54.7,400.0,100.0,677.2616694605512,858.5962308096642,595.9067519819597,2131.764652252175,1367.5,1367.5,1,1367.5
2024-07-11 04:00:00+00:00,54.7,400.0,100.0,677.2616694605512,858.5962308096642,595.9067519819597,2131.764652252175,1367.5,1367.5,1,1367.5
2024-07-11 04:15:00+00:00,66.16,400.0,100.0,677.2616694605512,858.5962308096642,595.9067519819597,2131.764652252175,1654.0,1654.0,1,1654.0
2024-07-11 04:30:00+00:00,66.16,400.0,100.0,677.2616694605512,858.5962308096642,595.9067519819597,2131.764652252175,1654.0,1654.0,1,1654.0
2024-07-11 04:45:00+00:00,66.16,400.0,100.0,677.2616694605512,858.5962308096642,595.9067519819597,2131.764652252175,1654.0,1654.0,1,1654.0
2024-07-11 05:00:00+00:00,66.16,400.0,100.0,677.2616694605512,858.5962308096642,595.9067519819597,2131.764652252175,1654.0,1654.0,1,1654.0
2024-07-11 05:15:00+00:00,60.91,400.0,100.0,677.2616694605512,858.5962308096642,595.9067519819597,2131.764652252175,1522.75,1522.75,1,1522.75
2024-07-11 05:30:00+00:00,60.91,400.0,100.0,677.2616694605512,858.5962308096642,595.9067519819597,2131.764652252175,1522.75,1522.75,1,1522.75
2024-07-11 05:45:00+00:00,60.91,400.0,100.0,677.2616694605512,858.5962308096642,595.9067519819597,2131.764652252175,1522.75,1522.75,1,1522.75
2024-07-11 06:00:00+00:00,60.91,400.0,100.0,677.2616694605512,858.5962308096642,595.9067519819597,2131.764652252175,1522.75,1522.75,1,1522.75
2024-07-11 06:15:00+00:00,38.58,400.0,100.0,677.2616694605512,858.5962308096642,595.9067519819597,2131.764652252175,964.5,964.5,1,964.5
2024-07-11 06:30:00+00:00,38.58,400.0,100.0,677.2616694605512,858.5962308096642,595.9067519819597,2131.764652252175,964.5,964.5,1,964.5
2024-07-11 06:45:00+00:00,38.58,400.0,100.0,677.2616694605512,858.5962308096642,595.9067519819597,2131.764652252175,964.5,964.5,1,964.5
2024-07-11 07:00:00+00:00,38.58,400.0,100.0,677.2616694605512,858.5962308096642,595.9067519819597,2131.764652252175,964.5,964.5,1,964.5
2024-07-11 07:15:00+00:00,38.58,400.0,100.0,677.2616694605512,858.5962308096642,595.9067519819597,2131.764652252175,964.5,964.5,1,964.5
2024-07-11 07:30:00+00:00,38.58,400.0,100.0,677.2616694605512,858.5962308096642,595.9067519819597,2131.764652252175,964.5,964.5,1,964.5
2024-07-11 07:45:00+00:00,38.58,400.0,100.0,677.2616694605512,858.5962308096642,595.9067519819597,2131.764652252175,964.5,964.5,1,964.5
2024-07-11 08:00:00+00:00,38.58,400.0,100.0,677.2616694605512,858.5962308096642,595.9067519819597,2131.764652252175,964.5,964.5,1,964.5
2024-07-11 08:15:00+00:00,88.49,400.0,100.0,677.2616694605512,858.5962308096642,595.9067519819597,2131.764652252175,2212.25,2131.764652252175,0,2131.764652252175
2024-07-11 08:30:00+00:00,88.49,400.0,100.0,677.2616694605512,858.5962308096642,595.9067519819597,2131.764652252175,2212.25,2131.764652252175,0,2131.764652252175
2024-07-11 08:45:00+00:00,88.49,400.0,100.0,677.2616694605512,858.5962308096642,595.9067519819597,2131.764652252175,2212.25,2131.764652252175,0,2131.764652252175
2024-07-11 09:00:00+00:00,88.49,400.0,100.0,677.2616694605512,858.5962308096642,595.9067519819597,2131.764652252175,2212.25,2131.764652252175,0,2131.764652252175
2024-07-11 09:15:00+00:00,92.44,400.0,100.0,677.2616694605512,858.5962308096642,595.9067519819597,2131.764652252175,2311.0,2131.764652252175,0,2131.764652252175
2024-07-11 09:30:00+00:00,92.44,400.0,100.0,677.2616694605512,858.5962308096642,595.9067519819597,2131.764652252175,2311.0,2131.764652252175,0,2131.764652252175
2024-07-11 09:45:00+00:00,92.44,400.0,100.0,677.2616694605512,858.5962308096642,595.9067519819597,2131.764652252175,2311.0,2131.764652252175,0,2131.764652252175
2024-07-11 10:00:00+00:00,92.44,400.0,100.0,677.2616694605512,858.5962308096642,595.9067519819597,2131.764652252175,2311.0,2131.764652252175,0,2131.764652252175
2024-07-11 10:15:00+00:00,101.56,400.0,100.0,677.2616694605512,858.5962308096642,595.9067519819597,2131.764652252175,2539.0,2131.764652252175,0,2131.764652252175
2024-07-11 10:30:00+00:00,101.56,400.0,100.0,677.2616694605512,858.5962308096642,595.9067519819597,2131.764652252175,2539.0,2131.764652252175,0,2131.764652252175
2024-07-11 10:45:00+00:00,101.56,400.0,100.0,677.2616694605512,858.5962308096642,595.9067519819597,2131.764652252175,2539.0,2131.764652252175,0,2131.764652252175
2024-07-11 11:00:00+00:00,101.56,400.0,100.0,677.2616694605512,858.5962308096642,595.9067519819597,2131.764652252175,2539.0,2131.764652252175,0,2131.764652252175
