dt,mw_procured,Hours_in_interval,mw_available,cap_revenue_band_1,capacity_revenue_baseline,price_pln_per_mw_h,budget_envelope,capacity_revenue_capped,bound_flag,total_revenue
2024-06-30 22:00:00+00:00,400.0,0.25,50.0,1133.6085891032428,1133.6085891032428,178.85,2235.625,1133.6085891032428,0,1133.6085891032428
2024-06-30 22:15:00+00:00,400.0,0.25,50.0,1133.6085891032428,1133.6085891032428,68.91,861.375,861.375,1,861.375
2024-06-30 22:30:00+00:00,400.0,0.25,50.0,1133.6085891032428,1133.6085891032428,68.91,861.375,861.375,1,861.375
2024-06-30 22:45:00+00:00,400.0,0.25,50.0,1133.6085891032428,1133.6085891032428,68.91,861.375,861.375,1,861.375
2024-06-30 23:00:00+00:00,400.0,0.25,50.0,1133.6085891032428,1133.6085891032428,68.91,861.375,861.375,1,861.375
2024-06-30 23:15:00+00:00,400.0,0.25,50.0,1133.6085891032428,1133.6085891032428,133.18,1664.75,1133.6085891032428,0,1133.6085891032428
2024-06-30 23:30:00+00:00,400.0,0.25,50.0,1133.6085891032428,1133.6085891032428,133.18,1664.75,1133.6085891032428,0,1133.6085891032428
2024-06-30 23:45:00+00:00,400.0,0.25,50.0,1133.6085891032428,1133.6085891032428,133.18,1664.75,1133.6085891032428,0,1133.6085891032428
2024-07-01 00:00:00+00:00,400.0,0.25,50.0,1133.6085891032428,1133.6085891032428,133.18,1664.75,1133.6085891032428,0,1133.6085891032428
2024-07-01 00:15:00+00:00,400.0,0.25,50.0,1133.6085891032428,1133.6085891032428,135.18,1689.75,1133.6085891032428,0,1133.6085891032428
2024-07-01 00:30:00+00:00,400.0,0.25,50.0,1133.6085891032428,1133.6085891032428,135.18,1689.75,1133.6085891032428,0,1133.6085891032428
2024-07-01 00:45:00+00:00,400.0,0.25,50.0,1133.6085891032428,1133.6085891032428,135.18,1689.75,1133.6085891032428,0,1133.6085891032428
2024-07-01 01:00:00+00:00,400.0,0.25,50.0,1133.6085891032428,1133.6085891032428,135.18,1689.75,1133.6085891032428,0,1133.6085891032428
2024-07-01 01:15:00+00:00,400.0,0.25,50.0,1133.6085891032428,1133.6085891032428,131.98,1649.7499999999998,1133.6085891032428,0,1133.6085891032428
2024-07-01 01:30:00+00:00,400.0,0.25,50.0,1133.6085891032428,1133.6085891032428,131.98,1649.7499999999998,1133.6085891032428,0,1133.6085891032428
2024-07-01 01:45:00+00:00,400.0,0.25,50.0,1133.6085891032428,1133.6085891032428,131.98,1649.7499999999998,1133.6085891032428,0,1133.6085891032428
2024-07-01 02:00:00+00:00,400.0,0.25,50.0,1133.6085891032428,1133.6085891032428,131.98,1649.7499999999998,1133.6085891032428,0,1133.6085891032428
2024-07-01 02:15:00+00:00,400.0,0.25,50.0,1133.6085891032428,1133.6085891032428,147.78,1847.25,1133.6085891032428,0,1133.6085891032428
2024-07-01 02:30:00+00:00,400.0,0.25,50.0,1133.6085891032428,1133.6085891032428,147.78,1847.25,1133.6085891032428,0,1133.6085891032428
2024-07-01 02:45:00+00:00,400.0,0.25,50.0,1133.6085891032428,1133.6085891032428,147.78,1847.25,1133.6085891032428,0,1133.6085891032428
2024-07-01 03:00:00+00:00,400.0,0.25,50.0,1133.6085891032428,1133.6085891032428,147.78,1847.25,1133.6085891032428,0,1133.6085891032428
2024-07-01 03:15:00+00:00,400.0,0.25,50.0,1133.6085891032428,1133.6085891032428,129.67,1620.8749999999998,1133.6085891032428,0,1133.6085891032428
2024-07-01 03:30:00+00:00,400.0,0.25,50.0,1133.6085891032428,1133.6085891032428,129.67,1620.8749999999998,1133.6085891032428,0,1133.6085891032428
2024-07-01 03:45:00+00:00,400.0,0.25,50.0,1133.6085891032428,1133.6085891032428,129.67,1620.8749999999998,1133.6085891032428,0,1133.6085891032428
2024-07-01 04:00:00+00:00,400.0,0.25,50.0,1133.6085891032428,1133.6085891032428,129.67,1620.8749999999998,1133.6085891032428,0,1133.6085891032428
2024-07-01 04:15:00+00:00,400.0,0.25,50.0,1133.6085891032428,1133.6085891032428,68.91,861.375,861.375,1,861.375
2024-07-01 04:30:00+00:00,400.0,0.25,50.0,1133.6085891032428,1133.6085891032428,68.91,861.375,861.375,1,861.375
2024-07-01 04:45:00+00:00,400.0,0.25,50.0,1133.6085891032428,1133.6085891032428,68.91,861.375,861.375,1,861.375
2024-07-01 05:00:00+00:00,400.0,0.25,50.0,1133.6085891032428,1133.6085891032428,68.91,861.375,861.375,1,861.375
2024-07-01 05:15:00+00:00,400.0,0.25,50.0,1133.6085891032428,1133.6085891032428,68.91,861.375,861.375,1,861.375
2024-07-01 05:30:00+00:00,400.0,0.25,50.0,1133.6085891032428,1133.6085891032428,68.91,861.375,861.375,1,861.375
2024-07-01 05:45:00+00:00,400.0,0.25,50.0,1133.6085891032428,1133.6085891032428,68.91,861.375,861.375,1,861.375
2024-07-01 06:00:00+00:00,400.0,0.25,50.0,1133.6085891032428,1133.6085891032428,68.91,861.375,861.375,1,861.375
2024-07-01 06:15:00+00:00,400.0,0.25,50.0,1133.6085891032428,1133.6085891032428,68.91,861.375,861.375,1,861.375
2024-07-01 06:30:00+00:00,400.0,0.25,50.0,1133.6085891032428,1133.6085891032428,68.91,861.375,861.375,1,861.375
2024-07-01 06:45:00+00:00,400.0,0.25,50.0,1133.6085891032428,1133.6085891032428,68.91,861.375,861.375,1,861.375
2024-07-01 07:00:00+00:00,400.0,0.25,50.0,1133.6085891032428,1133.6085891032428,68.91,861.375,861.375,1,861.375
2024-07-01 07:15:00+00:00,400.0,0.25,50.0,1133.6085891032428,1133.6085891032428,68.91,861.375,861.375,1,861.375
2024-07-01 07:30:00+00:00,400.0,0.25,50.0,1133.6085891032428,1133.6085891032428,68.91,861.375,861.375,1,861.375
2024-07-01 07:45:00+00:00,400.0,0.25,50.0,1133.6085891032428,1133.6085891032428,68.91,861.375,861.375,1,861.375
2024-07-01 08:00:00+00:00,400.0,0.25,50.0,1133.6085891032428,1133.6085891032428,68.91,861.375,861.375,1,861.375
2024-07-01 08:15:00+00:00,400.0,0.25,50.0,1133.6085891032428,1133.6085891032428,68.91,861.375,861.375,1,861.375
2024-07-01 08:30:00+00:00,400.0,0.25,50.0,1133.6085891032428,1133.6085891032428,68.91,861.375,861.375,1,861.375
2024-07-01 08:45:00+00:00,400.0,0.25,50.0,1133.6085891032428,1133.6085891032428,68.91,861.375,861.375,1,861.375
2024-07-01 09:00:00+00:00,400.0,0.25,50.0,1133.6085891032428,1133.6085891032428,68.91,861.375,861.375,1,861.375
2024-07-01 09:15:00+00:00,400.0,0.25,50.0,1133.6085891032428,1133.6085891032428,68.91,861.375,861.375,1,861.375
2024-07-01 09:30:00+00:00,400.0,0.25,50.0,1133.6085891032428,1133.6085891032428,68.91,861.375,861.375,1,861.375
2024-07-01 09:45:00+00:00,400.0,0.25,50.0,1133.6085891032428,1133.6085891032428,68.91,861.375,861.375,1,861.375
2024-07-01 10:00:00+00:00,400.0,0.25,50.0,1133.6085891032428,1133.6085891032428,68.91,861.375,861.375,1,861.375
2024-07-01 10:15:00+00:00,400.0,0.25,50.0,1133.6085891032428,1133.6085891032428,89.49,1118.625,1118.625,1,1118.625
2024-07-01 10:30:00+00:00,400.0,0.25,50.0,1133.6085891032428,1133.6085891032428,89.49,1118.625,1118.625,1,1118.625
2024-07-01 10:45:00+00:00,400.0,0.25,50.0,1133.6085891032428,1133.6085891032428,89.49,1118.625,1118.625,1,1118.625
2024-07-01 11:00:00+00:00,400.0,0.25,50.0,1133.6085891032428,1133.6085891032428,89.49,1118.625,1118.625,1,1118.625
2024-07-01 11:15:00+00:00,400.0,0.25,50.0,1133.6085891032428,1133.6085891032428,88.64,1108.0,1108.0,1,1108.0
2024-07-01 11:30:00+00:00,400.0,0.25,50.0,1133.6085891032428,1133.6085891032428,88.64,1108.0,1108.0,1,1108.0
2024-07-01 11:45:00+00:00,400.0,0.25,50.0,1133.6085891032428,1133.6085891032428,88.64,1108.0,1108.0,1,1108.0
2024-07-01 12:00:00+00:00,400.0,0.25,50.0,1133.6085891032428,1133.6085891032428,88.64,1108.0,1108.0,1,1108.0
2024-07-01 12:15:00+00:00,400.0,0.25,50.0,1133.6085891032428,1133.6085891032428,68.91,861.375,861.375,1,861.375
2024-07-01 12:30:00+00:00,400.0,0.25,50.0,1133.6085891032428,1133.6085891032428,68.91,861.375,861.375,1,861.375
2024-07-01 12:45:00+00:00,400.0,0.25,50.0,1133.6085891032428,1133.6085891032428,68.91,861.375,861.375,1,861.375
2024-07-01 13:00:00+00:00,400.0,0.25,50.0,1133.6085891032428,1133.6085891032428,68.91,861.375,861.375,1,861.375
2024-07-01 13:15:00+00:00,400.0,0.25,50.0,1133.6085891032428,1133.6085891032428,68.91,861.375,861.375,1,861.375
2024-07-01 13:30:00+00:00,400.0,0.25,50.0,1133.6085891032428,1133.6085891032428,68.91,861.375,861.375,1,861.375
2024-07-01 13:45:00+00:00,400.0,0.25,50.0,1133.6085891032428,1133.6085891032428,68.91,861.375,861.375,1,861.375
2024-07-01 14:00:00+00:00,400.0,0.25,50.0,1133.6085891032428,1133.6085891032428,68.91,861.375,861.375,1,861.375
2024-07-01 14:15:00+00:00,400.0,0.25,50.0,1133.6085891032428,1133.6085891032428,68.91,861.375,861.375,1,861.375
2024-07-01 14:30:00+00:00,400.0,0.25,50.0,1133.6085891032428,1133.6085891032428,68.91,861.375,861.375,1,861.375
2024-07-01 14:45:00+00:00,400.0,0.25,50.0,1133.6085891032428,1133.6085891032428,68.91,861.375,861.375,1,861.375
2024-07-01 15:00:00+00:00,400.0,0.25,50.0,1133.6085891032428,1133.6085891032428,68.91,861.375,861.375,1,861.375
2024-07-01 15:15:00+00:00,400.0,0.25,50.0,1133.6085891032428,1133.6085891032428,68.91,861.375,861.375,1,861.375
2024-07-01 15:30:00+00:00,400.0,0.25,50.0,1133.6085891032428,1133.6085891032428,68.91,861.375,861.375,1,861.375
2024-07-01 15:45:00+00:00,400.0,0.25,50.0,1133.6085891032428,1133.6085891032428,68.91,861.375,861.375,1,861.375
2024-07-01 16:00:00+00:00,400.0,0.25,50.0,1133.6085891032428,1133.6085891032428,68.91,861.375,861.375,1,861.375
2024-07-01 16:15:00+00:00,400.0,0.25,50.0,1133.6085891032428,1133.6085891032428,68.91,861.375,861.375,1,861.375
2024-07-01 16:30:00+00:00,400.0,0.25,50.0,1133.6085891032428,1133.6085891032428,68.91,861.375,861.375,1,861.375
2024-07-01 16:45:00+00:00,400.0,0.25,50.0,1133.6085891032428,1133.6085891032428,68.91,861.375,861.375,1,861.375
2024-07-01 17:00:00+00:00,400.0,0.25,50.0,1133.6085891032428,1133.6085891032428,68.91,861.375,861.375,1,861.375
2024-07-01 17:15:00+00:00,400.0,0.25,50.0,1133.6085891032428,1133.6085891032428,68.91,861.375,861.375,1,861.375
2024-07-01 17:30:00+00:00,400.0,0.25,50.0,1133.6085891032428,1133.6085891032428,68.91,861.375,861.375,1,861.375
2024-07-01 17:45:00+00:00,400.0,0.25,50.0,1133.6085891032428,1133.6085891032428,1000.0,12500.0,1133.6085891032428,0,1133.6085891032428
2024-07-01 18:00:00+00:00,400.0,0.25,50.0,1133.6085891032428,1133.6085891032428,1000.0,12500.0,1133.6085891032428,0,1133.6085891032428
2024-07-01 18:15:00+00:00,400.0,0.25,50.0,1133.6085891032428,1133.6085891032428,35.65,445.625,445.625,1,445.625
2024-07-01 18:30:00+00:00,400.0,0.25,50.0,1133.6085891032428,1133.6085891032428,1000.0,12500.0,1133.6085891032428,0,1133.6085891032428
2024-07-01 18:45:00+00:00,400.0,0.25,50.0,1133.6085891032428,1133.6085891032428,1000.0,12500.0,1133.6085891032428,0,1133.6085891032428
2024-07-01 19:00:00+00:00,400.0,0.25,50.0,1133.6085891032428,1133.6085891032428,1000.0,12500.0,1133.6085891032428,0,1133.6085891032428
2024-07-01 19:15:00+00:00,400.0,0.25,50.0,1133.6085891032428,1133.6085891032428,1000.0,12500.0,1133.6085891032428,0,1133.6085891032428
2024-07-01 19:30:00+00:00,400.0,0.25,50.0,1133.6085891032428,1133.6085891032428,1000.0,12500.0,1133.6085891032428,0,1133.6085891032428
2024-07-01 19:45:00+00:00,400.0,0.25,50.0,1133.6085891032428,1133.6085891032428,1000.0,12500.0,1133.6085891032428,0,1133.6085891032428
2024-07-01 20:00:00+00:00,400.0,0.25,50.0,1133.6085891032428,1133.6085891032428,1000.0,12500.0,1133.6085891032428,0,1133.6085891032428
2024-07-01 20:15:00+00:00,400.0,0.25,50.0,1133.6085891032428,1133.6085891032428,1000.0,12500.0,1133.6085891032428,0,1133.6085891032428
2024-07-01 20:30:00+00:00,400.0,0.25,50.0,1133.6085891032428,1133.6085891032428,1000.0,12500.0,1133.6085891032428,0,1133.6085891032428
2024-07-01 20:45:00+00:00,400.0,0.25,50.0,1133.6085891032428,1133.6085891032428,1000.0,12500.0,1133.6085891032428,0,1133.6085891032428
2024-07-01 21:00:00+00:00,400.0,0.25,50.0,1133.6085891032428,1133.6085891032428,1000.0,12500.0,1133.6085891032428,0,1133.6085891032428
2024-07-01 21:15:00+00:00,400.0,0.25,50.0,1133.6085891032428,1133.6085891032428,71.89,898.625,898.625,1,898.625
2024-07-01 21:30:00+00:00,400.0,0.25,50.0,1133.6085891032428,1133.6085891032428,71.89,898.625,898.625,1,898.625
2024-07-01 21:45:00+00:00,400.0,0.25,50.0,1133.6085891032428,1133.6085891032428,71.89,898.625,898.625,1,898.625
2024-07-01 22:00:00+00:00,400.0,0.25,50.0,1133.6085891032428,1133.6085891032428,71.89,898.625,898.625,1,898.625
2024-07-01 22:15:00+00:00,400.0,0.25,50.0,1133.6085891032428,1133.6085891032428,160.13,2001.625,1133.6085891032428,0,1133.6085891032428
2024-07-01 22:30:00+00:00,400.0,0.25,50.0,1133.6085891032428,1133.6085891032428,160.13,2001.625,1133.6085891032428,0,1133.6085891032428
2024-07-01 22:45:00+00:00,400.0,0.25,50.0,1133.6085891032428,1133.6085891032428,160.13,2001.625,1133.6085891032428,0,1133.6085891032428
2024-07-01 23:00:00+00:00,400.0,0.25,50.0,1133.6085891032428,1133.6085891032428,160.13,2001.625,1133.6085891032428,0,1133.6085891032428
2024-07-01 23:15:00+00:00,400.0,0.25,50.0,1133.6085891032428,1133.6085891032428,149.51,1868.875,1133.6085891032428,0,1133.6085891032428
2024-07-01 23:30:00+00:00,400.0,0.25,50.0,1133.6085891032428,1133.6085891032428,149.51,1868.875,1133.6085891032428,0,1133.6085891032428
2024-07-01 23:45:00+00:00,400.0,0.25,50.0,1133.6085891032428,1133.6085891032428,149.51,1868.875,1133.6085891032428,0,1133.6085891032428
2024-07-02 00:00:00+00:00,400.0,0.25,50.0,1133.6085891032428,1133.6085891032428,149.51,1868.875,1133.6085891032428,0,1133.6085891032428
2024-07-02 00:15:00+00:00,400.0,0.25,50.0,1133.6085891032428,1133.6085891032428,143.84,1798.0,1133.6085891032428,0,1133.6085891032428
2024-07-02 00:30:00+00:00,400.0,0.25,50.0,1133.6085891032428,1133.6085891032428,143.84,1798.0,1133.6085891032428,0,1133.6085891032428
2024-07-02 00:45:00+00:00,400.0,0.25,50.0,1133.6085891032428,1133.6085891032428,143.84,1798.0,1133.6085891032428,0,1133.6085891032428
2024-07-02 01:00:00+00:00,400.0,0.25,50.0,1133.6085891032428,1133.6085891032428,143.84,1798.0,1133.6085891032428,0,1133.6085891032428
2024-07-02 01:15:00+00:00,400.0,0.25,50.0,1133.6085891032428,1133.6085891032428,140.99,1762.375,1133.6085891032428,0,1133.6085891032428
2024-07-02 01:30:00+00:00,400.0,0.25,50.0,1133.6085891032428,1133.6085891032428,140.99,1762.375,1133.6085891032428,0,1133.6085891032428
2024-07-02 01:45:00+00:00,400.0,0.25,50.0,1133.6085891032428,1133.6085891032428,140.99,1762.375,1133.6085891032428,0,1133.6085891032428
2024-07-02 02:00:00+00:00,400.0,0.25,50.0,1133.6085891032428,1133.6085891032428,140.99,1762.375,1133.6085891032428,0,1133.6085891032428
2024-07-02 02:15:00+00:00,400.0,0.25,50.0,1133.6085891032428,1133.6085891032428,134.33,1679.1250000000002,1133.6085891032428,0,1133.6085891032428
2024-07-02 02:30:00+00:00,400.0,0.25,50.0,1133.6085891032428,1133.6085891032428,134.33,1679.1250000000002,1133.6085891032428,0,1133.6085891032428
2024-07-02 02:45:00+00:00,400.0,0.25,50.0,1133.6085891032428,1133.6085891032428,134.33,1679.1250000000002,1133.6085891032428,0,1133.6085891032428
2024-07-02 03:00:00+00:00,400.0,0.25,50.0,1133.6085891032428,1133.6085891032428,134.33,1679.1250000000002,1133.6085891032428,0,1133.6085891032428
2024-07-02 03:15:00+00:00,400.0,0.25,50.0,1133.6085891032428,1133.6085891032428,136.33,1704.1250000000002,1133.6085891032428,0,1133.6085891032428
2024-07-02 03:30:00+00:00,400.0,0.25,50.0,1133.6085891032428,1133.6085891032428,136.33,1704.1250000000002,1133.6085891032428,0,1133.6085891032428
2024-07-02 03:45:00+00:00,400.0,0.25,50.0,1133.6085891032428,1133.6085891032428,136.33,1704.1250000000002,1133.6085891032428,0,1133.6085891032428
2024-07-02 04:00:00+00:00,400.0,0.25,50.0,1133.6085891032428,1133.6085891032428,136.33,1704.1250000000002,1133.6085891032428,0,1133.6085891032428
2024-07-02 04:15:00+00:00,400.0,0.25,50.0,1133.6085891032428,1133.6085891032428,157.84,1973.0,1133.6085891032428,0,1133.6085891032428
2024-07-02 04:30:00+00:00,400.0,0.25,50.0,1133.6085891032428,1133.6085891032428,157.84,1973.0,1133.6085891032428,0,1133.6085891032428
2024-07-02 04:45:00+00:00,400.0,0.25,50.0,1133.6085891032428,1133.6085891032428,157.84,1973.0,1133.6085891032428,0,1133.6085891032428
2024-07-02 05:00:00+00:00,400.0,0.25,50.0,1133.6085891032428,1133.6085891032428,157.84,1973.0,1133.6085891032428,0,1133.6085891032428
2024-07-02 05:15:00+00:00,400.0,0.25,50.0,1133.6085891032428,1133.6085891032428,176.05,2200.625,1133.6085891032428,0,1133.6085891032428
2024-07-02 05:30:00+00:00,400.0,0.25,50.0,1133.6085891032428,1133.6085891032428,176.05,2200.625,1133.6085891032428,0,1133.6085891032428
2024-07-02 05:45:00+00:00,400.0,0.25,50.0,1133.6085891032428,1133.6085891032428,176.05,2200.625,1133.6085891032428,0,1133.6085891032428
2024-07-02 06:00:00+00:00,400.0,0.25,50.0,1133.6085891032428,1133.6085891032428,176.05,2200.625,1133.6085891032428,0,1133.6085891032428
2024-07-02 06:15:00+00:00,400.0,0.25,50.0,1133.6085891032428,1133.6085891032428,175.05,2188.125,1133.6085891032428,0,1133.6085891032428
2024-07-02 06:30:00+00:00,400.0,0.25,50.0,1133.6085891032428,1133.6085891032428,175.05,2188.125,1133.6085891032428,0,1133.6085891032428
2024-07-02 06:45:00+00:00,400.0,0.25,50.0,1133.6085891032428,1133.6085891032428,175.05,2188.125,1133.6085891032428,0,1133.6085891032428
2024-07-02 07:00:00+00:00,400.0,0.25,50.0,1133.6085891032428,1133.6085891032428,175.05,2188.125,1133.6085891032428,0,1133.6085891032428
2024-07-02 07:15:00+00:00,400.0,0.25,50.0,1133.6085891032428,1133.6085891032428,162.67,2033.3749999999998,1133.6085891032428,0,1133.6085891032428
2024-07-02 07:30:00+00:00,400.0,0.25,50.0,1133.6085891032428,1133.6085891032428,162.67,2033.3749999999998,1133.6085891032428,0,1133.6085891032428
2024-07-02 07:45:00+00:00,400.0,0.25,50.0,1133.6085891032428,1133.6085891032428,162.67,2033.3749999999998,1133.6085891032428,0,1133.6085891032428
2024-07-02 08:00:00+00:00,400.0,0.25,50.0,1133.6085891032428,1133.6085891032428,162.67,2033.3749999999998,1133.6085891032428,0,1133.6085891032428
2024-07-02 08:15:00+00:00,400.0,0.25,50.0,1133.6085891032428,1133.6085891032428,189.77,2372.125,1133.6085891032428,0,1133.6085891032428
2024-07-02 08:30:00+00:00,400.0,0.25,50.0,1133.6085891032428,1133.6085891032428,189.77,2372.125,1133.6085891032428,0,1133.6085891032428
2024-07-02 08:45:00+00:00,400.0,0.25,50.0,1133.6085891032428,1133.6085891032428,162.59,2032.375,1133.6085891032428,0,1133.6085891032428
2024-07-02 09:00:00+00:00,400.0,0.25,50.0,1133.6085891032428,1133.6085891032428,189.77,2372.125,1133.6085891032428,0,1133.6085891032428
2024-07-02 09:15:00+00:00,400.0,0.25,50.0,1133.6085891032428,1133.6085891032428,199.77,2497.125,1133.6085891032428,0,1133.6085891032428
2024-07-02 09:30:00+00:00,400.0,0.25,50.0,1133.6085891032428,1133.6085891032428,199.77,2497.125,1133.6085891032428,0,1133.6085891032428
2024-07-02 09:45:00+00:00,400.0,0.25,50.0,1133.6085891032428,1133.6085891032428,199.77,2497.125,1133.6085891032428,0,1133.6085891032428
2024-07-02 10:00:00+00:00,400.0,0.25,50.0,1133.6085891032428,1133.6085891032428,199.77,2497.125,1133.6085891032428,0,1133.6085891032428
2024-07-02 10:15:00+00:00,400.0,0.25,50.0,1133.6085891032428,1133.6085891032428,1000.0,12500.0,1133.6085891032428,0,1133.6085891032428
2024-07-02 10:30:00+00:00,400.0,0.25,50.0,1133.6085891032428,1133.6085891032428,1000.0,12500.0,1133.6085891032428,0,1133.6085891032428
2024-07-02 10:45:00+00:00,400.0,0.25,50.0,1133.6085891032428,1133.6085891032428,1000.0,12500.0,1133.6085891032428,0,1133.6085891032428
2024-07-02 11:00:00+00:00,400.0,0.25,50.0,1133.6085891032428,1133.6085891032428,1000.0,12500.0,1133.6085891032428,0,1133.6085891032428
2024-07-02 11:15:00+00:00,400.0,0.25,50.0,1133.6085891032428,1133.6085891032428,1000.0,12500.0,1133.6085891032428,0,1133.6085891032428
2024-07-02 11:30:00+00:00,400.0,0.25,50.0,1133.6085891032428,1133.6085891032428,1000.0,12500.0,1133.6085891032428,0,1133.6085891032428
2024-07-02 11:45:00+00:00,400.0,0.25,50.0,1133.6085891032428,1133.6085891032428,1000.0,12500.0,1133.6085891032428,0,1133.6085891032428
2024-07-02 12:00:00+00:00,400.0,0.25,50.0,1133.6085891032428,1133.6085891032428,1000.0,12500.0,1133.6085891032428,0,1133.6085891032428
2024-07-02 12:15:00+00:00,400.0,0.25,50.0,1133.6085891032428,1133.6085891032428,1000.0,12500.0,1133.6085891032428,0,1133.6085891032428
2024-07-02 12:30:00+00:00,400.0,0.25,50.0,1133.6085891032428,1133.6085891032428,1000.0,12500.0,1133.6085891032428,0,1133.6085891032428
2024-07-02 12:45:00+00:00,400.0,0.25,50.0,1133.6085891032428,1133.6085891032428,1000.0,12500.0,1133.6085891032428,0,1133.6085891032428
2024-07-02 13:00:00+00:00,400.0,0.25,50.0,1133.6085891032428,1133.6085891032428,1000.0,12500.0,1133.6085891032428,0,1133.6085891032428
2024-07-02 13:15:00+00:00,400.0,0.25,50.0,1133.6085891032428,1133.6085891032428,1000.0,12500.0,1133.6085891032428,0,1133.6085891032428
2024-07-02 13:30:00+00:00,400.0,0.25,50.0,1133.6085891032428,1133.6085891032428,1000.0,12500.0,1133.6085891032428,0,1133.6085891032428
2024-07-02 13:45:00+00:00,400.0,0.25,50.0,1133.6085891032428,1133.6085891032428,1000.0,12500.0,1133.6085891032428,0,1133.6085891032428
2024-07-02 14:00:00+00:00,400.0,0.25,50.0,1133.6085891032428,1133.6085891032428,1000.0,12500.0,1133.6085891032428,0,1133.6085891032428
2024-07-02 14:15:00+00:00,400.0,0.25,50.0,1133.6085891032428,1133.6085891032428,1000.0,12500.0,1133.6085891032428,0,1133.6085891032428
2024-07-02 14:30:00+00:00,400.0,0.25,50.0,1133.6085891032428,1133.6085891032428,1000.0,12500.0,1133.6085891032428,0,1133.6085891032428
2024-07-02 14:45:00+00:00,400.0,0.25,50.0,1133.6085891032428,1133.6085891032428,1000.0,12500.0,1133.6085891032428,0,1133.6085891032428
2024-07-02 15:00:00+00:00,400.0,0.25,50.0,1133.6085891032428,1133.6085891032428,1000.0,12500.0,1133.6085891032428,0,1133.6085891032428
2024-07-02 15:15:00+00:00,400.0,0.25,50.0,1133.6085891032428,1133.6085891032428,1000.0,12500.0,1133.6085891032428,0,1133.6085891032428
2024-07-02 15:30:00+00:00,400.0,0.25,50.0,1133.6085891032428,1133.6085891032428,1000.0,12500.0,1133.6085891032428,0,1133.6085891032428
2024-07-02 15:45:00+00:00,400.0,0.25,50.0,1133.6085891032428,1133.6085891032428,1000.0,12500.0,1133.6085891032428,0,1133.6085891032428
2024-07-02 16:00:00+00:00,400.0,0.25,50.0,1133.6085891032428,1133.6085891032428,1000.0,12500.0,1133.6085891032428,0,1133.6085891032428
2024-07-02 16:15:00+00:00,400.0,0.25,50.0,1133.6085891032428,1133.6085891032428,1000.0,12500.0,1133.6085891032428,0,1133.6085891032428
2024-07-02 16:30:00+00:00,400.0,0.25,50.0,1133.6085891032428,1133.6085891032428,161.4,2017.5,1133.6085891032428,0,1133.6085891032428
2024-07-02 16:45:00+00:00,400.0,0.25,50.0,1133.6085891032428,1133.6085891032428,161.4,2017.5,1133.6085891032428,0,1133.6085891032428
2024-07-02 17:00:00+00:00,400.0,0.25,50.0,1133.6085891032428,1133.6085891032428,161.4,2017.5,1133.6085891032428,0,1133.6085891032428
2024-07-02 17:15:00+00:00,400.0,0.25,50.0,1133.6085891032428,1133.6085891032428,217.16,2714.5,1133.6085891032428,0,1133.6085891032428
2024-07-02 17:30:00+00:00,400.0,0.25,50.0,1133.6085891032428,1133.6085891032428,68.89,861.125,861.125,1,861.125
2024-07-02 17:45:00+00:00,400.0,0.25,50.0,1133.6085891032428,1133.6085891032428,68.89,861.125,861.125,1,861.125
2024-07-02 18:00:00+00:00,400.0,0.25,50.0,1133.6085891032428,1133.6085891032428,68.89,861.125,861.125,1,861.125
2024-07-02 18:15:00+00:00,400.0,0.25,50.0,1133.6085891032428,1133.6085891032428,68.89,861.125,861.125,1,861.125
2024-07-02 18:30:00+00:00,400.0,0.25,50.0,1133.6085891032428,1133.6085891032428,14.57,182.125,182.125,1,182.125
2024-07-02 18:45:00+00:00,400.0,0.25,50.0,1133.6085891032428,1133.6085891032428,285.92,3574.0,1133.6085891032428,0,1133.6085891032428
2024-07-02 19:00:00+00:00,400.0,0.25,50.0,1133.6085891032428,1133.6085891032428,285.92,3574.0,1133.6085891032428,0,1133.6085891032428
2024-07-02 19:15:00+00:00,400.0,0.25,50.0,1133.6085891032428,1133.6085891032428,264.54,3306.7500000000005,1133.6085891032428,0,1133.6085891032428
2024-07-02 19:30:00+00:00,400.0,0.25,50.0,1133.6085891032428,1133.6085891032428,264.54,3306.7500000000005,1133.6085891032428,0,1133.6085891032428
2024-07-02 19:45:00+00:00,400.0,0.25,50.0,1133.6085891032428,1133.6085891032428,264.54,3306.7500000000005,1133.6085891032428,0,1133.6085891032428
2024-07-02 20:00:00+00:00,400.0,0.25,50.0,1133.6085891032428,1133.6085891032428,264.54,3306.7500000000005,1133.6085891032428,0,1133.6085891032428
2024-07-02 20:15:00+00:00,400.0,0.25,50.0,1133.6085891032428,1133.6085891032428,192.35,2404.375,1133.6085891032428,0,1133.6085891032428
2024-07-02 20:30:00+00:00,400.0,0.25,50.0,1133.6085891032428,1133.6085891032428,192.35,2404.375,1133.6085891032428,0,1133.6085891032428
2024-07-02 20:45:00+00:00,400.0,0.25,50.0,1133.6085891032428,1133.6085891032428,192.35,2404.375,1133.6085891032428,0,1133.6085891032428
2024-07-02 21:00:00+00:00,400.0,0.25,50.0,1133.6085891032428,1133.6085891032428,192.35,2404.375,1133.6085891032428,0,1133.6085891032428
2024-07-02 21:15:00+00:00,400.0,0.25,50.0,1133.6085891032428,1133.6085891032428,156.51,1956.375,1133.6085891032428,0,1133.6085891032428
2024-07-02 21:30:00+00:00,400.0,0.25,50.0,1133.6085891032428,1133.6085891032428,156.51,1956.375,1133.6085891032428,0,1133.6085891032428
2024-07-02 21:45:00+00:00,400.0,0.25,50.0,1133.6085891032428,1133.6085891032428,156.51,1956.375,1133.6085891032428,0,1133.6085891032428
2024-07-02 22:00:00+00:00,400.0,0.25,50.0,1133.6085891032428,1133.6085891032428,156.51,1956.375,1133.6085891032428,0,1133.6085891032428
2024-07-02 22:15:00+00:00,400.0,0.25,50.0,1133.6085891032428,1133.6085891032428,41.62,520.25,520.25,1,520.25
2024-07-02 22:30:00+00:00,400.0,0.25,50.0,1133.6085891032428,1133.6085891032428,59.4,742.5,742.5,1,742.5
2024-07-02 22:45:00+00:00,400.0,0.25,50.0,1133.6085891032428,1133.6085891032428,59.4,742.5,742.5,1,742.5
2024-07-02 23:00:00+00:00,400.0,0.25,50.0,1133.6085891032428,1133.6085891032428,59.4,742.5,742.5,1,742.5
2024-07-02 23:15:00+00:00,400.0,0.25,50.0,1133.6085891032428,1133.6085891032428,165.4,2067.5,1133.6085891032428,0,1133.6085891032428
2024-07-02 23:30:00+00:00,400.0,0.25,50.0,1133.6085891032428,1133.6085891032428,114.75,1434.375,1133.6085891032428,0,1133.6085891032428
2024-07-02 23:45:00+00:00,400.0,0.25,50.0,1133.6085891032428,1133.6085891032428,114.75,1434.375,1133.6085891032428,0,1133.6085891032428
2024-07-03 00:00:00+00:00,400.0,0.25,50.0,1133.6085891032428,1133.6085891032428,114.75,1434.375,1133.6085891032428,0,1133.6085891032428
2024-07-03 00:15:00+00:00,400.0,0.25,50.0,1133.6085891032428,1133.6085891032428,100.58,1257.25,1133.6085891032428,0,1133.6085891032428
2024-07-03 00:30:00+00:00,400.0,0.25,50.0,1133.6085891032428,1133.6085891032428,100.58,1257.25,1133.6085891032428,0,1133.6085891032428
2024-07-03 00:45:00+00:00,400.0,0.25,50.0,1133.6085891032428,1133.6085891032428,100.58,1257.25,1133.6085891032428,0,1133.6085891032428
2024-07-03 01:00:00+00:00,400.0,0.25,50.0,1133.6085891032428,1133.6085891032428,101.56,1269.5,1133.6085891032428,0,1133.6085891032428
2024-07-03 01:15:00+00:00,400.0,0.25,50.0,1133.6085891032428,1133.6085891032428,106.16,1327.0,1133.6085891032428,0,1133.6085891032428
2024-07-03 01:30:00+00:00,400.0,0.25,50.0,1133.6085891032428,1133.6085891032428,41.62,520.25,520.25,1,520.25
2024-07-03 01:45:00+00:00,400.0,0.25,50.0,1133.6085891032428,1133.6085891032428,41.62,520.25,520.25,1,520.25
2024-07-03 02:00:00+00:00,400.0,0.25,50.0,1133.6085891032428,1133.6085891032428,106.16,1327.0,1133.6085891032428,0,1133.6085891032428
2024-07-03 02:15:00+00:00,400.0,0.25,50.0,1133.6085891032428,1133.6085891032428,122.75,1534.375,1133.6085891032428,0,1133.6085891032428
2024-07-03 02:30:00+00:00,400.0,0.25,50.0,1133.6085891032428,1133.6085891032428,107.56,1344.5,1133.6085891032428,0,1133.6085891032428
2024-07-03 02:45:00+00:00,400.0,0.25,50.0,1133.6085891032428,1133.6085891032428,122.75,1534.375,1133.6085891032428,0,1133.6085891032428
2024-07-03 03:00:00+00:00,400.0,0.25,50.0,1133.6085891032428,1133.6085891032428,107.56,1344.5,1133.6085891032428,0,1133.6085891032428
2024-07-03 03:15:00+00:00,400.0,0.25,50.0,1133.6085891032428,1133.6085891032428,108.75,1359.375,1133.6085891032428,0,1133.6085891032428
2024-07-03 03:30:00+00:00,400.0,0.25,50.0,1133.6085891032428,1133.6085891032428,108.75,1359.375,1133.6085891032428,0,1133.6085891032428
2024-07-03 03:45:00+00:00,400.0,0.25,50.0,1133.6085891032428,1133.6085891032428,108.75,1359.375,1133.6085891032428,0,1133.6085891032428
2024-07-03 04:00:00+00:00,400.0,0.25,50.0,1133.6085891032428,1133.6085891032428,159.4,1992.5,1133.6085891032428,0,1133.6085891032428
2024-07-03 04:15:00+00:00,400.0,0.25,50.0,1133.6085891032428,1133.6085891032428,118.93,1486.625,1133.6085891032428,0,1133.6085891032428
2024-07-03 04:30:00+00:00,400.0,0.25,50.0,1133.6085891032428,1133.6085891032428,98.93,1236.625,1133.6085891032428,0,1133.6085891032428
2024-07-03 04:45:00+00:00,400.0,0.25,50.0,1133.6085891032428,1133.6085891032428,98.93,1236.625,1133.6085891032428,0,1133.6085891032428
2024-07-03 05:00:00+00:00,400.0,0.25,50.0,1133.6085891032428,1133.6085891032428,1000.0,12500.0,1133.6085891032428,0,1133.6085891032428
2024-07-03 05:15:00+00:00,400.0,0.25,50.0,1133.6085891032428,1133.6085891032428,125.62,1570.25,1133.6085891032428,0,1133.6085891032428
2024-07-03 05:30:00+00:00,400.0,0.25,50.0,1133.6085891032428,1133.6085891032428,85.3,1066.25,1066.25,1,1066.25
2024-07-03 05:45:00+00:00,400.0,0.25,50.0,1133.6085891032428,1133.6085891032428,85.3,1066.25,1066.25,1,1066.25
2024-07-03 06:00:00+00:00,400.0,0.25,50.0,1133.6085891032428,1133.6085891032428,85.3,1066.25,1066.25,1,1066.25
2024-07-03 06:15:00+00:00,400.0,0.25,50.0,1133.6085891032428,1133.6085891032428,79.4,992.5000000000001,992.5000000000001,1,992.5000000000001
2024-07-03 06:30:00+00:00,400.0,0.25,50.0,1133.6085891032428,1133.6085891032428,79.4,992.5000000000001,992.5000000000001,1,992.5000000000001
2024-07-03 06:45:00+00:00,400.0,0.25,50.0,1133.6085891032428,1133.6085891032428,79.4,992.5000000000001,992.5000000000001,1,992.5000000000001
2024-07-03 07:00:00+00:00,400.0,0.25,50.0,1133.6085891032428,1133.6085891032428,1000.0,12500.0,1133.6085891032428,0,1133.6085891032428
2024-07-03 07:15:00+00:00,400.0,0.25,50.0,1133.6085891032428,1133.6085891032428,1000.0,12500.0,1133.6085891032428,0,1133.6085891032428
2024-07-03 07:30:00+00:00,400.0,0.25,50.0,1133.6085891032428,1133.6085891032428,129.73,1621.6249999999998,1133.6085891032428,0,1133.6085891032428
2024-07-03 07:45:00+00:00,400.0,0.25,50.0,1133.6085891032428,1133.6085891032428,129.73,1621.6249999999998,1133.6085891032428,0,1133.6085891032428
2024-07-03 08:00:00+00:00,400.0,0.25,50.0,1133.6085891032428,1133.6085891032428,129.73,1621.6249999999998,1133.6085891032428,0,1133.6085891032428
2024-07-03 08:15:00+00:00,400.0,0.25,50.0,1133.6085891032428,1133.6085891032428,199.4,2492.5,1133.6085891032428,0,1133.6085891032428
2024-07-03 08:30:00+00:00,400.0,0.25,50.0,1133.6085891032428,1133.6085891032428,199.4,2492.5,1133.6085891032428,0,1133.6085891032428
2024-07-03 08:45:00+00:00,400.0,0.25,50.0,1133.6085891032428,1133.6085891032428,132.58,1657.2500000000002,1133.6085891032428,0,1133.6085891032428
2024-07-03 09:00:00+00:00,400.0,0.25,50.0,1133.6085891032428,1133.6085891032428,199.4,2492.5,1133.6085891032428,0,1133.6085891032428
2024-07-03 09:15:00+00:00,400.0,0.25,50.0,1133.6085891032428,1133.6085891032428,204.4,2555.0,1133.6085891032428,0,1133.6085891032428
2024-07-03 09:30:00+00:00,400.0,0.25,50.0,1133.6085891032428,1133.6085891032428,204.4,2555.0,1133.6085891032428,0,1133.6085891032428
2024-07-03 09:45:00+00:00,400.0,0.25,50.0,1133.6085891032428,1133.6085891032428,204.4,2555.0,1133.6085891032428,0,1133.6085891032428
2024-07-03 10:00:00+00:00,400.0,0.25,50.0,1133.6085891032428,1133.6085891032428,204.4,2555.0,1133.6085891032428,0,1133.6085891032428
2024-07-03 10:15:00+00:00,400.0,0.25,50.0,1133.6085891032428,1133.6085891032428,218.85,2735.625,1133.6085891032428,0,1133.6085891032428
2024-07-03 10:30:00+00:00,400.0,0.25,50.0,1133.6085891032428,1133.6085891032428,218.85,2735.625,1133.6085891032428,0,1133.6085891032428
2024-07-03 10:45:00+00:00,400.0,0.25,50.0,1133.6085891032428,1133.6085891032428,218.85,2735.625,1133.6085891032428,0,1133.6085891032428
2024-07-03 11:00:00+00:00,400.0,0.25,50.0,1133.6085891032428,1133.6085891032428,218.85,2735.625,1133.6085891032428,0,1133.6085891032428
2024-07-03 11:15:00+00:00,400.0,0.25,50.0,1133.6085891032428,1133.6085891032428,211.69,2646.125,1133.6085891032428,0,1133.6085891032428
2024-07-03 11:30:00+00:00,400.0,0.25,50.0,1133.6085891032428,1133.6085891032428,211.69,2646.125,1133.6085891032428,0,1133.6085891032428
2024-07-03 11:45:00+00:00,400.0,0.25,50.0,1133.6085891032428,1133.6085891032428,211.69,2646.125,1133.6085891032428,0,1133.6085891032428
2024-07-03 12:00:00+00:00,400.0,0.25,50.0,1133.6085891032428,1133.6085891032428,211.69,2646.125,1133.6085891032428,0,1133.6085891032428
2024-07-03 12:15:00+00:00,400.0,0.25,50.0,1133.6085891032428,1133.6085891032428,187.4,2342.5,1133.6085891032428,0,1133.6085891032428
2024-07-03 12:30:00+00:00,400.0,0.25,50.0,1133.6085891032428,1133.6085891032428,187.4,2342.5,1133.6085891032428,0,1133.6085891032428
2024-07-03 12:45:00+00:00,400.0,0.25,50.0,1133.6085891032428,1133.6085891032428,187.4,2342.5,1133.6085891032428,0,1133.6085891032428
2024-07-03 13:00:00+00:00,400.0,0.25,50.0,1133.6085891032428,1133.6085891032428,187.4,2342.5,1133.6085891032428,0,1133.6085891032428
2024-07-03 13:15:00+00:00,400.0,0.25,50.0,1133.6085891032428,1133.6085891032428,59.75,746.875,746.875,1,746.875
2024-07-03 13:30:00+00:00,400.0,0.25,50.0,1133.6085891032428,1133.6085891032428,110.4,1380.0,1133.6085891032428,0,1133.6085891032428
2024-07-03 13:45:00+00:00,400.0,0.25,50.0,1133.6085891032428,1133.6085891032428,59.75,746.875,746.875,1,746.875
2024-07-03 14:00:00+00:00,400.0,0.25,50.0,1133.6085891032428,1133.6085891032428,110.4,1380.0,1133.6085891032428,0,1133.6085891032428
2024-07-03 14:15:00+00:00,400.0,0.25,50.0,1133.6085891032428,1133.6085891032428,120.51,1506.375,1133.6085891032428,0,1133.6085891032428
2024-07-03 14:30:00+00:00,400.0,0.25,50.0,1133.6085891032428,1133.6085891032428,87.1,1088.75,1088.75,1,1088.75
2024-07-03 14:45:00+00:00,400.0,0.25,50.0,1133.6085891032428,1133.6085891032428,87.1,1088.75,1088.75,1,1088.75
2024-07-03 15:00:00+00:00,400.0,0.25,50.0,1133.6085891032428,1133.6085891032428,87.1,1088.75,1088.75,1,1088.75
2024-07-03 15:15:00+00:00,400.0,0.25,50.0,1133.6085891032428,1133.6085891032428,68.89,861.125,861.125,1,861.125
2024-07-03 15:30:00+00:00,400.0,0.25,50.0,1133.6085891032428,1133.6085891032428,124.46,1555.75,1133.6085891032428,0,1133.6085891032428
2024-07-03 15:45:00+00:00,400.0,0.25,50.0,1133.6085891032428,1133.6085891032428,68.89,861.125,861.125,1,861.125
2024-07-03 16:00:00+00:00,400.0,0.25,50.0,1133.6085891032428,1133.6085891032428,68.89,861.125,861.125,1,861.125
2024-07-03 16:15:00+00:00,400.0,0.25,50.0,1133.6085891032428,1133.6085891032428,144.99,1812.375,1133.6085891032428,0,1133.6085891032428
2024-07-03 16:30:00+00:00,400.0,0.25,50.0,1133.6085891032428,1133.6085891032428,144.99,1812.375,1133.6085891032428,0,1133.6085891032428
2024-07-03 16:45:00+00:00,400.0,0.25,50.0,1133.6085891032428,1133.6085891032428,68.89,861.125,861.125,1,861.125
2024-07-03 17:00:00+00:00,400.0,0.25,50.0,1133.6085891032428,1133.6085891032428,68.89,861.125,861.125,1,861.125
2024-07-03 17:15:00+00:00,400.0,0.25,50.0,1133.6085891032428,1133.6085891032428,68.89,861.125,861.125,1,861.125
2024-07-03 17:30:00+00:00,400.0,0.25,50.0,1133.6085891032428,1133.6085891032428,41.62,520.25,520.25,1,520.25
2024-07-03 17:45:00+00:00,400.0,0.25,50.0,1133.6085891032428,1133.6085891032428,41.62,520.25,520.25,1,520.25
2024-07-03 18:00:00+00:00,400.0,0.25,50.0,1133.6085891032428,1133.6085891032428,41.62,520.25,520.25,1,520.25
2024-07-03 18:15:00+00:00,400.0,0.25,50.0,1133.6085891032428,1133.6085891032428,14.46,180.75,180.75,1,180.75
2024-07-03 18:30:00+00:00,400.0,0.25,50.0,1133.6085891032428,1133.6085891032428,14.46,180.75,180.75,1,180.75
2024-07-03 18:45:00+00:00,400.0,0.25,50.0,1133.6085891032428,1133.6085891032428,14.46,180.75,180.75,1,180.75
2024-07-03 19:00:00+00:00,400.0,0.25,50.0,1133.6085891032428,1133.6085891032428,14.46,180.75,180.75,1,180.75
2024-07-03 19:15:00+00:00,400.0,0.25,50.0,1133.6085891032428,1133.6085891032428,41.62,520.25,520.25,1,520.25
2024-07-03 19:30:00+00:00,400.0,0.25,50.0,1133.6085891032428,1133.6085891032428,41.62,520.25,520.25,1,520.25
2024-07-03 19:45:00+00:00,400.0,0.25,50.0,1133.6085891032428,1133.6085891032428,68.89,861.125,861.125,1,861.125
2024-07-03 20:00:00+00:00,400.0,0.25,50.0,1133.6085891032428,1133.6085891032428,222.83,2785.375,1133.6085891032428,0,1133.6085891032428
2024-07-03 20:15:00+00:00,400.0,0.25,50.0,1133.6085891032428,1133.6085891032428,189.28,2366.0,1133.6085891032428,0,1133.6085891032428
2024-07-03 20:30:00+00:00,400.0,0.25,50.0,1133.6085891032428,1133.6085891032428,41.62,520.25,520.25,1,520.25
2024-07-03 20:45:00+00:00,400.0,0.25,50.0,1133.6085891032428,1133.6085891032428,41.62,520.25,520.25,1,520.25
2024-07-03 21:00:00+00:00,400.0,0.25,50.0,1133.6085891032428,1133.6085891032428,186.8,2335.0,1133.6085891032428,0,1133.6085891032428
2024-07-03 21:15:00+00:00,400.0,0.25,50.0,1133.6085891032428,1133.6085891032428,139.92,1748.9999999999998,1133.6085891032428,0,1133.6085891032428
2024-07-03 21:30:00+00:00,400.0,0.25,50.0,1133.6085891032428,1133.6085891032428,119.92,1499.0,1133.6085891032428,0,1133.6085891032428
2024-07-03 21:45:00+00:00,400.0,0.25,50.0,1133.6085891032428,1133.6085891032428,41.62,520.25,520.25,1,520.25
2024-07-03 22:00:00+00:00,400.0,0.25,50.0,1133.6085891032428,1133.6085891032428,41.62,520.25,520.25,1,520.25
2024-07-03 22:15:00+00:00,400.0,0.25,50.0,1133.6085891032428,1133.6085891032428,101.12,1264.0,1133.6085891032428,0,1133.6085891032428
2024-07-03 22:30:00+00:00,400.0,0.25,50.0,1133.6085891032428,1133.6085891032428,101.12,1264.0,1133.6085891032428,0,1133.6085891032428
2024-07-03 22:45:00+00:00,400.0,0.25,50.0,1133.6085891032428,1133.6085891032428,101.12,1264.0,1133.6085891032428,0,1133.6085891032428
2024-07-03 23:00:00+00:00,400.0,0.25,50.0,1133.6085891032428,1133.6085891032428,101.12,1264.0,1133.6085891032428,0,1133.6085891032428
2024-07-03 23:15:00+00:00,400.0,0.25,50.0,1133.6085891032428,1133.6085891032428,112.4,1405.0,1133.6085891032428,0,1133.6085891032428
2024-07-03 23:30:00+00:00,400.0,0.25,50.0,1133.6085891032428,1133.6085891032428,112.4,1405.0,1133.6085891032428,0,1133.6085891032428
2024-07-03 23:45:00+00:00,400.0,0.25,50.0,1133.6085891032428,1133.6085891032428,101.76,1272.0,1133.6085891032428,0,1133.6085891032428
2024-07-04 00:00:00+00:00,400.0,0.25,50.0,1133.6085891032428,1133.6085891032428,101.76,1272.0,1133.6085891032428,0,1133.6085891032428
2024-07-04 00:15:00+00:00,400.0,0.25,50.0,1133.6085891032428,1133.6085891032428,132.07,1650.875,1133.6085891032428,0,1133.6085891032428
2024-07-04 00:30:00+00:00,400.0,0.25,50.0,1133.6085891032428,1133.6085891032428,132.07,1650.875,1133.6085891032428,0,1133.6085891032428
2024-07-04 00:45:00+00:00,400.0,0.25,50.0,1133.6085891032428,1133.6085891032428,132.07,1650.875,1133.6085891032428,0,1133.6085891032428
2024-07-04 01:00:00+00:00,400.0,0.25,50.0,1133.6085891032428,1133.6085891032428,132.07,1650.875,1133.6085891032428,0,1133.6085891032428
2024-07-04 01:15:00+00:00,400.0,0.25,50.0,1133.6085891032428,1133.6085891032428,137.76,1722.0,1133.6085891032428,0,1133.6085891032428
2024-07-04 01:30:00+00:00,400.0,0.25,50.0,1133.6085891032428,1133.6085891032428,148.4,1855.0,1133.6085891032428,0,1133.6085891032428
2024-07-04 01:45:00+00:00,400.0,0.25,50.0,1133.6085891032428,1133.6085891032428,148.4,1855.0,1133.6085891032428,0,1133.6085891032428
2024-07-04 02:00:00+00:00,400.0,0.25,50.0,1133.6085891032428,1133.6085891032428,148.4,1855.0,1133.6085891032428,0,1133.6085891032428
2024-07-04 02:15:00+00:00,400.0,0.25,50.0,1133.6085891032428,1133.6085891032428,144.4,1805.0,1133.6085891032428,0,1133.6085891032428
2024-07-04 02:30:00+00:00,400.0,0.25,50.0,1133.6085891032428,1133.6085891032428,144.4,1805.0,1133.6085891032428,0,1133.6085891032428
2024-07-04 02:45:00+00:00,400.0,0.25,50.0,1133.6085891032428,1133.6085891032428,133.76,1672.0,1133.6085891032428,0,1133.6085891032428
2024-07-04 03:00:00+00:00,400.0,0.25,50.0,1133.6085891032428,1133.6085891032428,152.36,1904.5000000000002,1133.6085891032428,0,1133.6085891032428
2024-07-04 03:15:00+00:00,400.0,0.25,50.0,1133.6085891032428,1133.6085891032428,173.33,2166.625,1133.6085891032428,0,1133.6085891032428
2024-07-04 03:30:00+00:00,400.0,0.25,50.0,1133.6085891032428,1133.6085891032428,173.33,2166.625,1133.6085891032428,0,1133.6085891032428
2024-07-04 03:45:00+00:00,400.0,0.25,50.0,1133.6085891032428,1133.6085891032428,173.33,2166.625,1133.6085891032428,0,1133.6085891032428
2024-07-04 04:00:00+00:00,400.0,0.25,50.0,1133.6085891032428,1133.6085891032428,173.33,2166.625,1133.6085891032428,0,1133.6085891032428
2024-07-04 04:15:00+00:00,400.0,0.25,50.0,1133.6085891032428,1133.6085891032428,107.07,1338.375,1133.6085891032428,0,1133.6085891032428
2024-07-04 04:30:00+00:00,400.0,0.25,50.0,1133.6085891032428,1133.6085891032428,107.07,1338.375,1133.6085891032428,0,1133.6085891032428
2024-07-04 04:45:00+00:00,400.0,0.25,50.0,1133.6085891032428,1133.6085891032428,70.89,886.125,886.125,1,886.125
2024-07-04 05:00:00+00:00,400.0,0.25,50.0,1133.6085891032428,1133.6085891032428,107.07,1338.375,1133.6085891032428,0,1133.6085891032428
2024-07-04 05:15:00+00:00,400.0,0.25,50.0,1133.6085891032428,1133.6085891032428,103.36,1292.0,1133.6085891032428,0,1133.6085891032428
2024-07-04 05:30:00+00:00,400.0,0.25,50.0,1133.6085891032428,1133.6085891032428,120.94,1511.75,1133.6085891032428,0,1133.6085891032428
2024-07-04 05:45:00+00:00,400.0,0.25,50.0,1133.6085891032428,1133.6085891032428,120.94,1511.75,1133.6085891032428,0,1133.6085891032428
2024-07-04 06:00:00+00:00,400.0,0.25,50.0,1133.6085891032428,1133.6085891032428,120.94,1511.75,1133.6085891032428,0,1133.6085891032428
2024-07-04 06:15:00+00:00,400.0,0.25,50.0,1133.6085891032428,1133.6085891032428,34.8,434.99999999999994,434.99999999999994,1,434.99999999999994
2024-07-04 06:30:00+00:00,400.0,0.25,50.0,1133.6085891032428,1133.6085891032428,34.8,434.99999999999994,434.99999999999994,1,434.99999999999994
2024-07-04 06:45:00+00:00,400.0,0.25,50.0,1133.6085891032428,1133.6085891032428,34.8,434.99999999999994,434.99999999999994,1,434.99999999999994
2024-07-04 07:00:00+00:00,400.0,0.25,50.0,1133.6085891032428,1133.6085891032428,131.59,1644.875,1133.6085891032428,0,1133.6085891032428
2024-07-04 07:15:00+00:00,400.0,0.25,50.0,1133.6085891032428,1133.6085891032428,119.53,1494.125,1133.6085891032428,0,1133.6085891032428
2024-07-04 07:30:00+00:00,400.0,0.25,50.0,1133.6085891032428,1133.6085891032428,227.75,2846.875,1133.6085891032428,0,1133.6085891032428
2024-07-04 07:45:00+00:00,400.0,0.25,50.0,1133.6085891032428,1133.6085891032428,227.75,2846.875,1133.6085891032428,0,1133.6085891032428
2024-07-04 08:00:00+00:00,400.0,0.25,50.0,1133.6085891032428,1133.6085891032428,227.75,2846.875,1133.6085891032428,0,1133.6085891032428
2024-07-04 08:15:00+00:00,400.0,0.25,50.0,1133.6085891032428,1133.6085891032428,304.16,3802.0000000000005,1133.6085891032428,0,1133.6085891032428
2024-07-04 08:30:00+00:00,400.0,0.25,50.0,1133.6085891032428,1133.6085891032428,304.16,3802.0000000000005,1133.6085891032428,0,1133.6085891032428
2024-07-04 08:45:00+00:00,400.0,0.25,50.0,1133.6085891032428,1133.6085891032428,304.16,3802.0000000000005,1133.6085891032428,0,1133.6085891032428
2024-07-04 09:00:00+00:00,400.0,0.25,50.0,1133.6085891032428,1133.6085891032428,304.16,3802.0000000000005,1133.6085891032428,0,1133.6085891032428
2024-07-04 09:15:00+00:00,400.0,0.25,50.0,1133.6085891032428,1133.6085891032428,260.16,3252.0000000000005,1133.6085891032428,0,1133.6085891032428
2024-07-04 09:30:00+00:00,400.0,0.25,50.0,1133.6085891032428,1133.6085891032428,260.16,3252.0000000000005,1133.6085891032428,0,1133.6085891032428
2024-07-04 09:45:00+00:00,400.0,0.25,50.0,1133.6085891032428,1133.6085891032428,260.16,3252.0000000000005,1133.6085891032428,0,1133.6085891032428
2024-07-04 10:00:00+00:00,400.0,0.25,50.0,1133.6085891032428,1133.6085891032428,260.16,3252.0000000000005,1133.6085891032428,0,1133.6085891032428
2024-07-04 10:15:00+00:00,400.0,0.25,50.0,1133.6085891032428,1133.6085891032428,275.15,3439.3749999999995,1133.6085891032428,0,1133.6085891032428
2024-07-04 10:30:00+00:00,400.0,0.25,50.0,1133.6085891032428,1133.6085891032428,275.15,3439.3749999999995,1133.6085891032428,0,1133.6085891032428
2024-07-04 10:45:00+00:00,400.0,0.25,50.0,1133.6085891032428,1133.6085891032428,275.15,3439.3749999999995,1133.6085891032428,0,1133.6085891032428
2024-07-04 11:00:00+00:00,400.0,0.25,50.0,1133.6085891032428,1133.6085891032428,275.15,3439.3749999999995,1133.6085891032428,0,1133.6085891032428
2024-07-04 11:15:00+00:00,400.0,0.25,50.0,1133.6085891032428,1133.6085891032428,273.39,3417.375,1133.6085891032428,0,1133.6085891032428
2024-07-04 11:30:00+00:00,400.0,0.25,50.0,1133.6085891032428,1133.6085891032428,273.4,3417.4999999999995,1133.6085891032428,0,1133.6085891032428
2024-07-04 11:45:00+00:00,400.0,0.25,50.0,1133.6085891032428,1133.6085891032428,273.4,3417.4999999999995,1133.6085891032428,0,1133.6085891032428
2024-07-04 12:00:00+00:00,400.0,0.25,50.0,1133.6085891032428,1133.6085891032428,273.4,3417.4999999999995,1133.6085891032428,0,1133.6085891032428
2024-07-04 12:15:00+00:00,400.0,0.25,50.0,1133.6085891032428,1133.6085891032428,278.17,3477.125,1133.6085891032428,0,1133.6085891032428
2024-07-04 12:30:00+00:00,400.0,0.25,50.0,1133.6085891032428,1133.6085891032428,278.17,3477.125,1133.6085891032428,0,1133.6085891032428
2024-07-04 12:45:00+00:00,400.0,0.25,50.0,1133.6085891032428,1133.6085891032428,278.17,3477.125,1133.6085891032428,0,1133.6085891032428
2024-07-04 13:00:00+00:00,400.0,0.25,50.0,1133.6085891032428,1133.6085891032428,278.17,3477.125,1133.6085891032428,0,1133.6085891032428
2024-07-04 13:15:00+00:00,400.0,0.25,50.0,1133.6085891032428,1133.6085891032428,312.17,3902.125,1133.6085891032428,0,1133.6085891032428
2024-07-04 13:30:00+00:00,400.0,0.25,50.0,1133.6085891032428,1133.6085891032428,312.17,3902.125,1133.6085891032428,0,1133.6085891032428
2024-07-04 13:45:00+00:00,400.0,0.25,50.0,1133.6085891032428,1133.6085891032428,312.17,3902.125,1133.6085891032428,0,1133.6085891032428
2024-07-04 14:00:00+00:00,400.0,0.25,50.0,1133.6085891032428,1133.6085891032428,312.17,3902.125,1133.6085891032428,0,1133.6085891032428
2024-07-04 14:15:00+00:00,400.0,0.25,50.0,1133.6085891032428,1133.6085891032428,256.56,3207.0,1133.6085891032428,0,1133.6085891032428
2024-07-04 14:30:00+00:00,400.0,0.25,50.0,1133.6085891032428,1133.6085891032428,256.56,3207.0,1133.6085891032428,0,1133.6085891032428
2024-07-04 14:45:00+00:00,400.0,0.25,50.0,1133.6085891032428,1133.6085891032428,256.55,3206.875,1133.6085891032428,0,1133.6085891032428
2024-07-04 15:00:00+00:00,400.0,0.25,50.0,1133.6085891032428,1133.6085891032428,256.55,3206.875,1133.6085891032428,0,1133.6085891032428
2024-07-04 15:15:00+00:00,400.0,0.25,50.0,1133.6085891032428,1133.6085891032428,218.95,2736.875,1133.6085891032428,0,1133.6085891032428
2024-07-04 15:30:00+00:00,400.0,0.25,50.0,1133.6085891032428,1133.6085891032428,218.95,2736.875,1133.6085891032428,0,1133.6085891032428
2024-07-04 15:45:00+00:00,400.0,0.25,50.0,1133.6085891032428,1133.6085891032428,218.95,2736.875,1133.6085891032428,0,1133.6085891032428
2024-07-04 16:00:00+00:00,400.0,0.25,50.0,1133.6085891032428,1133.6085891032428,218.95,2736.875,1133.6085891032428,0,1133.6085891032428
2024-07-04 16:15:00+00:00,400.0,0.25,50.0,1133.6085891032428,1133.6085891032428,101.45,1268.125,1133.6085891032428,0,1133.6085891032428
2024-07-04 16:30:00+00:00,400.0,0.25,50.0,1133.6085891032428,1133.6085891032428,101.45,1268.125,1133.6085891032428,0,1133.6085891032428
2024-07-04 16:45:00+00:00,400.0,0.25,50.0,1133.6085891032428,1133.6085891032428,34.8,434.99999999999994,434.99999999999994,1,434.99999999999994
2024-07-04 17:00:00+00:00,400.0,0.25,50.0,1133.6085891032428,1133.6085891032428,34.8,434.99999999999994,434.99999999999994,1,434.99999999999994
2024-07-04 17:15:00+00:00,400.0,0.25,50.0,1133.6085891032428,1133.6085891032428,34.8,434.99999999999994,434.99999999999994,1,434.99999999999994
2024-07-04 17:30:00+00:00,400.0,0.25,50.0,1133.6085891032428,1133.6085891032428,34.8,434.99999999999994,434.99999999999994,1,434.99999999999994
2024-07-04 17:45:00+00:00,400.0,0.25,50.0,1133.6085891032428,1133.6085891032428,34.8,434.99999999999994,434.99999999999994,1,434.99999999999994
2024-07-04 18:00:00+00:00,400.0,0.25,50.0,1133.6085891032428,1133.6085891032428,34.8,434.99999999999994,434.99999999999994,1,434.99999999999994
2024-07-04 18:15:00+00:00,400.0,0.25,50.0,1133.6085891032428,1133.6085891032428,34.8,434.99999999999994,434.99999999999994,1,434.99999999999994
2024-07-04 18:30:00+00:00,400.0,0.25,50.0,1133.6085891032428,1133.6085891032428,34.8,434.99999999999994,434.99999999999994,1,434.99999999999994
2024-07-04 18:45:00+00:00,400.0,0.25,50.0,1133.6085891032428,1133.6085891032428,14.47,180.875,180.875,1,180.875
2024-07-04 19:00:00+00:00,400.0,0.25,50.0,1133.6085891032428,1133.6085891032428,14.46,180.75,180.75,1,180.75
2024-07-04 19:15:00+00:00,400.0,0.25,50.0,1133.6085891032428,1133.6085891032428,34.8,434.99999999999994,434.99999999999994,1,434.99999999999994
2024-07-04 19:30:00+00:00,400.0,0.25,50.0,1133.6085891032428,1133.6085891032428,34.8,434.99999999999994,434.99999999999994,1,434.99999999999994
2024-07-04 19:45:00+00:00,400.0,0.25,50.0,1133.6085891032428,1133.6085891032428,70.89,886.125,886.125,1,886.125
2024-07-04 20:00:00+00:00,400.0,0.25,50.0,1133.6085891032428,1133.6085891032428,34.8,434.99999999999994,434.99999999999994,1,434.99999999999994
2024-07-04 20:15:00+00:00,400.0,0.25,50.0,1133.6085891032428,1133.6085891032428,34.8,434.99999999999994,434.99999999999994,1,434.99999999999994
2024-07-04 20:30:00+00:00,400.0,0.25,50.0,1133.6085891032428,1133.6085891032428,109.32,1366.5,1133.6085891032428,0,1133.6085891032428
2024-07-04 20:45:00+00:00,400.0,0.25,50.0,1133.6085891032428,1133.6085891032428,109.32,1366.5,1133.6085891032428,0,1133.6085891032428
2024-07-04 21:00:00+00:00,400.0,0.25,50.0,1133.6085891032428,1133.6085891032428,109.32,1366.5,1133.6085891032428,0,1133.6085891032428
2024-07-04 21:15:00+00:00,400.0,0.25,50.0,1133.6085891032428,1133.6085891032428,160.02,2000.2500000000002,1133.6085891032428,0,1133.6085891032428
2024-07-04 21:30:00+00:00,400.0,0.25,50.0,1133.6085891032428,1133.6085891032428,106.33,1329.125,1133.6085891032428,0,1133.6085891032428
2024-07-04 21:45:00+00:00,400.0,0.25,50.0,1133.6085891032428,1133.6085891032428,106.33,1329.125,1133.6085891032428,0,1133.6085891032428
2024-07-04 22:00:00+00:00,400.0,0.25,50.0,1133.6085891032428,1133.6085891032428,101.76,1272.0,1133.6085891032428,0,1133.6085891032428
2024-07-04 22:15:00+00:00,400.0,0.25,50.0,1133.6085891032428,1133.6085891032428,110.63,1382.875,1133.6085891032428,0,1133.6085891032428
2024-07-04 22:30:00+00:00,400.0,0.25,50.0,1133.6085891032428,1133.6085891032428,85.39,1067.375,1067.375,1,1067.375
2024-07-04 22:45:00+00:00,400.0,0.25,50.0,1133.6085891032428,1133.6085891032428,85.39,1067.375,1067.375,1,1067.375
2024-07-04 23:00:00+00:00,400.0,0.25,50.0,1133.6085891032428,1133.6085891032428,110.63,1382.875,1133.6085891032428,0,1133.6085891032428
2024-07-04 23:15:00+00:00,400.0,0.25,50.0,1133.6085891032428,1133.6085891032428,188.15,2351.875,1133.6085891032428,0,1133.6085891032428
2024-07-04 23:30:00+00:00,400.0,0.25,50.0,1133.6085891032428,1133.6085891032428,188.15,2351.875,1133.6085891032428,0,1133.6085891032428
2024-07-04 23:45:00+00:00,400.0,0.25,50.0,1133.6085891032428,1133.6085891032428,188.15,2351.875,1133.6085891032428,0,1133.6085891032428
2024-07-05 00:00:00+00:00,400.0,0.25,50.0,1133.6085891032428,1133.6085891032428,188.15,2351.875,1133.6085891032428,0,1133.6085891032428
2024-07-05 00:15:00+00:00,400.0,0.25,50.0,1133.6085891032428,1133.6085891032428,190.15,2376.875,1133.6085891032428,0,1133.6085891032428
2024-07-05 00:30:00+00:00,400.0,0.25,50.0,1133.6085891032428,1133.6085891032428,190.15,2376.875,1133.6085891032428,0,1133.6085891032428
2024-07-05 00:45:00+00:00,400.0,0.25,50.0,1133.6085891032428,1133.6085891032428,190.15,2376.875,1133.6085891032428,0,1133.6085891032428
2024-07-05 01:00:00+00:00,400.0,0.25,50.0,1133.6085891032428,1133.6085891032428,190.15,2376.875,1133.6085891032428,0,1133.6085891032428
2024-07-05 01:15:00+00:00,400.0,0.25,50.0,1133.6085891032428,1133.6085891032428,186.15,2326.875,1133.6085891032428,0,1133.6085891032428
2024-07-05 01:30:00+00:00,400.0,0.25,50.0,1133.6085891032428,1133.6085891032428,186.15,2326.875,1133.6085891032428,0,1133.6085891032428
2024-07-05 01:45:00+00:00,400.0,0.25,50.0,1133.6085891032428,1133.6085891032428,186.15,2326.875,1133.6085891032428,0,1133.6085891032428
2024-07-05 02:00:00+00:00,400.0,0.25,50.0,1133.6085891032428,1133.6085891032428,186.15,2326.875,1133.6085891032428,0,1133.6085891032428
2024-07-05 02:15:00+00:00,400.0,0.25,50.0,1133.6085891032428,1133.6085891032428,194.15,2426.875,1133.6085891032428,0,1133.6085891032428
2024-07-05 02:30:00+00:00,400.0,0.25,50.0,1133.6085891032428,1133.6085891032428,194.15,2426.875,1133.6085891032428,0,1133.6085891032428
2024-07-05 02:45:00+00:00,400.0,0.25,50.0,1133.6085891032428,1133.6085891032428,194.15,2426.875,1133.6085891032428,0,1133.6085891032428
2024-07-05 03:00:00+00:00,400.0,0.25,50.0,1133.6085891032428,1133.6085891032428,194.15,2426.875,1133.6085891032428,0,1133.6085891032428
2024-07-05 03:15:00+00:00,400.0,0.25,50.0,1133.6085891032428,1133.6085891032428,186.15,2326.875,1133.6085891032428,0,1133.6085891032428
2024-07-05 03:30:00+00:00,400.0,0.25,50.0,1133.6085891032428,1133.6085891032428,186.15,2326.875,1133.6085891032428,0,1133.6085891032428
2024-07-05 03:45:00+00:00,400.0,0.25,50.0,1133.6085891032428,1133.6085891032428,186.15,2326.875,1133.6085891032428,0,1133.6085891032428
2024-07-05 04:00:00+00:00,400.0,0.25,50.0,1133.6085891032428,1133.6085891032428,207.07,2588.375,1133.6085891032428,0,1133.6085891032428
2024-07-05 04:15:00+00:00,400.0,0.25,50.0,1133.6085891032428,1133.6085891032428,105.07,1313.375,1133.6085891032428,0,1133.6085891032428
2024-07-05 04:30:00+00:00,400.0,0.25,50.0,1133.6085891032428,1133.6085891032428,85.15,1064.375,1064.375,1,1064.375
2024-07-05 04:45:00+00:00,400.0,0.25,50.0,1133.6085891032428,1133.6085891032428,65.21,815.1249999999999,815.1249999999999,1,815.1249999999999
2024-07-05 05:00:00+00:00,400.0,0.25,50.0,1133.6085891032428,1133.6085891032428,105.07,1313.375,1133.6085891032428,0,1133.6085891032428
2024-07-05 05:15:00+00:00,400.0,0.25,50.0,1133.6085891032428,1133.6085891032428,216.09,2701.125,1133.6085891032428,0,1133.6085891032428
2024-07-05 05:30:00+00:00,400.0,0.25,50.0,1133.6085891032428,1133.6085891032428,216.09,2701.125,1133.6085891032428,0,1133.6085891032428
2024-07-05 05:45:00+00:00,400.0,0.25,50.0,1133.6085891032428,1133.6085891032428,216.09,2701.125,1133.6085891032428,0,1133.6085891032428
2024-07-05 06:00:00+00:00,400.0,0.25,50.0,1133.6085891032428,1133.6085891032428,216.09,2701.125,1133.6085891032428,0,1133.6085891032428
2024-07-05 06:15:00+00:00,400.0,0.25,50.0,1133.6085891032428,1133.6085891032428,260.15,3251.8749999999995,1133.6085891032428,0,1133.6085891032428
2024-07-05 06:30:00+00:00,400.0,0.25,50.0,1133.6085891032428,1133.6085891032428,260.15,3251.8749999999995,1133.6085891032428,0,1133.6085891032428
2024-07-05 06:45:00+00:00,400.0,0.25,50.0,1133.6085891032428,1133.6085891032428,261.15,3264.3749999999995,1133.6085891032428,0,1133.6085891032428
2024-07-05 07:00:00+00:00,400.0,0.25,50.0,1133.6085891032428,1133.6085891032428,261.15,3264.3749999999995,1133.6085891032428,0,1133.6085891032428
2024-07-05 07:15:00+00:00,400.0,0.25,50.0,1133.6085891032428,1133.6085891032428,411.15,5139.375,1133.6085891032428,0,1133.6085891032428
2024-07-05 07:30:00+00:00,400.0,0.25,50.0,1133.6085891032428,1133.6085891032428,411.15,5139.375,1133.6085891032428,0,1133.6085891032428
2024-07-05 07:45:00+00:00,400.0,0.25,50.0,1133.6085891032428,1133.6085891032428,1000.0,12500.0,1133.6085891032428,0,1133.6085891032428
2024-07-05 08:00:00+00:00,400.0,0.25,50.0,1133.6085891032428,1133.6085891032428,1000.0,12500.0,1133.6085891032428,0,1133.6085891032428
2024-07-05 08:15:00+00:00,400.0,0.25,50.0,1133.6085891032428,1133.6085891032428,1000.0,12500.0,1133.6085891032428,0,1133.6085891032428
2024-07-05 08:30:00+00:00,400.0,0.25,50.0,1133.6085891032428,1133.6085891032428,1000.0,12500.0,1133.6085891032428,0,1133.6085891032428
2024-07-05 08:45:00+00:00,400.0,0.25,50.0,1133.6085891032428,1133.6085891032428,1000.0,12500.0,1133.6085891032428,0,1133.6085891032428
2024-07-05 09:00:00+00:00,400.0,0.25,50.0,1133.6085891032428,1133.6085891032428,1000.0,12500.0,1133.6085891032428,0,1133.6085891032428
2024-07-05 09:15:00+00:00,400.0,0.25,50.0,1133.6085891032428,1133.6085891032428,1000.0,12500.0,1133.6085891032428,0,1133.6085891032428
2024-07-05 09:30:00+00:00,400.0,0.25,50.0,1133.6085891032428,1133.6085891032428,1000.0,12500.0,1133.6085891032428,0,1133.6085891032428
2024-07-05 09:45:00+00:00,400.0,0.25,50.0,1133.6085891032428,1133.6085891032428,1000.0,12500.0,1133.6085891032428,0,1133.6085891032428
2024-07-05 10:00:00+00:00,400.0,0.25,50.0,1133.6085891032428,1133.6085891032428,1000.0,12500.0,1133.6085891032428,0,1133.6085891032428
2024-07-05 10:15:00+00:00,400.0,0.25,50.0,1133.6085891032428,1133.6085891032428,1000.0,12500.0,1133.6085891032428,0,1133.6085891032428
2024-07-05 10:30:00+00:00,400.0,0.25,50.0,1133.6085891032428,1133.6085891032428,1000.0,12500.0,1133.6085891032428,0,1133.6085891032428
2024-07-05 10:45:00+00:00,400.0,0.25,50.0,1133.6085891032428,1133.6085891032428,1000.0,12500.0,1133.6085891032428,0,1133.6085891032428
2024-07-05 11:00:00+00:00,400.0,0.25,50.0,1133.6085891032428,1133.6085891032428,1000.0,12500.0,1133.6085891032428,0,1133.6085891032428
2024-07-05 11:15:00+00:00,400.0,0.25,50.0,1133.6085891032428,1133.6085891032428,1000.0,12500.0,1133.6085891032428,0,1133.6085891032428
2024-07-05 11:30:00+00:00,400.0,0.25,50.0,1133.6085891032428,1133.6085891032428,1000.0,12500.0,1133.6085891032428,0,1133.6085891032428
2024-07-05 11:45:00+00:00,400.0,0.25,50.0,1133.6085891032428,1133.6085891032428,1000.0,12500.0,1133.6085891032428,0,1133.6085891032428
2024-07-05 12:00:00+00:00,400.0,0.25,50.0,1133.6085891032428,1133.6085891032428,1000.0,12500.0,1133.6085891032428,0,1133.6085891032428
2024-07-05 12:15:00+00:00,400.0,0.25,50.0,1133.6085891032428,1133.6085891032428,1000.0,12500.0,1133.6085891032428,0,1133.6085891032428
2024-07-05 12:30:00+00:00,400.0,0.25,50.0,1133.6085891032428,1133.6085891032428,1000.0,12500.0,1133.6085891032428,0,1133.6085891032428
2024-07-05 12:45:00+00:00,400.0,0.25,50.0,1133.6085891032428,1133.6085891032428,1000.0,12500.0,1133.6085891032428,0,1133.6085891032428
2024-07-05 13:00:00+00:00,400.0,0.25,50.0,1133.6085891032428,1133.6085891032428,1000.0,12500.0,1133.6085891032428,0,1133.6085891032428
2024-07-05 13:15:00+00:00,400.0,0.25,50.0,1133.6085891032428,1133.6085891032428,1000.0,12500.0,1133.6085891032428,0,1133.6085891032428
2024-07-05 13:30:00+00:00,400.0,0.25,50.0,1133.6085891032428,1133.6085891032428,1000.0,12500.0,1133.6085891032428,0,1133.6085891032428
2024-07-05 13:45:00+00:00,400.0,0.25,50.0,1133.6085891032428,1133.6085891032428,1000.0,12500.0,1133.6085891032428,0,1133.6085891032428
2024-07-05 14:00:00+00:00,400.0,0.25,50.0,1133.6085891032428,1133.6085891032428,1000.0,12500.0,1133.6085891032428,0,1133.6085891032428
2024-07-05 14:15:00+00:00,400.0,0.25,50.0,1133.6085891032428,1133.6085891032428,1000.0,12500.0,1133.6085891032428,0,1133.6085891032428
2024-07-05 14:30:00+00:00,400.0,0.25,50.0,1133.6085891032428,1133.6085891032428,1000.0,12500.0,1133.6085891032428,0,1133.6085891032428
2024-07-05 14:45:00+00:00,400.0,0.25,50.0,1133.6085891032428,1133.6085891032428,1000.0,12500.0,1133.6085891032428,0,1133.6085891032428
2024-07-05 15:00:00+00:00,400.0,0.25,50.0,1133.6085891032428,1133.6085891032428,1000.0,12500.0,1133.6085891032428,0,1133.6085891032428
2024-07-05 15:15:00+00:00,400.0,0.25,50.0,1133.6085891032428,1133.6085891032428,1000.0,12500.0,1133.6085891032428,0,1133.6085891032428
2024-07-05 15:30:00+00:00,400.0,0.25,50.0,1133.6085891032428,1133.6085891032428,1000.0,12500.0,1133.6085891032428,0,1133.6085891032428
2024-07-05 15:45:00+00:00,400.0,0.25,50.0,1133.6085891032428,1133.6085891032428,1000.0,12500.0,1133.6085891032428,0,1133.6085891032428
2024-07-05 16:00:00+00:00,400.0,0.25,50.0,1133.6085891032428,1133.6085891032428,1000.0,12500.0,1133.6085891032428,0,1133.6085891032428
2024-07-05 16:15:00+00:00,400.0,0.25,50.0,1133.6085891032428,1133.6085891032428,1000.0,12500.0,1133.6085891032428,0,1133.6085891032428
2024-07-05 16:30:00+00:00,400.0,0.25,50.0,1133.6085891032428,1133.6085891032428,63.37,792.125,792.125,1,792.125
2024-07-05 16:45:00+00:00,400.0,0.25,50.0,1133.6085891032428,1133.6085891032428,63.37,792.125,792.125,1,792.125
2024-07-05 17:00:00+00:00,400.0,0.25,50.0,1133.6085891032428,1133.6085891032428,83.37,1042.125,1042.125,1,1042.125
2024-07-05 17:15:00+00:00,400.0,0.25,50.0,1133.6085891032428,1133.6085891032428,239.19,2989.875,1133.6085891032428,0,1133.6085891032428
2024-07-05 17:30:00+00:00,400.0,0.25,50.0,1133.6085891032428,1133.6085891032428,26.25,328.125,328.125,1,328.125
2024-07-05 17:45:00+00:00,400.0,0.25,50.0,1133.6085891032428,1133.6085891032428,26.25,328.125,328.125,1,328.125
2024-07-05 18:00:00+00:00,400.0,0.25,50.0,1133.6085891032428,1133.6085891032428,26.25,328.125,328.125,1,328.125
2024-07-05 18:15:00+00:00,400.0,0.25,50.0,1133.6085891032428,1133.6085891032428,26.25,328.125,328.125,1,328.125
2024-07-05 18:30:00+00:00,400.0,0.25,50.0,1133.6085891032428,1133.6085891032428,26.25,328.125,328.125,1,328.125
2024-07-05 18:45:00+00:00,400.0,0.25,50.0,1133.6085891032428,1133.6085891032428,26.25,328.125,328.125,1,328.125
2024-07-05 19:00:00+00:00,400.0,0.25,50.0,1133.6085891032428,1133.6085891032428,26.25,328.125,328.125,1,328.125
2024-07-05 19:15:00+00:00,400.0,0.25,50.0,1133.6085891032428,1133.6085891032428,26.25,328.125,328.125,1,328.125
2024-07-05 19:30:00+00:00,400.0,0.25,50.0,1133.6085891032428,1133.6085891032428,26.25,328.125,328.125,1,328.125
2024-07-05 19:45:00+00:00,400.0,0.25,50.0,1133.6085891032428,1133.6085891032428,26.25,328.125,328.125,1,328.125
2024-07-05 20:00:00+00:00,400.0,0.25,50.0,1133.6085891032428,1133.6085891032428,188.54,2356.75,1133.6085891032428,0,1133.6085891032428
2024-07-05 20:15:00+00:00,400.0,0.25,50.0,1133.6085891032428,1133.6085891032428,1000.0,12500.0,1133.6085891032428,0,1133.6085891032428
2024-07-05 20:30:00+00:00,400.0,0.25,50.0,1133.6085891032428,1133.6085891032428,42.45,530.625,530.625,1,530.625
2024-07-05 20:45:00+00:00,400.0,0.25,50.0,1133.6085891032428,1133.6085891032428,26.25,328.125,328.125,1,328.125
2024-07-05 21:00:00+00:00,400.0,0.25,50.0,1133.6085891032428,1133.6085891032428,26.25,328.125,328.125,1,328.125
2024-07-05 21:15:00+00:00,400.0,0.25,50.0,1133.6085891032428,1133.6085891032428,111.15,1389.375,1133.6085891032428,0,1133.6085891032428
2024-07-05 21:30:00+00:00,400.0,0.25,50.0,1133.6085891032428,1133.6085891032428,107.54,1344.25,1133.6085891032428,0,1133.6085891032428
2024-07-05 21:45:00+00:00,400.0,0.25,50.0,1133.6085891032428,1133.6085891032428,111.15,1389.375,1133.6085891032428,0,1133.6085891032428
2024-07-05 22:00:00+00:00,400.0,0.25,50.0,1133.6085891032428,1133.6085891032428,111.15,1389.375,1133.6085891032428,0,1133.6085891032428
2024-07-05 22:15:00+00:00,400.0,0.25,50.0,1133.6085891032428,1133.6085891032428,107.07,1338.375,1133.6085891032428,0,1133.6085891032428
2024-07-05 22:30:00+00:00,400.0,0.25,50.0,1133.6085891032428,1133.6085891032428,107.07,1338.375,1133.6085891032428,0,1133.6085891032428
2024-07-05 22:45:00+00:00,400.0,0.25,50.0,1133.6085891032428,1133.6085891032428,107.07,1338.375,1133.6085891032428,0,1133.6085891032428
2024-07-05 23:00:00+00:00,400.0,0.25,50.0,1133.6085891032428,1133.6085891032428,107.07,1338.375,1133.6085891032428,0,1133.6085891032428
2024-07-05 23:15:00+00:00,400.0,0.25,50.0,1133.6085891032428,1133.6085891032428,185.83,2322.875,1133.6085891032428,0,1133.6085891032428
2024-07-05 23:30:00+00:00,400.0,0.25,50.0,1133.6085891032428,1133.6085891032428,185.83,2322.875,1133.6085891032428,0,1133.6085891032428
2024-07-05 23:45:00+00:00,400.0,0.25,50.0,1133.6085891032428,1133.6085891032428,163.95,2049.375,1133.6085891032428,0,1133.6085891032428
2024-07-06 00:00:00+00:00,400.0,0.25,50.0,1133.6085891032428,1133.6085891032428,163.95,2049.375,1133.6085891032428,0,1133.6085891032428
2024-07-06 00:15:00+00:00,400.0,0.25,50.0,1133.6085891032428,1133.6085891032428,196.73,2459.125,1133.6085891032428,0,1133.6085891032428
2024-07-06 00:30:00+00:00,400.0,0.25,50.0,1133.6085891032428,1133.6085891032428,196.73,2459.125,1133.6085891032428,0,1133.6085891032428
2024-07-06 00:45:00+00:00,400.0,0.25,50.0,1133.6085891032428,1133.6085891032428,196.73,2459.125,1133.6085891032428,0,1133.6085891032428
2024-07-06 01:00:00+00:00,400.0,0.25,50.0,1133.6085891032428,1133.6085891032428,196.73,2459.125,1133.6085891032428,0,1133.6085891032428
2024-07-06 01:15:00+00:00,400.0,0.25,50.0,1133.6085891032428,1133.6085891032428,195.63,2445.375,1133.6085891032428,0,1133.6085891032428
2024-07-06 01:30:00+00:00,400.0,0.25,50.0,1133.6085891032428,1133.6085891032428,195.63,2445.375,1133.6085891032428,0,1133.6085891032428
2024-07-06 01:45:00+00:00,400.0,0.25,50.0,1133.6085891032428,1133.6085891032428,195.63,2445.375,1133.6085891032428,0,1133.6085891032428
2024-07-06 02:00:00+00:00,400.0,0.25,50.0,1133.6085891032428,1133.6085891032428,223.28,2791.0,1133.6085891032428,0,1133.6085891032428
2024-07-06 02:15:00+00:00,400.0,0.25,50.0,1133.6085891032428,1133.6085891032428,253.06,3163.25,1133.6085891032428,0,1133.6085891032428
2024-07-06 02:30:00+00:00,400.0,0.25,50.0,1133.6085891032428,1133.6085891032428,253.06,3163.25,1133.6085891032428,0,1133.6085891032428
2024-07-06 02:45:00+00:00,400.0,0.25,50.0,1133.6085891032428,1133.6085891032428,253.06,3163.25,1133.6085891032428,0,1133.6085891032428
2024-07-06 03:00:00+00:00,400.0,0.25,50.0,1133.6085891032428,1133.6085891032428,253.06,3163.25,1133.6085891032428,0,1133.6085891032428
2024-07-06 03:15:00+00:00,400.0,0.25,50.0,1133.6085891032428,1133.6085891032428,1000.0,12500.0,1133.6085891032428,0,1133.6085891032428
2024-07-06 03:30:00+00:00,400.0,0.25,50.0,1133.6085891032428,1133.6085891032428,1000.0,12500.0,1133.6085891032428,0,1133.6085891032428
2024-07-06 03:45:00+00:00,400.0,0.25,50.0,1133.6085891032428,1133.6085891032428,1000.0,12500.0,1133.6085891032428,0,1133.6085891032428
2024-07-06 04:00:00+00:00,400.0,0.25,50.0,1133.6085891032428,1133.6085891032428,1000.0,12500.0,1133.6085891032428,0,1133.6085891032428
2024-07-06 04:15:00+00:00,400.0,0.25,50.0,1133.6085891032428,1133.6085891032428,1000.0,12500.0,1133.6085891032428,0,1133.6085891032428
2024-07-06 04:30:00+00:00,400.0,0.25,50.0,1133.6085891032428,1133.6085891032428,1000.0,12500.0,1133.6085891032428,0,1133.6085891032428
2024-07-06 04:45:00+00:00,400.0,0.25,50.0,1133.6085891032428,1133.6085891032428,1000.0,12500.0,1133.6085891032428,0,1133.6085891032428
2024-07-06 05:00:00+00:00,400.0,0.25,50.0,1133.6085891032428,1133.6085891032428,258.73,3234.125,1133.6085891032428,0,1133.6085891032428
2024-07-06 05:15:00+00:00,400.0,0.25,50.0,1133.6085891032428,1133.6085891032428,307.04,3838.0000000000005,1133.6085891032428,0,1133.6085891032428
2024-07-06 05:30:00+00:00,400.0,0.25,50.0,1133.6085891032428,1133.6085891032428,307.04,3838.0000000000005,1133.6085891032428,0,1133.6085891032428
2024-07-06 05:45:00+00:00,400.0,0.25,50.0,1133.6085891032428,1133.6085891032428,307.04,3838.0000000000005,1133.6085891032428,0,1133.6085891032428
2024-07-06 06:00:00+00:00,400.0,0.25,50.0,1133.6085891032428,1133.6085891032428,307.04,3838.0000000000005,1133.6085891032428,0,1133.6085891032428
2024-07-06 06:15:00+00:00,400.0,0.25,50.0,1133.6085891032428,1133.6085891032428,304.57,3807.125,1133.6085891032428,0,1133.6085891032428
2024-07-06 06:30:00+00:00,400.0,0.25,50.0,1133.6085891032428,1133.6085891032428,304.57,3807.125,1133.6085891032428,0,1133.6085891032428
2024-07-06 06:45:00+00:00,400.0,0.25,50.0,1133.6085891032428,1133.6085891032428,304.57,3807.125,1133.6085891032428,0,1133.6085891032428
2024-07-06 07:00:00+00:00,400.0,0.25,50.0,1133.6085891032428,1133.6085891032428,304.57,3807.125,1133.6085891032428,0,1133.6085891032428
2024-07-06 07:15:00+00:00,400.0,0.25,50.0,1133.6085891032428,1133.6085891032428,465.21,5815.125,1133.6085891032428,0,1133.6085891032428
2024-07-06 07:30:00+00:00,400.0,0.25,50.0,1133.6085891032428,1133.6085891032428,465.21,5815.125,1133.6085891032428,0,1133.6085891032428
2024-07-06 07:45:00+00:00,400.0,0.25,50.0,1133.6085891032428,1133.6085891032428,465.21,5815.125,1133.6085891032428,0,1133.6085891032428
2024-07-06 08:00:00+00:00,400.0,0.25,50.0,1133.6085891032428,1133.6085891032428,465.21,5815.125,1133.6085891032428,0,1133.6085891032428
2024-07-06 08:15:00+00:00,400.0,0.25,50.0,1133.6085891032428,1133.6085891032428,627.27,7840.875,1133.6085891032428,0,1133.6085891032428
2024-07-06 08:30:00+00:00,400.0,0.25,50.0,1133.6085891032428,1133.6085891032428,627.27,7840.875,1133.6085891032428,0,1133.6085891032428
2024-07-06 08:45:00+00:00,400.0,0.25,50.0,1133.6085891032428,1133.6085891032428,627.27,7840.875,1133.6085891032428,0,1133.6085891032428
2024-07-06 09:00:00+00:00,400.0,0.25,50.0,1133.6085891032428,1133.6085891032428,627.27,7840.875,1133.6085891032428,0,1133.6085891032428
2024-07-06 09:15:00+00:00,400.0,0.25,50.0,1133.6085891032428,1133.6085891032428,698.67,8733.375,1133.6085891032428,0,1133.6085891032428
2024-07-06 09:30:00+00:00,400.0,0.25,50.0,1133.6085891032428,1133.6085891032428,698.67,8733.375,1133.6085891032428,0,1133.6085891032428
2024-07-06 09:45:00+00:00,400.0,0.25,50.0,1133.6085891032428,1133.6085891032428,698.67,8733.375,1133.6085891032428,0,1133.6085891032428
2024-07-06 10:00:00+00:00,400.0,0.25,50.0,1133.6085891032428,1133.6085891032428,698.67,8733.375,1133.6085891032428,0,1133.6085891032428
2024-07-06 10:15:00+00:00,400.0,0.25,50.0,1133.6085891032428,1133.6085891032428,795.57,9944.625,1133.6085891032428,0,1133.6085891032428
2024-07-06 10:30:00+00:00,400.0,0.25,50.0,1133.6085891032428,1133.6085891032428,795.57,9944.625,1133.6085891032428,0,1133.6085891032428
2024-07-06 10:45:00+00:00,400.0,0.25,50.0,1133.6085891032428,1133.6085891032428,795.57,9944.625,1133.6085891032428,0,1133.6085891032428
2024-07-06 11:00:00+00:00,400.0,0.25,50.0,1133.6085891032428,1133.6085891032428,795.57,9944.625,1133.6085891032428,0,1133.6085891032428
2024-07-06 11:15:00+00:00,400.0,0.25,50.0,1133.6085891032428,1133.6085891032428,795.57,9944.625,1133.6085891032428,0,1133.6085891032428
2024-07-06 11:30:00+00:00,400.0,0.25,50.0,1133.6085891032428,1133.6085891032428,795.57,9944.625,1133.6085891032428,0,1133.6085891032428
2024-07-06 11:45:00+00:00,400.0,0.25,50.0,1133.6085891032428,1133.6085891032428,795.57,9944.625,1133.6085891032428,0,1133.6085891032428
2024-07-06 12:00:00+00:00,400.0,0.25,50.0,1133.6085891032428,1133.6085891032428,795.57,9944.625,1133.6085891032428,0,1133.6085891032428
2024-07-06 12:15:00+00:00,400.0,0.25,50.0,1133.6085891032428,1133.6085891032428,795.57,9944.625,1133.6085891032428,0,1133.6085891032428
2024-07-06 12:30:00+00:00,400.0,0.25,50.0,1133.6085891032428,1133.6085891032428,795.57,9944.625,1133.6085891032428,0,1133.6085891032428
2024-07-06 12:45:00+00:00,400.0,0.25,50.0,1133.6085891032428,1133.6085891032428,795.57,9944.625,1133.6085891032428,0,1133.6085891032428
2024-07-06 13:00:00+00:00,400.0,0.25,50.0,1133.6085891032428,1133.6085891032428,795.57,9944.625,1133.6085891032428,0,1133.6085891032428
2024-07-06 13:15:00+00:00,400.0,0.25,50.0,1133.6085891032428,1133.6085891032428,706.73,8834.125,1133.6085891032428,0,1133.6085891032428
2024-07-06 13:30:00+00:00,400.0,0.25,50.0,1133.6085891032428,1133.6085891032428,706.73,8834.125,1133.6085891032428,0,1133.6085891032428
2024-07-06 13:45:00+00:00,400.0,0.25,50.0,1133.6085891032428,1133.6085891032428,739.47,9243.375,1133.6085891032428,0,1133.6085891032428
2024-07-06 14:00:00+00:00,400.0,0.25,50.0,1133.6085891032428,1133.6085891032428,739.47,9243.375,1133.6085891032428,0,1133.6085891032428
2024-07-06 14:15:00+00:00,400.0,0.25,50.0,1133.6085891032428,1133.6085891032428,617.07,7713.375000000001,1133.6085891032428,0,1133.6085891032428
2024-07-06 14:30:00+00:00,400.0,0.25,50.0,1133.6085891032428,1133.6085891032428,617.07,7713.375000000001,1133.6085891032428,0,1133.6085891032428
2024-07-06 14:45:00+00:00,400.0,0.25,50.0,1133.6085891032428,1133.6085891032428,617.07,7713.375000000001,1133.6085891032428,0,1133.6085891032428
2024-07-06 15:00:00+00:00,400.0,0.25,50.0,1133.6085891032428,1133.6085891032428,617.07,7713.375000000001,1133.6085891032428,0,1133.6085891032428
2024-07-06 15:15:00+00:00,400.0,0.25,50.0,1133.6085891032428,1133.6085891032428,563.41,7042.625,1133.6085891032428,0,1133.6085891032428
2024-07-06 15:30:00+00:00,400.0,0.25,50.0,1133.6085891032428,1133.6085891032428,563.41,7042.625,1133.6085891032428,0,1133.6085891032428
2024-07-06 15:45:00+00:00,400.0,0.25,50.0,1133.6085891032428,1133.6085891032428,563.41,7042.625,1133.6085891032428,0,1133.6085891032428
2024-07-06 16:00:00+00:00,400.0,0.25,50.0,1133.6085891032428,1133.6085891032428,563.41,7042.625,1133.6085891032428,0,1133.6085891032428
2024-07-06 16:15:00+00:00,400.0,0.25,50.0,1133.6085891032428,1133.6085891032428,563.41,7042.625,1133.6085891032428,0,1133.6085891032428
2024-07-06 16:30:00+00:00,400.0,0.25,50.0,1133.6085891032428,1133.6085891032428,290.3,3628.75,1133.6085891032428,0,1133.6085891032428
2024-07-06 16:45:00+00:00,400.0,0.25,50.0,1133.6085891032428,1133.6085891032428,290.3,3628.75,1133.6085891032428,0,1133.6085891032428
2024-07-06 17:00:00+00:00,400.0,0.25,50.0,1133.6085891032428,1133.6085891032428,290.3,3628.75,1133.6085891032428,0,1133.6085891032428
2024-07-06 17:15:00+00:00,400.0,0.25,50.0,1133.6085891032428,1133.6085891032428,1000.0,12500.0,1133.6085891032428,0,1133.6085891032428
2024-07-06 17:30:00+00:00,400.0,0.25,50.0,1133.6085891032428,1133.6085891032428,1000.0,12500.0,1133.6085891032428,0,1133.6085891032428
2024-07-06 17:45:00+00:00,400.0,0.25,50.0,1133.6085891032428,1133.6085891032428,1000.0,12500.0,1133.6085891032428,0,1133.6085891032428
2024-07-06 18:00:00+00:00,400.0,0.25,50.0,1133.6085891032428,1133.6085891032428,1000.0,12500.0,1133.6085891032428,0,1133.6085891032428
2024-07-06 18:15:00+00:00,400.0,0.25,50.0,1133.6085891032428,1133.6085891032428,1000.0,12500.0,1133.6085891032428,0,1133.6085891032428
2024-07-06 18:30:00+00:00,400.0,0.25,50.0,1133.6085891032428,1133.6085891032428,1000.0,12500.0,1133.6085891032428,0,1133.6085891032428
2024-07-06 18:45:00+00:00,400.0,0.25,50.0,1133.6085891032428,1133.6085891032428,1000.0,12500.0,1133.6085891032428,0,1133.6085891032428
2024-07-06 19:00:00+00:00,400.0,0.25,50.0,1133.6085891032428,1133.6085891032428,1000.0,12500.0,1133.6085891032428,0,1133.6085891032428
2024-07-06 19:15:00+00:00,400.0,0.25,50.0,1133.6085891032428,1133.6085891032428,1000.0,12500.0,1133.6085891032428,0,1133.6085891032428
2024-07-06 19:30:00+00:00,400.0,0.25,50.0,1133.6085891032428,1133.6085891032428,1000.0,12500.0,1133.6085891032428,0,1133.6085891032428
2024-07-06 19:45:00+00:00,400.0,0.25,50.0,1133.6085891032428,1133.6085891032428,1000.0,12500.0,1133.6085891032428,0,1133.6085891032428
2024-07-06 20:00:00+00:00,400.0,0.25,50.0,1133.6085891032428,1133.6085891032428,1000.0,12500.0,1133.6085891032428,0,1133.6085891032428
2024-07-06 20:15:00+00:00,400.0,0.25,50.0,1133.6085891032428,1133.6085891032428,1000.0,12500.0,1133.6085891032428,0,1133.6085891032428
2024-07-06 20:30:00+00:00,400.0,0.25,50.0,1133.6085891032428,1133.6085891032428,1000.0,12500.0,1133.6085891032428,0,1133.6085891032428
2024-07-06 20:45:00+00:00,400.0,0.25,50.0,1133.6085891032428,1133.6085891032428,1000.0,12500.0,1133.6085891032428,0,1133.6085891032428
2024-07-06 21:00:00+00:00,400.0,0.25,50.0,1133.6085891032428,1133.6085891032428,1000.0,12500.0,1133.6085891032428,0,1133.6085891032428
2024-07-06 21:15:00+00:00,400.0,0.25,50.0,1133.6085891032428,1133.6085891032428,1000.0,12500.0,1133.6085891032428,0,1133.6085891032428
2024-07-06 21:30:00+00:00,400.0,0.25,50.0,1133.6085891032428,1133.6085891032428,1000.0,12500.0,1133.6085891032428,0,1133.6085891032428
2024-07-06 21:45:00+00:00,400.0,0.25,50.0,1133.6085891032428,1133.6085891032428,1000.0,12500.0,1133.6085891032428,0,1133.6085891032428
2024-07-06 22:00:00+00:00,400.0,0.25,50.0,1133.6085891032428,1133.6085891032428,260.86,3260.75,1133.6085891032428,0,1133.6085891032428
2024-07-06 22:15:00+00:00,400.0,0.25,50.0,1133.6085891032428,1133.6085891032428,311.08,3888.5,1133.6085891032428,0,1133.6085891032428
2024-07-06 22:30:00+00:00,400.0,0.25,50.0,1133.6085891032428,1133.6085891032428,311.08,3888.5,1133.6085891032428,0,1133.6085891032428
2024-07-06 22:45:00+00:00,400.0,0.25,50.0,1133.6085891032428,1133.6085891032428,311.08,3888.5,1133.6085891032428,0,1133.6085891032428
2024-07-06 23:00:00+00:00,400.0,0.25,50.0,1133.6085891032428,1133.6085891032428,311.08,3888.5,1133.6085891032428,0,1133.6085891032428
2024-07-06 23:15:00+00:00,400.0,0.25,50.0,1133.6085891032428,1133.6085891032428,307.0,3837.5,1133.6085891032428,0,1133.6085891032428
2024-07-06 23:30:00+00:00,400.0,0.25,50.0,1133.6085891032428,1133.6085891032428,307.0,3837.5,1133.6085891032428,0,1133.6085891032428
2024-07-06 23:45:00+00:00,400.0,0.25,50.0,1133.6085891032428,1133.6085891032428,307.0,3837.5,1133.6085891032428,0,1133.6085891032428
2024-07-07 00:00:00+00:00,400.0,0.25,50.0,1133.6085891032428,1133.6085891032428,307.0,3837.5,1133.6085891032428,0,1133.6085891032428
2024-07-07 00:15:00+00:00,400.0,0.25,50.0,1133.6085891032428,1133.6085891032428,292.71,3658.8749999999995,1133.6085891032428,0,1133.6085891032428
2024-07-07 00:30:00+00:00,400.0,0.25,50.0,1133.6085891032428,1133.6085891032428,292.71,3658.8749999999995,1133.6085891032428,0,1133.6085891032428
2024-07-07 00:45:00+00:00,400.0,0.25,50.0,1133.6085891032428,1133.6085891032428,292.71,3658.8749999999995,1133.6085891032428,0,1133.6085891032428
2024-07-07 01:00:00+00:00,400.0,0.25,50.0,1133.6085891032428,1133.6085891032428,292.71,3658.8749999999995,1133.6085891032428,0,1133.6085891032428
2024-07-07 01:15:00+00:00,400.0,0.25,50.0,1133.6085891032428,1133.6085891032428,288.64,3608.0,1133.6085891032428,0,1133.6085891032428
2024-07-07 01:30:00+00:00,400.0,0.25,50.0,1133.6085891032428,1133.6085891032428,288.64,3608.0,1133.6085891032428,0,1133.6085891032428
2024-07-07 01:45:00+00:00,400.0,0.25,50.0,1133.6085891032428,1133.6085891032428,288.64,3608.0,1133.6085891032428,0,1133.6085891032428
2024-07-07 02:00:00+00:00,400.0,0.25,50.0,1133.6085891032428,1133.6085891032428,288.64,3608.0,1133.6085891032428,0,1133.6085891032428
2024-07-07 02:15:00+00:00,400.0,0.25,50.0,1133.6085891032428,1133.6085891032428,286.6,3582.5000000000005,1133.6085891032428,0,1133.6085891032428
2024-07-07 02:30:00+00:00,400.0,0.25,50.0,1133.6085891032428,1133.6085891032428,286.6,3582.5000000000005,1133.6085891032428,0,1133.6085891032428
2024-07-07 02:45:00+00:00,400.0,0.25,50.0,1133.6085891032428,1133.6085891032428,286.6,3582.5000000000005,1133.6085891032428,0,1133.6085891032428
2024-07-07 03:00:00+00:00,400.0,0.25,50.0,1133.6085891032428,1133.6085891032428,286.6,3582.5000000000005,1133.6085891032428,0,1133.6085891032428
2024-07-07 03:15:00+00:00,400.0,0.25,50.0,1133.6085891032428,1133.6085891032428,290.67,3633.375,1133.6085891032428,0,1133.6085891032428
2024-07-07 03:30:00+00:00,400.0,0.25,50.0,1133.6085891032428,1133.6085891032428,290.67,3633.375,1133.6085891032428,0,1133.6085891032428
2024-07-07 03:45:00+00:00,400.0,0.25,50.0,1133.6085891032428,1133.6085891032428,290.67,3633.375,1133.6085891032428,0,1133.6085891032428
2024-07-07 04:00:00+00:00,400.0,0.25,50.0,1133.6085891032428,1133.6085891032428,290.67,3633.375,1133.6085891032428,0,1133.6085891032428
2024-07-07 04:15:00+00:00,400.0,0.25,50.0,1133.6085891032428,1133.6085891032428,290.67,3633.375,1133.6085891032428,0,1133.6085891032428
2024-07-07 04:30:00+00:00,400.0,0.25,50.0,1133.6085891032428,1133.6085891032428,290.67,3633.375,1133.6085891032428,0,1133.6085891032428
2024-07-07 04:45:00+00:00,400.0,0.25,50.0,1133.6085891032428,1133.6085891032428,290.67,3633.375,1133.6085891032428,0,1133.6085891032428
2024-07-07 05:00:00+00:00,400.0,0.25,50.0,1133.6085891032428,1133.6085891032428,290.67,3633.375,1133.6085891032428,0,1133.6085891032428
2024-07-07 05:15:00+00:00,400.0,0.25,50.0,1133.6085891032428,1133.6085891032428,332.85,4160.625,1133.6085891032428,0,1133.6085891032428
2024-07-07 05:30:00+00:00,400.0,0.25,50.0,1133.6085891032428,1133.6085891032428,332.85,4160.625,1133.6085891032428,0,1133.6085891032428
2024-07-07 05:45:00+00:00,400.0,0.25,50.0,1133.6085891032428,1133.6085891032428,332.85,4160.625,1133.6085891032428,0,1133.6085891032428
2024-07-07 06:00:00+00:00,400.0,0.25,50.0,1133.6085891032428,1133.6085891032428,332.85,4160.625,1133.6085891032428,0,1133.6085891032428
2024-07-07 06:15:00+00:00,400.0,0.25,50.0,1133.6085891032428,1133.6085891032428,379.85,4748.125,1133.6085891032428,0,1133.6085891032428
2024-07-07 06:30:00+00:00,400.0,0.25,50.0,1133.6085891032428,1133.6085891032428,379.85,4748.125,1133.6085891032428,0,1133.6085891032428
2024-07-07 06:45:00+00:00,400.0,0.25,50.0,1133.6085891032428,1133.6085891032428,379.85,4748.125,1133.6085891032428,0,1133.6085891032428
2024-07-07 07:00:00+00:00,400.0,0.25,50.0,1133.6085891032428,1133.6085891032428,379.85,4748.125,1133.6085891032428,0,1133.6085891032428
2024-07-07 07:15:00+00:00,400.0,0.25,50.0,1133.6085891032428,1133.6085891032428,464.07,5800.875,1133.6085891032428,0,1133.6085891032428
2024-07-07 07:30:00+00:00,400.0,0.25,50.0,1133.6085891032428,1133.6085891032428,464.07,5800.875,1133.6085891032428,0,1133.6085891032428
2024-07-07 07:45:00+00:00,400.0,0.25,50.0,1133.6085891032428,1133.6085891032428,464.07,5800.875,1133.6085891032428,0,1133.6085891032428
2024-07-07 08:00:00+00:00,400.0,0.25,50.0,1133.6085891032428,1133.6085891032428,464.07,5800.875,1133.6085891032428,0,1133.6085891032428
2024-07-07 08:15:00+00:00,400.0,0.25,50.0,1133.6085891032428,1133.6085891032428,501.27,6265.875,1133.6085891032428,0,1133.6085891032428
2024-07-07 08:30:00+00:00,400.0,0.25,50.0,1133.6085891032428,1133.6085891032428,501.27,6265.875,1133.6085891032428,0,1133.6085891032428
2024-07-07 08:45:00+00:00,400.0,0.25,50.0,1133.6085891032428,1133.6085891032428,501.27,6265.875,1133.6085891032428,0,1133.6085891032428
2024-07-07 09:00:00+00:00,400.0,0.25,50.0,1133.6085891032428,1133.6085891032428,501.27,6265.875,1133.6085891032428,0,1133.6085891032428
2024-07-07 09:15:00+00:00,400.0,0.25,50.0,1133.6085891032428,1133.6085891032428,515.79,6447.375,1133.6085891032428,0,1133.6085891032428
2024-07-07 09:30:00+00:00,400.0,0.25,50.0,1133.6085891032428,1133.6085891032428,515.79,6447.375,1133.6085891032428,0,1133.6085891032428
2024-07-07 09:45:00+00:00,400.0,0.25,50.0,1133.6085891032428,1133.6085891032428,515.79,6447.375,1133.6085891032428,0,1133.6085891032428
2024-07-07 10:00:00+00:00,400.0,0.25,50.0,1133.6085891032428,1133.6085891032428,515.79,6447.375,1133.6085891032428,0,1133.6085891032428
2024-07-07 10:15:00+00:00,400.0,0.25,50.0,1133.6085891032428,1133.6085891032428,520.19,6502.375000000001,1133.6085891032428,0,1133.6085891032428
2024-07-07 10:30:00+00:00,400.0,0.25,50.0,1133.6085891032428,1133.6085891032428,520.19,6502.375000000001,1133.6085891032428,0,1133.6085891032428
2024-07-07 10:45:00+00:00,400.0,0.25,50.0,1133.6085891032428,1133.6085891032428,520.19,6502.375000000001,1133.6085891032428,0,1133.6085891032428
2024-07-07 11:00:00+00:00,400.0,0.25,50.0,1133.6085891032428,1133.6085891032428,520.19,6502.375000000001,1133.6085891032428,0,1133.6085891032428
2024-07-07 11:15:00+00:00,400.0,0.25,50.0,1133.6085891032428,1133.6085891032428,518.29,6478.625,1133.6085891032428,0,1133.6085891032428
2024-07-07 11:30:00+00:00,400.0,0.25,50.0,1133.6085891032428,1133.6085891032428,518.29,6478.625,1133.6085891032428,0,1133.6085891032428
2024-07-07 11:45:00+00:00,400.0,0.25,50.0,1133.6085891032428,1133.6085891032428,518.29,6478.625,1133.6085891032428,0,1133.6085891032428
2024-07-07 12:00:00+00:00,400.0,0.25,50.0,1133.6085891032428,1133.6085891032428,518.29,6478.625,1133.6085891032428,0,1133.6085891032428
2024-07-07 12:15:00+00:00,400.0,0.25,50.0,1133.6085891032428,1133.6085891032428,509.72,6371.5,1133.6085891032428,0,1133.6085891032428
2024-07-07 12:30:00+00:00,400.0,0.25,50.0,1133.6085891032428,1133.6085891032428,509.72,6371.5,1133.6085891032428,0,1133.6085891032428
2024-07-07 12:45:00+00:00,400.0,0.25,50.0,1133.6085891032428,1133.6085891032428,509.72,6371.5,1133.6085891032428,0,1133.6085891032428
2024-07-07 13:00:00+00:00,400.0,0.25,50.0,1133.6085891032428,1133.6085891032428,509.72,6371.5,1133.6085891032428,0,1133.6085891032428
2024-07-07 13:15:00+00:00,400.0,0.25,50.0,1133.6085891032428,1133.6085891032428,447.07,5588.375,1133.6085891032428,0,1133.6085891032428
2024-07-07 13:30:00+00:00,400.0,0.25,50.0,1133.6085891032428,1133.6085891032428,447.07,5588.375,1133.6085891032428,0,1133.6085891032428
2024-07-07 13:45:00+00:00,400.0,0.25,50.0,1133.6085891032428,1133.6085891032428,447.07,5588.375,1133.6085891032428,0,1133.6085891032428
2024-07-07 14:00:00+00:00,400.0,0.25,50.0,1133.6085891032428,1133.6085891032428,447.07,5588.375,1133.6085891032428,0,1133.6085891032428
2024-07-07 14:15:00+00:00,400.0,0.25,50.0,1133.6085891032428,1133.6085891032428,331.31,4141.375,1133.6085891032428,0,1133.6085891032428
2024-07-07 14:30:00+00:00,400.0,0.25,50.0,1133.6085891032428,1133.6085891032428,331.31,4141.375,1133.6085891032428,0,1133.6085891032428
2024-07-07 14:45:00+00:00,400.0,0.25,50.0,1133.6085891032428,1133.6085891032428,331.31,4141.375,1133.6085891032428,0,1133.6085891032428
2024-07-07 15:00:00+00:00,400.0,0.25,50.0,1133.6085891032428,1133.6085891032428,331.31,4141.375,1133.6085891032428,0,1133.6085891032428
2024-07-07 15:15:00+00:00,400.0,0.25,50.0,1133.6085891032428,1133.6085891032428,171.08,2138.5,1133.6085891032428,0,1133.6085891032428
2024-07-07 15:30:00+00:00,400.0,0.25,50.0,1133.6085891032428,1133.6085891032428,171.08,2138.5,1133.6085891032428,0,1133.6085891032428
2024-07-07 15:45:00+00:00,400.0,0.25,50.0,1133.6085891032428,1133.6085891032428,171.08,2138.5,1133.6085891032428,0,1133.6085891032428
2024-07-07 16:00:00+00:00,400.0,0.25,50.0,1133.6085891032428,1133.6085891032428,151.08,1888.5000000000002,1133.6085891032428,0,1133.6085891032428
2024-07-07 16:15:00+00:00,400.0,0.25,50.0,1133.6085891032428,1133.6085891032428,94.61,1182.625,1133.6085891032428,0,1133.6085891032428
2024-07-07 16:30:00+00:00,400.0,0.25,50.0,1133.6085891032428,1133.6085891032428,94.61,1182.625,1133.6085891032428,0,1133.6085891032428
2024-07-07 16:45:00+00:00,400.0,0.25,50.0,1133.6085891032428,1133.6085891032428,94.61,1182.625,1133.6085891032428,0,1133.6085891032428
2024-07-07 17:00:00+00:00,400.0,0.25,50.0,1133.6085891032428,1133.6085891032428,94.61,1182.625,1133.6085891032428,0,1133.6085891032428
2024-07-07 17:15:00+00:00,400.0,0.25,50.0,1133.6085891032428,1133.6085891032428,57.93,724.125,724.125,1,724.125
2024-07-07 17:30:00+00:00,400.0,0.25,50.0,1133.6085891032428,1133.6085891032428,57.93,724.125,724.125,1,724.125
2024-07-07 17:45:00+00:00,400.0,0.25,50.0,1133.6085891032428,1133.6085891032428,57.93,724.125,724.125,1,724.125
2024-07-07 18:00:00+00:00,400.0,0.25,50.0,1133.6085891032428,1133.6085891032428,37.49,468.625,468.625,1,468.625
2024-07-07 18:15:00+00:00,400.0,0.25,50.0,1133.6085891032428,1133.6085891032428,15.46,193.25,193.25,1,193.25
2024-07-07 18:30:00+00:00,400.0,0.25,50.0,1133.6085891032428,1133.6085891032428,73.38,917.25,917.25,1,917.25
2024-07-07 18:45:00+00:00,400.0,0.25,50.0,1133.6085891032428,1133.6085891032428,73.38,917.25,917.25,1,917.25
2024-07-07 19:00:00+00:00,400.0,0.25,50.0,1133.6085891032428,1133.6085891032428,73.38,917.25,917.25,1,917.25
2024-07-07 19:15:00+00:00,400.0,0.25,50.0,1133.6085891032428,1133.6085891032428,71.76,897.0000000000001,897.0000000000001,1,897.0000000000001
2024-07-07 19:30:00+00:00,400.0,0.25,50.0,1133.6085891032428,1133.6085891032428,71.76,897.0000000000001,897.0000000000001,1,897.0000000000001
2024-07-07 19:45:00+00:00,400.0,0.25,50.0,1133.6085891032428,1133.6085891032428,71.76,897.0000000000001,897.0000000000001,1,897.0000000000001
2024-07-07 20:00:00+00:00,400.0,0.25,50.0,1133.6085891032428,1133.6085891032428,71.76,897.0000000000001,897.0000000000001,1,897.0000000000001
2024-07-07 20:15:00+00:00,400.0,0.25,50.0,1133.6085891032428,1133.6085891032428,66.75,834.375,834.375,1,834.375
2024-07-07 20:30:00+00:00,400.0,0.25,50.0,1133.6085891032428,1133.6085891032428,66.75,834.375,834.375,1,834.375
2024-07-07 20:45:00+00:00,400.0,0.25,50.0,1133.6085891032428,1133.6085891032428,86.75,1084.375,1084.375,1,1084.375
2024-07-07 21:00:00+00:00,400.0,0.25,50.0,1133.6085891032428,1133.6085891032428,66.75,834.375,834.375,1,834.375
2024-07-07 21:15:00+00:00,400.0,0.25,50.0,1133.6085891032428,1133.6085891032428,53.11,663.875,663.875,1,663.875
2024-07-07 21:30:00+00:00,400.0,0.25,50.0,1133.6085891032428,1133.6085891032428,53.11,663.875,663.875,1,663.875
2024-07-07 21:45:00+00:00,400.0,0.25,50.0,1133.6085891032428,1133.6085891032428,53.11,663.875,663.875,1,663.875
2024-07-07 22:00:00+00:00,400.0,0.25,50.0,1133.6085891032428,1133.6085891032428,53.11,663.875,663.875,1,663.875
2024-07-07 22:15:00+00:00,400.0,0.25,50.0,1133.6085891032428,1133.6085891032428,103.07,1288.375,1133.6085891032428,0,1133.6085891032428
2024-07-07 22:30:00+00:00,400.0,0.25,50.0,1133.6085891032428,1133.6085891032428,103.07,1288.375,1133.6085891032428,0,1133.6085891032428
2024-07-07 22:45:00+00:00,400.0,0.25,50.0,1133.6085891032428,1133.6085891032428,103.07,1288.375,1133.6085891032428,0,1133.6085891032428
2024-07-07 23:00:00+00:00,400.0,0.25,50.0,1133.6085891032428,1133.6085891032428,103.07,1288.375,1133.6085891032428,0,1133.6085891032428
2024-07-07 23:15:00+00:00,400.0,0.25,50.0,1133.6085891032428,1133.6085891032428,113.07,1413.375,1133.6085891032428,0,1133.6085891032428
2024-07-07 23:30:00+00:00,400.0,0.25,50.0,1133.6085891032428,1133.6085891032428,113.07,1413.375,1133.6085891032428,0,1133.6085891032428
2024-07-07 23:45:00+00:00,400.0,0.25,50.0,1133.6085891032428,1133.6085891032428,88.91,1111.375,1111.375,1,1111.375
2024-07-08 00:00:00+00:00,400.0,0.25,50.0,1133.6085891032428,1133.6085891032428,113.07,1413.375,1133.6085891032428,0,1133.6085891032428
2024-07-08 00:15:00+00:00,400.0,0.25,50.0,1133.6085891032428,1133.6085891032428,1000.0,12500.0,1133.6085891032428,0,1133.6085891032428
2024-07-08 00:30:00+00:00,400.0,0.25,50.0,1133.6085891032428,1133.6085891032428,1000.0,12500.0,1133.6085891032428,0,1133.6085891032428
2024-07-08 00:45:00+00:00,400.0,0.25,50.0,1133.6085891032428,1133.6085891032428,1000.0,12500.0,1133.6085891032428,0,1133.6085891032428
2024-07-08 01:00:00+00:00,400.0,0.25,50.0,1133.6085891032428,1133.6085891032428,1000.0,12500.0,1133.6085891032428,0,1133.6085891032428
2024-07-08 01:15:00+00:00,400.0,0.25,50.0,1133.6085891032428,1133.6085891032428,61.8,772.5,772.5,1,772.5
2024-07-08 01:30:00+00:00,400.0,0.25,50.0,1133.6085891032428,1133.6085891032428,61.8,772.5,772.5,1,772.5
2024-07-08 01:45:00+00:00,400.0,0.25,50.0,1133.6085891032428,1133.6085891032428,61.8,772.5,772.5,1,772.5
2024-07-08 02:00:00+00:00,400.0,0.25,50.0,1133.6085891032428,1133.6085891032428,61.8,772.5,772.5,1,772.5
2024-07-08 02:15:00+00:00,400.0,0.25,50.0,1133.6085891032428,1133.6085891032428,66.36,829.5,829.5,1,829.5
2024-07-08 02:30:00+00:00,400.0,0.25,50.0,1133.6085891032428,1133.6085891032428,66.36,829.5,829.5,1,829.5
2024-07-08 02:45:00+00:00,400.0,0.25,50.0,1133.6085891032428,1133.6085891032428,66.36,829.5,829.5,1,829.5
2024-07-08 03:00:00+00:00,400.0,0.25,50.0,1133.6085891032428,1133.6085891032428,66.36,829.5,829.5,1,829.5
2024-07-08 03:15:00+00:00,400.0,0.25,50.0,1133.6085891032428,1133.6085891032428,43.27,540.875,540.875,1,540.875
2024-07-08 03:30:00+00:00,400.0,0.25,50.0,1133.6085891032428,1133.6085891032428,30.72,384.0,384.0,1,384.0
2024-07-08 03:45:00+00:00,400.0,0.25,50.0,1133.6085891032428,1133.6085891032428,30.72,384.0,384.0,1,384.0
2024-07-08 04:00:00+00:00,400.0,0.25,50.0,1133.6085891032428,1133.6085891032428,43.27,540.875,540.875,1,540.875
2024-07-08 04:15:00+00:00,400.0,0.25,50.0,1133.6085891032428,1133.6085891032428,1000.0,12500.0,1133.6085891032428,0,1133.6085891032428
2024-07-08 04:30:00+00:00,400.0,0.25,50.0,1133.6085891032428,1133.6085891032428,60.91,761.375,761.375,1,761.375
2024-07-08 04:45:00+00:00,400.0,0.25,50.0,1133.6085891032428,1133.6085891032428,60.91,761.375,761.375,1,761.375
2024-07-08 05:00:00+00:00,400.0,0.25,50.0,1133.6085891032428,1133.6085891032428,1000.0,12500.0,1133.6085891032428,0,1133.6085891032428
2024-07-08 05:15:00+00:00,400.0,0.25,50.0,1133.6085891032428,1133.6085891032428,1000.0,12500.0,1133.6085891032428,0,1133.6085891032428
2024-07-08 05:30:00+00:00,400.0,0.25,50.0,1133.6085891032428,1133.6085891032428,60.91,761.375,761.375,1,761.375
2024-07-08 05:45:00+00:00,400.0,0.25,50.0,1133.6085891032428,1133.6085891032428,60.91,761.375,761.375,1,761.375
2024-07-08 06:00:00+00:00,400.0,0.25,50.0,1133.6085891032428,1133.6085891032428,60.91,761.375,761.375,1,761.375
2024-07-08 06:15:00+00:00,400.0,0.25,50.0,1133.6085891032428,1133.6085891032428,49.54,619.25,619.25,1,619.25
2024-07-08 06:30:00+00:00,400.0,0.25,50.0,1133.6085891032428,1133.6085891032428,49.54,619.25,619.25,1,619.25
2024-07-08 06:45:00+00:00,400.0,0.25,50.0,1133.6085891032428,1133.6085891032428,49.54,619.25,619.25,1,619.25
2024-07-08 07:00:00+00:00,400.0,0.25,50.0,1133.6085891032428,1133.6085891032428,1000.0,12500.0,1133.6085891032428,0,1133.6085891032428
2024-07-08 07:15:00+00:00,400.0,0.25,50.0,1133.6085891032428,1133.6085891032428,92.0,1150.0,1133.6085891032428,0,1133.6085891032428
2024-07-08 07:30:00+00:00,400.0,0.25,50.0,1133.6085891032428,1133.6085891032428,92.0,1150.0,1133.6085891032428,0,1133.6085891032428
2024-07-08 07:45:00+00:00,400.0,0.25,50.0,1133.6085891032428,1133.6085891032428,92.0,1150.0,1133.6085891032428,0,1133.6085891032428
2024-07-08 08:00:00+00:00,400.0,0.25,50.0,1133.6085891032428,1133.6085891032428,92.0,1150.0,1133.6085891032428,0,1133.6085891032428
2024-07-08 08:15:00+00:00,400.0,0.25,50.0,1133.6085891032428,1133.6085891032428,170.17,2127.125,1133.6085891032428,0,1133.6085891032428
2024-07-08 08:30:00+00:00,400.0,0.25,50.0,1133.6085891032428,1133.6085891032428,170.17,2127.125,1133.6085891032428,0,1133.6085891032428
2024-07-08 08:45:00+00:00,400.0,0.25,50.0,1133.6085891032428,1133.6085891032428,170.17,2127.125,1133.6085891032428,0,1133.6085891032428
2024-07-08 09:00:00+00:00,400.0,0.25,50.0,1133.6085891032428,1133.6085891032428,170.17,2127.125,1133.6085891032428,0,1133.6085891032428
2024-07-08 09:15:00+00:00,400.0,0.25,50.0,1133.6085891032428,1133.6085891032428,184.96,2312.0,1133.6085891032428,0,1133.6085891032428
2024-07-08 09:30:00+00:00,400.0,0.25,50.0,1133.6085891032428,1133.6085891032428,184.96,2312.0,1133.6085891032428,0,1133.6085891032428
2024-07-08 09:45:00+00:00,400.0,0.25,50.0,1133.6085891032428,1133.6085891032428,184.96,2312.0,1133.6085891032428,0,1133.6085891032428
2024-07-08 10:00:00+00:00,400.0,0.25,50.0,1133.6085891032428,1133.6085891032428,184.96,2312.0,1133.6085891032428,0,1133.6085891032428
2024-07-08 10:15:00+00:00,400.0,0.25,50.0,1133.6085891032428,1133.6085891032428,184.5,2306.25,1133.6085891032428,0,1133.6085891032428
2024-07-08 10:30:00+00:00,400.0,0.25,50.0,1133.6085891032428,1133.6085891032428,184.5,2306.25,1133.6085891032428,0,1133.6085891032428
2024-07-08 10:45:00+00:00,400.0,0.25,50.0,1133.6085891032428,1133.6085891032428,184.5,2306.25,1133.6085891032428,0,1133.6085891032428
2024-07-08 11:00:00+00:00,400.0,0.25,50.0,1133.6085891032428,1133.6085891032428,184.5,2306.25,1133.6085891032428,0,1133.6085891032428
2024-07-08 11:15:00+00:00,400.0,0.25,50.0,1133.6085891032428,1133.6085891032428,163.02,2037.7500000000002,1133.6085891032428,0,1133.6085891032428
2024-07-08 11:30:00+00:00,400.0,0.25,50.0,1133.6085891032428,1133.6085891032428,163.02,2037.7500000000002,1133.6085891032428,0,1133.6085891032428
2024-07-08 11:45:00+00:00,400.0,0.25,50.0,1133.6085891032428,1133.6085891032428,163.02,2037.7500000000002,1133.6085891032428,0,1133.6085891032428
2024-07-08 12:00:00+00:00,400.0,0.25,50.0,1133.6085891032428,1133.6085891032428,163.02,2037.7500000000002,1133.6085891032428,0,1133.6085891032428
2024-07-08 12:15:00+00:00,400.0,0.25,50.0,1133.6085891032428,1133.6085891032428,109.22,1365.25,1133.6085891032428,0,1133.6085891032428
2024-07-08 12:30:00+00:00,400.0,0.25,50.0,1133.6085891032428,1133.6085891032428,109.22,1365.25,1133.6085891032428,0,1133.6085891032428
2024-07-08 12:45:00+00:00,400.0,0.25,50.0,1133.6085891032428,1133.6085891032428,109.22,1365.25,1133.6085891032428,0,1133.6085891032428
2024-07-08 13:00:00+00:00,400.0,0.25,50.0,1133.6085891032428,1133.6085891032428,109.22,1365.25,1133.6085891032428,0,1133.6085891032428
2024-07-08 13:15:00+00:00,400.0,0.25,50.0,1133.6085891032428,1133.6085891032428,55.02,687.75,687.75,1,687.75
2024-07-08 13:30:00+00:00,400.0,0.25,50.0,1133.6085891032428,1133.6085891032428,55.02,687.75,687.75,1,687.75
2024-07-08 13:45:00+00:00,400.0,0.25,50.0,1133.6085891032428,1133.6085891032428,90.62,1132.75,1132.75,1,1132.75
2024-07-08 14:00:00+00:00,400.0,0.25,50.0,1133.6085891032428,1133.6085891032428,90.62,1132.75,1132.75,1,1132.75
2024-07-08 14:15:00+00:00,400.0,0.25,50.0,1133.6085891032428,1133.6085891032428,63.27,790.875,790.875,1,790.875
2024-07-08 14:30:00+00:00,400.0,0.25,50.0,1133.6085891032428,1133.6085891032428,63.27,790.875,790.875,1,790.875
2024-07-08 14:45:00+00:00,400.0,0.25,50.0,1133.6085891032428,1133.6085891032428,43.27,540.875,540.875,1,540.875
2024-07-08 15:00:00+00:00,400.0,0.25,50.0,1133.6085891032428,1133.6085891032428,43.27,540.875,540.875,1,540.875
2024-07-08 15:15:00+00:00,400.0,0.25,50.0,1133.6085891032428,1133.6085891032428,74.98,937.25,937.25,1,937.25
2024-07-08 15:30:00+00:00,400.0,0.25,50.0,1133.6085891032428,1133.6085891032428,74.98,937.25,937.25,1,937.25
2024-07-08 15:45:00+00:00,400.0,0.25,50.0,1133.6085891032428,1133.6085891032428,74.98,937.25,937.25,1,937.25
2024-07-08 16:00:00+00:00,400.0,0.25,50.0,1133.6085891032428,1133.6085891032428,74.98,937.25,937.25,1,937.25
2024-07-08 16:15:00+00:00,400.0,0.25,50.0,1133.6085891032428,1133.6085891032428,43.27,540.875,540.875,1,540.875
2024-07-08 16:30:00+00:00,400.0,0.25,50.0,1133.6085891032428,1133.6085891032428,43.27,540.875,540.875,1,540.875
2024-07-08 16:45:00+00:00,400.0,0.25,50.0,1133.6085891032428,1133.6085891032428,43.27,540.875,540.875,1,540.875
2024-07-08 17:00:00+00:00,400.0,0.25,50.0,1133.6085891032428,1133.6085891032428,43.27,540.875,540.875,1,540.875
2024-07-08 17:15:00+00:00,400.0,0.25,50.0,1133.6085891032428,1133.6085891032428,103.69,1296.125,1133.6085891032428,0,1133.6085891032428
2024-07-08 17:30:00+00:00,400.0,0.25,50.0,1133.6085891032428,1133.6085891032428,11.77,147.125,147.125,1,147.125
2024-07-08 17:45:00+00:00,400.0,0.25,50.0,1133.6085891032428,1133.6085891032428,71.89,898.625,898.625,1,898.625
2024-07-08 18:00:00+00:00,400.0,0.25,50.0,1133.6085891032428,1133.6085891032428,103.69,1296.125,1133.6085891032428,0,1133.6085891032428
2024-07-08 18:15:00+00:00,400.0,0.25,50.0,1133.6085891032428,1133.6085891032428,191.84,2398.0,1133.6085891032428,0,1133.6085891032428
2024-07-08 18:30:00+00:00,400.0,0.25,50.0,1133.6085891032428,1133.6085891032428,191.84,2398.0,1133.6085891032428,0,1133.6085891032428
2024-07-08 18:45:00+00:00,400.0,0.25,50.0,1133.6085891032428,1133.6085891032428,191.84,2398.0,1133.6085891032428,0,1133.6085891032428
2024-07-08 19:00:00+00:00,400.0,0.25,50.0,1133.6085891032428,1133.6085891032428,37.49,468.625,468.625,1,468.625
2024-07-08 19:15:00+00:00,400.0,0.25,50.0,1133.6085891032428,1133.6085891032428,60.09,751.125,751.125,1,751.125
2024-07-08 19:30:00+00:00,400.0,0.25,50.0,1133.6085891032428,1133.6085891032428,37.49,468.625,468.625,1,468.625
2024-07-08 19:45:00+00:00,400.0,0.25,50.0,1133.6085891032428,1133.6085891032428,60.09,751.125,751.125,1,751.125
2024-07-08 20:00:00+00:00,400.0,0.25,50.0,1133.6085891032428,1133.6085891032428,80.09,1001.125,1001.125,1,1001.125
2024-07-08 20:15:00+00:00,400.0,0.25,50.0,1133.6085891032428,1133.6085891032428,108.7,1358.75,1133.6085891032428,0,1133.6085891032428
2024-07-08 20:30:00+00:00,400.0,0.25,50.0,1133.6085891032428,1133.6085891032428,88.7,1108.75,1108.75,1,1108.75
2024-07-08 20:45:00+00:00,400.0,0.25,50.0,1133.6085891032428,1133.6085891032428,88.7,1108.75,1108.75,1,1108.75
2024-07-08 21:00:00+00:00,400.0,0.25,50.0,1133.6085891032428,1133.6085891032428,88.7,1108.75,1108.75,1,1108.75
2024-07-08 21:15:00+00:00,400.0,0.25,50.0,1133.6085891032428,1133.6085891032428,56.2,702.5,702.5,1,702.5
2024-07-08 21:30:00+00:00,400.0,0.25,50.0,1133.6085891032428,1133.6085891032428,56.2,702.5,702.5,1,702.5
2024-07-08 21:45:00+00:00,400.0,0.25,50.0,1133.6085891032428,1133.6085891032428,56.2,702.5,702.5,1,702.5
2024-07-08 22:00:00+00:00,400.0,0.25,50.0,1133.6085891032428,1133.6085891032428,56.2,702.5,702.5,1,702.5
2024-07-08 22:15:00+00:00,400.0,0.25,50.0,1133.6085891032428,1133.6085891032428,74.52,931.5,931.5,1,931.5
2024-07-08 22:30:00+00:00,400.0,0.25,50.0,1133.6085891032428,1133.6085891032428,74.52,931.5,931.5,1,931.5
2024-07-08 22:45:00+00:00,400.0,0.25,50.0,1133.6085891032428,1133.6085891032428,74.52,931.5,931.5,1,931.5
2024-07-08 23:00:00+00:00,400.0,0.25,50.0,1133.6085891032428,1133.6085891032428,74.52,931.5,931.5,1,931.5
2024-07-08 23:15:00+00:00,400.0,0.25,50.0,1133.6085891032428,1133.6085891032428,148.2,1852.4999999999998,1133.6085891032428,0,1133.6085891032428
2024-07-08 23:30:00+00:00,400.0,0.25,50.0,1133.6085891032428,1133.6085891032428,148.2,1852.4999999999998,1133.6085891032428,0,1133.6085891032428
2024-07-08 23:45:00+00:00,400.0,0.25,50.0,1133.6085891032428,1133.6085891032428,148.2,1852.4999999999998,1133.6085891032428,0,1133.6085891032428
2024-07-09 00:00:00+00:00,400.0,0.25,50.0,1133.6085891032428,1133.6085891032428,148.2,1852.4999999999998,1133.6085891032428,0,1133.6085891032428
2024-07-09 00:15:00+00:00,400.0,0.25,50.0,1133.6085891032428,1133.6085891032428,157.38,1967.25,1133.6085891032428,0,1133.6085891032428
2024-07-09 00:30:00+00:00,400.0,0.25,50.0,1133.6085891032428,1133.6085891032428,157.38,1967.25,1133.6085891032428,0,1133.6085891032428
2024-07-09 00:45:00+00:00,400.0,0.25,50.0,1133.6085891032428,1133.6085891032428,157.38,1967.25,1133.6085891032428,0,1133.6085891032428
2024-07-09 01:00:00+00:00,400.0,0.25,50.0,1133.6085891032428,1133.6085891032428,157.38,1967.25,1133.6085891032428,0,1133.6085891032428
2024-07-09 01:15:00+00:00,400.0,0.25,50.0,1133.6085891032428,1133.6085891032428,159.38,1992.25,1133.6085891032428,0,1133.6085891032428
2024-07-09 01:30:00+00:00,400.0,0.25,50.0,1133.6085891032428,1133.6085891032428,113.59,1419.875,1133.6085891032428,0,1133.6085891032428
2024-07-09 01:45:00+00:00,400.0,0.25,50.0,1133.6085891032428,1133.6085891032428,113.59,1419.875,1133.6085891032428,0,1133.6085891032428
2024-07-09 02:00:00+00:00,400.0,0.25,50.0,1133.6085891032428,1133.6085891032428,113.59,1419.875,1133.6085891032428,0,1133.6085891032428
2024-07-09 02:15:00+00:00,400.0,0.25,50.0,1133.6085891032428,1133.6085891032428,108.79,1359.875,1133.6085891032428,0,1133.6085891032428
2024-07-09 02:30:00+00:00,400.0,0.25,50.0,1133.6085891032428,1133.6085891032428,108.79,1359.875,1133.6085891032428,0,1133.6085891032428
2024-07-09 02:45:00+00:00,400.0,0.25,50.0,1133.6085891032428,1133.6085891032428,108.79,1359.875,1133.6085891032428,0,1133.6085891032428
2024-07-09 03:00:00+00:00,400.0,0.25,50.0,1133.6085891032428,1133.6085891032428,108.79,1359.875,1133.6085891032428,0,1133.6085891032428
2024-07-09 03:15:00+00:00,400.0,0.25,50.0,1133.6085891032428,1133.6085891032428,97.19,1214.875,1133.6085891032428,0,1133.6085891032428
2024-07-09 03:30:00+00:00,400.0,0.25,50.0,1133.6085891032428,1133.6085891032428,97.19,1214.875,1133.6085891032428,0,1133.6085891032428
2024-07-09 03:45:00+00:00,400.0,0.25,50.0,1133.6085891032428,1133.6085891032428,97.19,1214.875,1133.6085891032428,0,1133.6085891032428
2024-07-09 04:00:00+00:00,400.0,0.25,50.0,1133.6085891032428,1133.6085891032428,97.19,1214.875,1133.6085891032428,0,1133.6085891032428
2024-07-09 04:15:00+00:00,400.0,0.25,50.0,1133.6085891032428,1133.6085891032428,63.06,788.25,788.25,1,788.25
2024-07-09 04:30:00+00:00,400.0,0.25,50.0,1133.6085891032428,1133.6085891032428,63.06,788.25,788.25,1,788.25
2024-07-09 04:45:00+00:00,400.0,0.25,50.0,1133.6085891032428,1133.6085891032428,63.06,788.25,788.25,1,788.25
2024-07-09 05:00:00+00:00,400.0,0.25,50.0,1133.6085891032428,1133.6085891032428,1000.0,12500.0,1133.6085891032428,0,1133.6085891032428
2024-07-09 05:15:00+00:00,400.0,0.25,50.0,1133.6085891032428,1133.6085891032428,1000.0,12500.0,1133.6085891032428,0,1133.6085891032428
2024-07-09 05:30:00+00:00,400.0,0.25,50.0,1133.6085891032428,1133.6085891032428,98.77,1234.625,1133.6085891032428,0,1133.6085891032428
2024-07-09 05:45:00+00:00,400.0,0.25,50.0,1133.6085891032428,1133.6085891032428,60.91,761.375,761.375,1,761.375
2024-07-09 06:00:00+00:00,400.0,0.25,50.0,1133.6085891032428,1133.6085891032428,98.77,1234.625,1133.6085891032428,0,1133.6085891032428
2024-07-09 06:15:00+00:00,400.0,0.25,50.0,1133.6085891032428,1133.6085891032428,37.34,466.75000000000006,466.75000000000006,1,466.75000000000006
2024-07-09 06:30:00+00:00,400.0,0.25,50.0,1133.6085891032428,1133.6085891032428,37.34,466.75000000000006,466.75000000000006,1,466.75000000000006
2024-07-09 06:45:00+00:00,400.0,0.25,50.0,1133.6085891032428,1133.6085891032428,37.34,466.75000000000006,466.75000000000006,1,466.75000000000006
2024-07-09 07:00:00+00:00,400.0,0.25,50.0,1133.6085891032428,1133.6085891032428,37.34,466.75000000000006,466.75000000000006,1,466.75000000000006
2024-07-09 07:15:00+00:00,400.0,0.25,50.0,1133.6085891032428,1133.6085891032428,223.39,2792.375,1133.6085891032428,0,1133.6085891032428
2024-07-09 07:30:00+00:00,400.0,0.25,50.0,1133.6085891032428,1133.6085891032428,223.39,2792.375,1133.6085891032428,0,1133.6085891032428
2024-07-09 07:45:00+00:00,400.0,0.25,50.0,1133.6085891032428,1133.6085891032428,223.39,2792.375,1133.6085891032428,0,1133.6085891032428
2024-07-09 08:00:00+00:00,400.0,0.25,50.0,1133.6085891032428,1133.6085891032428,223.39,2792.375,1133.6085891032428,0,1133.6085891032428
2024-07-09 08:15:00+00:00,400.0,0.25,50.0,1133.6085891032428,1133.6085891032428,302.35,3779.3750000000005,1133.6085891032428,0,1133.6085891032428
2024-07-09 08:30:00+00:00,400.0,0.25,50.0,1133.6085891032428,1133.6085891032428,302.35,3779.3750000000005,1133.6085891032428,0,1133.6085891032428
2024-07-09 08:45:00+00:00,400.0,0.25,50.0,1133.6085891032428,1133.6085891032428,302.35,3779.3750000000005,1133.6085891032428,0,1133.6085891032428
2024-07-09 09:00:00+00:00,400.0,0.25,50.0,1133.6085891032428,1133.6085891032428,302.35,3779.3750000000005,1133.6085891032428,0,1133.6085891032428
2024-07-09 09:15:00+00:00,400.0,0.25,50.0,1133.6085891032428,1133.6085891032428,302.35,3779.3750000000005,1133.6085891032428,0,1133.6085891032428
2024-07-09 09:30:00+00:00,400.0,0.25,50.0,1133.6085891032428,1133.6085891032428,302.35,3779.3750000000005,1133.6085891032428,0,1133.6085891032428
2024-07-09 09:45:00+00:00,400.0,0.25,50.0,1133.6085891032428,1133.6085891032428,302.35,3779.3750000000005,1133.6085891032428,0,1133.6085891032428
2024-07-09 10:00:00+00:00,400.0,0.25,50.0,1133.6085891032428,1133.6085891032428,302.35,3779.3750000000005,1133.6085891032428,0,1133.6085891032428
2024-07-09 10:15:00+00:00,400.0,0.25,50.0,1133.6085891032428,1133.6085891032428,302.35,3779.3750000000005,1133.6085891032428,0,1133.6085891032428
2024-07-09 10:30:00+00:00,400.0,0.25,50.0,1133.6085891032428,1133.6085891032428,302.35,3779.3750000000005,1133.6085891032428,0,1133.6085891032428
2024-07-09 10:45:00+00:00,400.0,0.25,50.0,1133.6085891032428,1133.6085891032428,302.35,3779.3750000000005,1133.6085891032428,0,1133.6085891032428
2024-07-09 11:00:00+00:00,400.0,0.25,50.0,1133.6085891032428,1133.6085891032428,302.35,3779.3750000000005,1133.6085891032428,0,1133.6085891032428
2024-07-09 11:15:00+00:00,400.0,0.25,50.0,1133.6085891032428,1133.6085891032428,271.39,3392.375,1133.6085891032428,0,1133.6085891032428
2024-07-09 11:30:00+00:00,400.0,0.25,50.0,1133.6085891032428,1133.6085891032428,271.39,3392.375,1133.6085891032428,0,1133.6085891032428
2024-07-09 11:45:00+00:00,400.0,0.25,50.0,1133.6085891032428,1133.6085891032428,271.39,3392.375,1133.6085891032428,0,1133.6085891032428
2024-07-09 12:00:00+00:00,400.0,0.25,50.0,1133.6085891032428,1133.6085891032428,271.39,3392.375,1133.6085891032428,0,1133.6085891032428
2024-07-09 12:15:00+00:00,400.0,0.25,50.0,1133.6085891032428,1133.6085891032428,298.11,3726.375,1133.6085891032428,0,1133.6085891032428
2024-07-09 12:30:00+00:00,400.0,0.25,50.0,1133.6085891032428,1133.6085891032428,275.39,3442.375,1133.6085891032428,0,1133.6085891032428
2024-07-09 12:45:00+00:00,400.0,0.25,50.0,1133.6085891032428,1133.6085891032428,275.39,3442.375,1133.6085891032428,0,1133.6085891032428
2024-07-09 13:00:00+00:00,400.0,0.25,50.0,1133.6085891032428,1133.6085891032428,275.39,3442.375,1133.6085891032428,0,1133.6085891032428
2024-07-09 13:15:00+00:00,400.0,0.25,50.0,1133.6085891032428,1133.6085891032428,254.6,3182.5,1133.6085891032428,0,1133.6085891032428
2024-07-09 13:30:00+00:00,400.0,0.25,50.0,1133.6085891032428,1133.6085891032428,254.6,3182.5,1133.6085891032428,0,1133.6085891032428
2024-07-09 13:45:00+00:00,400.0,0.25,50.0,1133.6085891032428,1133.6085891032428,231.88,2898.5,1133.6085891032428,0,1133.6085891032428
2024-07-09 14:00:00+00:00,400.0,0.25,50.0,1133.6085891032428,1133.6085891032428,254.6,3182.5,1133.6085891032428,0,1133.6085891032428
2024-07-09 14:15:00+00:00,400.0,0.25,50.0,1133.6085891032428,1133.6085891032428,169.38,2117.25,1133.6085891032428,0,1133.6085891032428
2024-07-09 14:30:00+00:00,400.0,0.25,50.0,1133.6085891032428,1133.6085891032428,169.38,2117.25,1133.6085891032428,0,1133.6085891032428
2024-07-09 14:45:00+00:00,400.0,0.25,50.0,1133.6085891032428,1133.6085891032428,59.9,748.75,748.75,1,748.75
2024-07-09 15:00:00+00:00,400.0,0.25,50.0,1133.6085891032428,1133.6085891032428,169.38,2117.25,1133.6085891032428,0,1133.6085891032428
2024-07-09 15:15:00+00:00,400.0,0.25,50.0,1133.6085891032428,1133.6085891032428,111.97,1399.625,1133.6085891032428,0,1133.6085891032428
2024-07-09 15:30:00+00:00,400.0,0.25,50.0,1133.6085891032428,1133.6085891032428,111.97,1399.625,1133.6085891032428,0,1133.6085891032428
2024-07-09 15:45:00+00:00,400.0,0.25,50.0,1133.6085891032428,1133.6085891032428,93.8,1172.5,1133.6085891032428,0,1133.6085891032428
2024-07-09 16:00:00+00:00,400.0,0.25,50.0,1133.6085891032428,1133.6085891032428,1000.0,12500.0,1133.6085891032428,0,1133.6085891032428
2024-07-09 16:15:00+00:00,400.0,0.25,50.0,1133.6085891032428,1133.6085891032428,39.9,498.75,498.75,1,498.75
2024-07-09 16:30:00+00:00,400.0,0.25,50.0,1133.6085891032428,1133.6085891032428,37.34,466.75000000000006,466.75000000000006,1,466.75000000000006
2024-07-09 16:45:00+00:00,400.0,0.25,50.0,1133.6085891032428,1133.6085891032428,37.34,466.75000000000006,466.75000000000006,1,466.75000000000006
2024-07-09 17:00:00+00:00,400.0,0.25,50.0,1133.6085891032428,1133.6085891032428,37.34,466.75000000000006,466.75000000000006,1,466.75000000000006
2024-07-09 17:15:00+00:00,400.0,0.25,50.0,1133.6085891032428,1133.6085891032428,37.34,466.75000000000006,466.75000000000006,1,466.75000000000006
2024-07-09 17:30:00+00:00,400.0,0.25,50.0,1133.6085891032428,1133.6085891032428,37.34,466.75000000000006,466.75000000000006,1,466.75000000000006
2024-07-09 17:45:00+00:00,400.0,0.25,50.0,1133.6085891032428,1133.6085891032428,37.34,466.75000000000006,466.75000000000006,1,466.75000000000006
2024-07-09 18:00:00+00:00,400.0,0.25,50.0,1133.6085891032428,1133.6085891032428,10.0,125.0,125.0,1,125.0
2024-07-09 18:15:00+00:00,400.0,0.25,50.0,1133.6085891032428,1133.6085891032428,37.34,466.75000000000006,466.75000000000006,1,466.75000000000006
2024-07-09 18:30:00+00:00,400.0,0.25,50.0,1133.6085891032428,1133.6085891032428,37.34,466.75000000000006,466.75000000000006,1,466.75000000000006
2024-07-09 18:45:00+00:00,400.0,0.25,50.0,1133.6085891032428,1133.6085891032428,37.34,466.75000000000006,466.75000000000006,1,466.75000000000006
2024-07-09 19:00:00+00:00,400.0,0.25,50.0,1133.6085891032428,1133.6085891032428,37.34,466.75000000000006,466.75000000000006,1,466.75000000000006
2024-07-09 19:15:00+00:00,400.0,0.25,50.0,1133.6085891032428,1133.6085891032428,10.0,125.0,125.0,1,125.0
2024-07-09 19:30:00+00:00,400.0,0.25,50.0,1133.6085891032428,1133.6085891032428,10.0,125.0,125.0,1,125.0
2024-07-09 19:45:00+00:00,400.0,0.25,50.0,1133.6085891032428,1133.6085891032428,37.34,466.75000000000006,466.75000000000006,1,466.75000000000006
2024-07-09 20:00:00+00:00,400.0,0.25,50.0,1133.6085891032428,1133.6085891032428,37.34,466.75000000000006,466.75000000000006,1,466.75000000000006
2024-07-09 20:15:00+00:00,400.0,0.25,50.0,1133.6085891032428,1133.6085891032428,89.04,1113.0,1113.0,1,1113.0
2024-07-09 20:30:00+00:00,400.0,0.25,50.0,1133.6085891032428,1133.6085891032428,69.04,863.0000000000001,863.0000000000001,1,863.0000000000001
2024-07-09 20:45:00+00:00,400.0,0.25,50.0,1133.6085891032428,1133.6085891032428,69.04,863.0000000000001,863.0000000000001,1,863.0000000000001
2024-07-09 21:00:00+00:00,400.0,0.25,50.0,1133.6085891032428,1133.6085891032428,69.04,863.0000000000001,863.0000000000001,1,863.0000000000001
2024-07-09 21:15:00+00:00,400.0,0.25,50.0,1133.6085891032428,1133.6085891032428,78.17,977.125,977.125,1,977.125
2024-07-09 21:30:00+00:00,400.0,0.25,50.0,1133.6085891032428,1133.6085891032428,77.64,970.5,970.5,1,970.5
2024-07-09 21:45:00+00:00,400.0,0.25,50.0,1133.6085891032428,1133.6085891032428,77.64,970.5,970.5,1,970.5
2024-07-09 22:00:00+00:00,400.0,0.25,50.0,1133.6085891032428,1133.6085891032428,78.17,977.125,977.125,1,977.125
2024-07-09 22:15:00+00:00,400.0,0.25,50.0,1133.6085891032428,1133.6085891032428,1000.0,12500.0,1133.6085891032428,0,1133.6085891032428
2024-07-09 22:30:00+00:00,400.0,0.25,50.0,1133.6085891032428,1133.6085891032428,1000.0,12500.0,1133.6085891032428,0,1133.6085891032428
2024-07-09 22:45:00+00:00,400.0,0.25,50.0,1133.6085891032428,1133.6085891032428,134.83,1685.3750000000002,1133.6085891032428,0,1133.6085891032428
2024-07-09 23:00:00+00:00,400.0,0.25,50.0,1133.6085891032428,1133.6085891032428,143.87,1798.375,1133.6085891032428,0,1133.6085891032428
2024-07-09 23:15:00+00:00,400.0,0.25,50.0,1133.6085891032428,1133.6085891032428,195.29,2441.125,1133.6085891032428,0,1133.6085891032428
2024-07-09 23:30:00+00:00,400.0,0.25,50.0,1133.6085891032428,1133.6085891032428,195.29,2441.125,1133.6085891032428,0,1133.6085891032428
2024-07-09 23:45:00+00:00,400.0,0.25,50.0,1133.6085891032428,1133.6085891032428,195.29,2441.125,1133.6085891032428,0,1133.6085891032428
2024-07-10 00:00:00+00:00,400.0,0.25,50.0,1133.6085891032428,1133.6085891032428,195.29,2441.125,1133.6085891032428,0,1133.6085891032428
2024-07-10 00:15:00+00:00,400.0,0.25,50.0,1133.6085891032428,1133.6085891032428,211.34,2641.75,1133.6085891032428,0,1133.6085891032428
2024-07-10 00:30:00+00:00,400.0,0.25,50.0,1133.6085891032428,1133.6085891032428,201.8,2522.5,1133.6085891032428,0,1133.6085891032428
2024-07-10 00:45:00+00:00,400.0,0.25,50.0,1133.6085891032428,1133.6085891032428,201.8,2522.5,1133.6085891032428,0,1133.6085891032428
2024-07-10 01:00:00+00:00,400.0,0.25,50.0,1133.6085891032428,1133.6085891032428,201.8,2522.5,1133.6085891032428,0,1133.6085891032428
2024-07-10 01:15:00+00:00,400.0,0.25,50.0,1133.6085891032428,1133.6085891032428,213.83,2672.875,1133.6085891032428,0,1133.6085891032428
2024-07-10 01:30:00+00:00,400.0,0.25,50.0,1133.6085891032428,1133.6085891032428,182.09,2276.125,1133.6085891032428,0,1133.6085891032428
2024-07-10 01:45:00+00:00,400.0,0.25,50.0,1133.6085891032428,1133.6085891032428,182.09,2276.125,1133.6085891032428,0,1133.6085891032428
2024-07-10 02:00:00+00:00,400.0,0.25,50.0,1133.6085891032428,1133.6085891032428,182.09,2276.125,1133.6085891032428,0,1133.6085891032428
2024-07-10 02:15:00+00:00,400.0,0.25,50.0,1133.6085891032428,1133.6085891032428,215.38,2692.25,1133.6085891032428,0,1133.6085891032428
2024-07-10 02:30:00+00:00,400.0,0.25,50.0,1133.6085891032428,1133.6085891032428,215.38,2692.25,1133.6085891032428,0,1133.6085891032428
2024-07-10 02:45:00+00:00,400.0,0.25,50.0,1133.6085891032428,1133.6085891032428,215.38,2692.25,1133.6085891032428,0,1133.6085891032428
2024-07-10 03:00:00+00:00,400.0,0.25,50.0,1133.6085891032428,1133.6085891032428,215.38,2692.25,1133.6085891032428,0,1133.6085891032428
2024-07-10 03:15:00+00:00,400.0,0.25,50.0,1133.6085891032428,1133.6085891032428,216.5,2706.25,1133.6085891032428,0,1133.6085891032428
2024-07-10 03:30:00+00:00,400.0,0.25,50.0,1133.6085891032428,1133.6085891032428,216.5,2706.25,1133.6085891032428,0,1133.6085891032428
2024-07-10 03:45:00+00:00,400.0,0.25,50.0,1133.6085891032428,1133.6085891032428,216.5,2706.25,1133.6085891032428,0,1133.6085891032428
2024-07-10 04:00:00+00:00,400.0,0.25,50.0,1133.6085891032428,1133.6085891032428,1000.0,12500.0,1133.6085891032428,0,1133.6085891032428
2024-07-10 04:15:00+00:00,400.0,0.25,50.0,1133.6085891032428,1133.6085891032428,1000.0,12500.0,1133.6085891032428,0,1133.6085891032428
2024-07-10 04:30:00+00:00,400.0,0.25,50.0,1133.6085891032428,1133.6085891032428,1000.0,12500.0,1133.6085891032428,0,1133.6085891032428
2024-07-10 04:45:00+00:00,400.0,0.25,50.0,1133.6085891032428,1133.6085891032428,1000.0,12500.0,1133.6085891032428,0,1133.6085891032428
2024-07-10 05:00:00+00:00,400.0,0.25,50.0,1133.6085891032428,1133.6085891032428,1000.0,12500.0,1133.6085891032428,0,1133.6085891032428
2024-07-10 05:15:00+00:00,400.0,0.25,50.0,1133.6085891032428,1133.6085891032428,1000.0,12500.0,1133.6085891032428,0,1133.6085891032428
2024-07-10 05:30:00+00:00,400.0,0.25,50.0,1133.6085891032428,1133.6085891032428,1000.0,12500.0,1133.6085891032428,0,1133.6085891032428
2024-07-10 05:45:00+00:00,400.0,0.25,50.0,1133.6085891032428,1133.6085891032428,1000.0,12500.0,1133.6085891032428,0,1133.6085891032428
2024-07-10 06:00:00+00:00,400.0,0.25,50.0,1133.6085891032428,1133.6085891032428,1000.0,12500.0,1133.6085891032428,0,1133.6085891032428
2024-07-10 06:15:00+00:00,400.0,0.25,50.0,1133.6085891032428,1133.6085891032428,217.29,2716.125,1133.6085891032428,0,1133.6085891032428
2024-07-10 06:30:00+00:00,400.0,0.25,50.0,1133.6085891032428,1133.6085891032428,216.96,2712.0,1133.6085891032428,0,1133.6085891032428
2024-07-10 06:45:00+00:00,400.0,0.25,50.0,1133.6085891032428,1133.6085891032428,216.96,2712.0,1133.6085891032428,0,1133.6085891032428
2024-07-10 07:00:00+00:00,400.0,0.25,50.0,1133.6085891032428,1133.6085891032428,217.29,2716.125,1133.6085891032428,0,1133.6085891032428
2024-07-10 07:15:00+00:00,400.0,0.25,50.0,1133.6085891032428,1133.6085891032428,324.78,4059.7499999999995,1133.6085891032428,0,1133.6085891032428
2024-07-10 07:30:00+00:00,400.0,0.25,50.0,1133.6085891032428,1133.6085891032428,1000.0,12500.0,1133.6085891032428,0,1133.6085891032428
2024-07-10 07:45:00+00:00,400.0,0.25,50.0,1133.6085891032428,1133.6085891032428,1000.0,12500.0,1133.6085891032428,0,1133.6085891032428
2024-07-10 08:00:00+00:00,400.0,0.25,50.0,1133.6085891032428,1133.6085891032428,1000.0,12500.0,1133.6085891032428,0,1133.6085891032428
2024-07-10 08:15:00+00:00,400.0,0.25,50.0,1133.6085891032428,1133.6085891032428,1000.0,12500.0,1133.6085891032428,0,1133.6085891032428
2024-07-10 08:30:00+00:00,400.0,0.25,50.0,1133.6085891032428,1133.6085891032428,1000.0,12500.0,1133.6085891032428,0,1133.6085891032428
2024-07-10 08:45:00+00:00,400.0,0.25,50.0,1133.6085891032428,1133.6085891032428,1000.0,12500.0,1133.6085891032428,0,1133.6085891032428
2024-07-10 09:00:00+00:00,400.0,0.25,50.0,1133.6085891032428,1133.6085891032428,1000.0,12500.0,1133.6085891032428,0,1133.6085891032428
2024-07-10 09:15:00+00:00,400.0,0.25,50.0,1133.6085891032428,1133.6085891032428,1000.0,12500.0,1133.6085891032428,0,1133.6085891032428
2024-07-10 09:30:00+00:00,400.0,0.25,50.0,1133.6085891032428,1133.6085891032428,1000.0,12500.0,1133.6085891032428,0,1133.6085891032428
2024-07-10 09:45:00+00:00,400.0,0.25,50.0,1133.6085891032428,1133.6085891032428,1000.0,12500.0,1133.6085891032428,0,1133.6085891032428
2024-07-10 10:00:00+00:00,400.0,0.25,50.0,1133.6085891032428,1133.6085891032428,1000.0,12500.0,1133.6085891032428,0,1133.6085891032428
2024-07-10 10:15:00+00:00,400.0,0.25,50.0,1133.6085891032428,1133.6085891032428,1000.0,12500.0,1133.6085891032428,0,1133.6085891032428
2024-07-10 10:30:00+00:00,400.0,0.25,50.0,1133.6085891032428,1133.6085891032428,1000.0,12500.0,1133.6085891032428,0,1133.6085891032428
2024-07-10 10:45:00+00:00,400.0,0.25,50.0,1133.6085891032428,1133.6085891032428,1000.0,12500.0,1133.6085891032428,0,1133.6085891032428
2024-07-10 11:00:00+00:00,400.0,0.25,50.0,1133.6085891032428,1133.6085891032428,1000.0,12500.0,1133.6085891032428,0,1133.6085891032428
2024-07-10 11:15:00+00:00,400.0,0.25,50.0,1133.6085891032428,1133.6085891032428,1000.0,12500.0,1133.6085891032428,0,1133.6085891032428
2024-07-10 11:30:00+00:00,400.0,0.25,50.0,1133.6085891032428,1133.6085891032428,1000.0,12500.0,1133.6085891032428,0,1133.6085891032428
2024-07-10 11:45:00+00:00,400.0,0.25,50.0,1133.6085891032428,1133.6085891032428,1000.0,12500.0,1133.6085891032428,0,1133.6085891032428
2024-07-10 12:00:00+00:00,400.0,0.25,50.0,1133.6085891032428,1133.6085891032428,1000.0,12500.0,1133.6085891032428,0,1133.6085891032428
2024-07-10 12:15:00+00:00,400.0,0.25,50.0,1133.6085891032428,1133.6085891032428,1000.0,12500.0,1133.6085891032428,0,1133.6085891032428
2024-07-10 12:30:00+00:00,400.0,0.25,50.0,1133.6085891032428,1133.6085891032428,1000.0,12500.0,1133.6085891032428,0,1133.6085891032428
2024-07-10 12:45:00+00:00,400.0,0.25,50.0,1133.6085891032428,1133.6085891032428,1000.0,12500.0,1133.6085891032428,0,1133.6085891032428
2024-07-10 13:00:00+00:00,400.0,0.25,50.0,1133.6085891032428,1133.6085891032428,1000.0,12500.0,1133.6085891032428,0,1133.6085891032428
2024-07-10 13:15:00+00:00,400.0,0.25,50.0,1133.6085891032428,1133.6085891032428,1000.0,12500.0,1133.6085891032428,0,1133.6085891032428
2024-07-10 13:30:00+00:00,400.0,0.25,50.0,1133.6085891032428,1133.6085891032428,1000.0,12500.0,1133.6085891032428,0,1133.6085891032428
2024-07-10 13:45:00+00:00,400.0,0.25,50.0,1133.6085891032428,1133.6085891032428,1000.0,12500.0,1133.6085891032428,0,1133.6085891032428
2024-07-10 14:00:00+00:00,400.0,0.25,50.0,1133.6085891032428,1133.6085891032428,1000.0,12500.0,1133.6085891032428,0,1133.6085891032428
2024-07-10 14:15:00+00:00,400.0,0.25,50.0,1133.6085891032428,1133.6085891032428,1000.0,12500.0,1133.6085891032428,0,1133.6085891032428
2024-07-10 14:30:00+00:00,400.0,0.25,50.0,1133.6085891032428,1133.6085891032428,1000.0,12500.0,1133.6085891032428,0,1133.6085891032428
2024-07-10 14:45:00+00:00,400.0,0.25,50.0,1133.6085891032428,1133.6085891032428,1000.0,12500.0,1133.6085891032428,0,1133.6085891032428
2024-07-10 15:00:00+00:00,400.0,0.25,50.0,1133.6085891032428,1133.6085891032428,1000.0,12500.0,1133.6085891032428,0,1133.6085891032428
2024-07-10 15:15:00+00:00,400.0,0.25,50.0,1133.6085891032428,1133.6085891032428,1000.0,12500.0,1133.6085891032428,0,1133.6085891032428
2024-07-10 15:30:00+00:00,400.0,0.25,50.0,1133.6085891032428,1133.6085891032428,101.75,1271.875,1133.6085891032428,0,1133.6085891032428
2024-07-10 15:45:00+00:00,400.0,0.25,50.0,1133.6085891032428,1133.6085891032428,81.85,1023.1249999999999,1023.1249999999999,1,1023.1249999999999
2024-07-10 16:00:00+00:00,400.0,0.25,50.0,1133.6085891032428,1133.6085891032428,1000.0,12500.0,1133.6085891032428,0,1133.6085891032428
2024-07-10 16:15:00+00:00,400.0,0.25,50.0,1133.6085891032428,1133.6085891032428,1000.0,12500.0,1133.6085891032428,0,1133.6085891032428
2024-07-10 16:30:00+00:00,400.0,0.25,50.0,1133.6085891032428,1133.6085891032428,40.91,511.37499999999994,511.37499999999994,1,511.37499999999994
2024-07-10 16:45:00+00:00,400.0,0.25,50.0,1133.6085891032428,1133.6085891032428,40.91,511.37499999999994,511.37499999999994,1,511.37499999999994
2024-07-10 17:00:00+00:00,400.0,0.25,50.0,1133.6085891032428,1133.6085891032428,40.91,511.37499999999994,511.37499999999994,1,511.37499999999994
2024-07-10 17:15:00+00:00,400.0,0.25,50.0,1133.6085891032428,1133.6085891032428,92.27,1153.375,1133.6085891032428,0,1133.6085891032428
2024-07-10 17:30:00+00:00,400.0,0.25,50.0,1133.6085891032428,1133.6085891032428,38.78,484.75,484.75,1,484.75
2024-07-10 17:45:00+00:00,400.0,0.25,50.0,1133.6085891032428,1133.6085891032428,38.78,484.75,484.75,1,484.75
2024-07-10 18:00:00+00:00,400.0,0.25,50.0,1133.6085891032428,1133.6085891032428,38.78,484.75,484.75,1,484.75
2024-07-10 18:15:00+00:00,400.0,0.25,50.0,1133.6085891032428,1133.6085891032428,30.26,378.25,378.25,1,378.25
2024-07-10 18:30:00+00:00,400.0,0.25,50.0,1133.6085891032428,1133.6085891032428,30.26,378.25,378.25,1,378.25
2024-07-10 18:45:00+00:00,400.0,0.25,50.0,1133.6085891032428,1133.6085891032428,30.26,378.25,378.25,1,378.25
2024-07-10 19:00:00+00:00,400.0,0.25,50.0,1133.6085891032428,1133.6085891032428,30.36,379.5,379.5,1,379.5
2024-07-10 19:15:00+00:00,400.0,0.25,50.0,1133.6085891032428,1133.6085891032428,30.26,378.25,378.25,1,378.25
2024-07-10 19:30:00+00:00,400.0,0.25,50.0,1133.6085891032428,1133.6085891032428,30.26,378.25,378.25,1,378.25
2024-07-10 19:45:00+00:00,400.0,0.25,50.0,1133.6085891032428,1133.6085891032428,30.26,378.25,378.25,1,378.25
2024-07-10 20:00:00+00:00,400.0,0.25,50.0,1133.6085891032428,1133.6085891032428,71.54,894.2500000000001,894.2500000000001,1,894.2500000000001
2024-07-10 20:15:00+00:00,400.0,0.25,50.0,1133.6085891032428,1133.6085891032428,91.89,1148.625,1133.6085891032428,0,1133.6085891032428
2024-07-10 20:30:00+00:00,400.0,0.25,50.0,1133.6085891032428,1133.6085891032428,91.89,1148.625,1133.6085891032428,0,1133.6085891032428
2024-07-10 20:45:00+00:00,400.0,0.25,50.0,1133.6085891032428,1133.6085891032428,91.89,1148.625,1133.6085891032428,0,1133.6085891032428
2024-07-10 21:00:00+00:00,400.0,0.25,50.0,1133.6085891032428,1133.6085891032428,91.89,1148.625,1133.6085891032428,0,1133.6085891032428
2024-07-10 21:15:00+00:00,400.0,0.25,50.0,1133.6085891032428,1133.6085891032428,95.02,1187.75,1133.6085891032428,0,1133.6085891032428
2024-07-10 21:30:00+00:00,400.0,0.25,50.0,1133.6085891032428,1133.6085891032428,54.31,678.875,678.875,1,678.875
2024-07-10 21:45:00+00:00,400.0,0.25,50.0,1133.6085891032428,1133.6085891032428,54.31,678.875,678.875,1,678.875
2024-07-10 22:00:00+00:00,400.0,0.25,50.0,1133.6085891032428,1133.6085891032428,54.31,678.875,678.875,1,678.875
2024-07-10 22:15:00+00:00,400.0,0.25,50.0,1133.6085891032428,1133.6085891032428,69.41,867.625,867.625,1,867.625
2024-07-10 22:30:00+00:00,400.0,0.25,50.0,1133.6085891032428,1133.6085891032428,69.41,867.625,867.625,1,867.625
2024-07-10 22:45:00+00:00,400.0,0.25,50.0,1133.6085891032428,1133.6085891032428,70.41,880.125,880.125,1,880.125
2024-07-10 23:00:00+00:00,400.0,0.25,50.0,1133.6085891032428,1133.6085891032428,70.41,880.125,880.125,1,880.125
2024-07-10 23:15:00+00:00,400.0,0.25,50.0,1133.6085891032428,1133.6085891032428,69.91,873.875,873.875,1,873.875
2024-07-10 23:30:00+00:00,400.0,0.25,50.0,1133.6085891032428,1133.6085891032428,68.91,861.375,861.375,1,861.375
2024-07-10 23:45:00+00:00,400.0,0.25,50.0,1133.6085891032428,1133.6085891032428,68.91,861.375,861.375,1,861.375
2024-07-11 00:00:00+00:00,400.0,0.25,50.0,1133.6085891032428,1133.6085891032428,69.91,873.875,873.875,1,873.875
2024-07-11 00:15:00+00:00,400.0,0.25,50.0,1133.6085891032428,1133.6085891032428,66.73,834.125,834.125,1,834.125
2024-07-11 00:30:00+00:00,400.0,0.25,50.0,1133.6085891032428,1133.6085891032428,66.73,834.125,834.125,1,834.125
2024-07-11 00:45:00+00:00,400.0,0.25,50.0,1133.6085891032428,1133.6085891032428,66.73,834.125,834.125,1,834.125
2024-07-11 01:00:00+00:00,400.0,0.25,50.0,1133.6085891032428,1133.6085891032428,66.73,834.125,834.125,1,834.125
2024-07-11 01:15:00+00:00,400.0,0.25,50.0,1133.6085891032428,1133.6085891032428,63.16,789.5,789.5,1,789.5
2024-07-11 01:30:00+00:00,400.0,0.25,50.0,1133.6085891032428,1133.6085891032428,38.58,482.25,482.25,1,482.25
2024-07-11 01:45:00+00:00,400.0,0.25,50.0,1133.6085891032428,1133.6085891032428,38.58,482.25,482.25,1,482.25
2024-07-11 02:00:00+00:00,400.0,0.25,50.0,1133.6085891032428,1133.6085891032428,38.58,482.25,482.25,1,482.25
2024-07-11 02:15:00+00:00,400.0,0.25,50.0,1133.6085891032428,1133.6085891032428,38.58,482.25,482.25,1,482.25
2024-07-11 02:30:00+00:00,400.0,0.25,50.0,1133.6085891032428,1133.6085891032428,38.58,482.25,482.25,1,482.25
2024-07-11 02:45:00+00:00,400.0,0.25,50.0,1133.6085891032428,1133.6085891032428,38.58,482.25,482.25,1,482.25
2024-07-11 03:00:00+00:00,400.0,0.25,50.0,1133.6085891032428,1133.6085891032428,54.56,682.0,682.0,1,682.0
2024-07-11 03:15:00+00:00,400.0,0.25,50.0,1133.6085891032428,1133.6085891032428,54.7,683.75,683.75,1,683.75
2024-07-11 03:30:00+00:00,400.0,0.25,50.0,1133.6085891032428,1133.6085891032428,54.7,683.75,683.75,1,683.75
2024-07-11 03:45:00+00:00,400.0,0.25,50.0,1133.6085891032428,1133.6085891032428,54.7,683.75,683.75,1,683.75
2024-07-11 04:00:00+00:00,400.0,0.25,50.0,1133.6085891032428,1133.6085891032428,54.7,683.75,683.75,1,683.75
2024-07-11 04:15:00+00:00,400.0,0.25,50.0,1133.6085891032428,1133.6085891032428,66.16,827.0,827.0,1,827.0
2024-07-11 04:30:00+00:00,400.0,0.25,50.0,1133.6085891032428,1133.6085891032428,66.16,827.0,827.0,1,827.0
2024-07-11 04:45:00+00:00,400.0,0.25,50.0,1133.6085891032428,1133.6085891032428,66.16,827.0,827.0,1,827.0
2024-07-11 05:00:00+00:00,400.0,0.25,50.0,1133.6085891032428,1133.6085891032428,66.16,827.0,827.0,1,827.0
2024-07-11 05:15:00+00:00,400.0,0.25,50.0,1133.6085891032428,1133.6085891032428,60.91,761.375,761.375,1,761.375
2024-07-11 05:30:00+00:00,400.0,0.25,50.0,1133.6085891032428,1133.6085891032428,60.91,761.375,761.375,1,761.375
2024-07-11 05:45:00+00:00,400.0,0.25,50.0,1133.6085891032428,1133.6085891032428,60.91,761.375,761.375,1,761.375
2024-07-11 06:00:00+00:00,400.0,0.25,50.0,1133.6085891032428,1133.6085891032428,60.91,761.375,761.375,1,761.375
2024-07-11 06:15:00+00:00,400.0,0.25,50.0,1133.6085891032428,1133.6085891032428,38.58,482.25,482.25,1,482.25
2024-07-11 06:30:00+00:00,400.0,0.25,50.0,1133.6085891032428,1133.6085891032428,38.58,482.25,482.25,1,482.25
2024-07-11 06:45:00+00:00,400.0,0.25,50.0,1133.6085891032428,1133.6085891032428,38.58,482.25,482.25,1,482.25
2024-07-11 07:00:00+00:00,400.0,0.25,50.0,1133.6085891032428,1133.6085891032428,38.58,482.25,482.25,1,482.25
2024-07-11 07:15:00+00:00,400.0,0.25,50.0,1133.6085891032428,1133.6085891032428,38.58,482.25,482.25,1,482.25
2024-07-11 07:30:00+00:00,400.0,0.25,50.0,1133.6085891032428,1133.6085891032428,38.58,482.25,482.25,1,482.25
2024-07-11 07:45:00+00:00,400.0,0.25,50.0,1133.6085891032428,1133.6085891032428,38.58,482.25,482.25,1,482.25
2024-07-11 08:00:00+00:00,400.0,0.25,50.0,1133.6085891032428,1133.6085891032428,38.58,482.25,482.25,1,482.25
2024-07-11 08:15:00+00:00,400.0,0.25,50.0,1133.6085891032428,1133.6085891032428,88.49,1106.125,1106.125,1,1106.125
2024-07-11 08:30:00+00:00,400.0,0.25,50.0,1133.6085891032428,1133.6085891032428,88.49,1106.125,1106.125,1,1106.125
2024-07-11 08:45:00+00:00,400.0,0.25,50.0,1133.6085891032428,1133.6085891032428,88.49,1106.125,1106.125,1,1106.125
2024-07-11 09:00:00+00:00,400.0,0.25,50.0,1133.6085891032428,1133.6085891032428,88.49,1106.125,1106.125,1,1106.125
2024-07-11 09:15:00+00:00,400.0,0.25,50.0,1133.6085891032428,1133.6085891032428,92.44,1155.5,1133.6085891032428,0,1133.6085891032428
2024-07-11 09:30:00+00:00,400.0,0.25,50.0,1133.6085891032428,1133.6085891032428,92.44,1155.5,1133.6085891032428,0,1133.6085891032428
2024-07-11 09:45:00+00:00,400.0,0.25,50.0,1133.6085891032428,1133.6085891032428,92.44,1155.5,1133.6085891032428,0,1133.6085891032428
2024-07-11 10:00:00+00:00,400.0,0.25,50.0,1133.6085891032428,1133.6085891032428,92.44,1155.5,1133.6085891032428,0,1133.6085891032428
2024-07-11 10:15:00+00:00,400.0,0.25,50.0,1133.6085891032428,1133.6085891032428,101.56,1269.5,1133.6085891032428,0,1133.6085891032428
2024-07-11 10:30:00+00:00,400.0,0.25,50.0,1133.6085891032428,1133.6085891032428,101.56,1269.5,1133.6085891032428,0,1133.6085891032428
2024-07-11 10:45:00+00:00,400.0,0.25,50.0,1133.6085891032428,1133.6085891032428,101.56,1269.5,1133.6085891032428,0,1133.6085891032428
2024-07-11 11:00:00+00:00,400.0,0.25,50.0,1133.6085891032428,1133.6085891032428,101.56,1269.5,1133.6085891032428,0,1133.6085891032428
