dt,price_pln_per_mw_h,mw_procured,CEN,COR,CSDAC,CEB_SR,Hours_in_interval,T_years,budget_pln_interval,exante_option_value_per_mw,exante_p_accept,exante_pln_per_mw_interval,exante_pln_portfolio_baseline,exante_pln_portfolio_capped
2024-06-30 22:00:00+00:00,178.85,400.0,605.54,10.0,413.14,605.54,0.25,2.8519279032626055e-05,17885.0,78.85,1.0,19.7125,9856.25,9856.25
2024-06-30 22:15:00+00:00,68.91,400.0,721.25,10.0,527.82,721.25,0.25,2.8519279032626055e-05,6891.0,0.0,0.0,0.0,0.0,0.0
2024-06-30 22:30:00+00:00,68.91,400.0,716.9,10.0,527.82,716.9,0.25,2.8519279032626055e-05,6891.0,0.0,0.0,0.0,0.0,0.0
2024-06-30 22:45:00+00:00,68.91,400.0,544.14,10.0,527.82,544.14,0.25,2.8519279032626055e-05,6891.0,0.0,0.0,0.0,0.0,0.0
2024-06-30 23:00:00+00:00,68.91,400.0,527.82,10.0,527.82,527.36,0.25,2.8519279032626055e-05,6891.0,0.0,0.0,0.0,0.0,0.0
2024-06-30 23:15:00+00:00,133.18,400.0,544.14,10.0,486.29,544.14,0.25,2.8519279032626055e-05,13318.0,33.18000000000001,1.0,8.295000000000002,4147.500000000001,4147.500000000001
2024-06-30 23:30:00+00:00,133.18,400.0,544.14,10.0,486.29,544.14,0.25,2.8519279032626055e-05,13318.0,33.18000000000001,1.0,8.295000000000002,4147.500000000001,4147.500000000001
2024-06-30 23:45:00+00:00,133.18,400.0,539.11,10.0,486.29,539.11,0.25,2.8519279032626055e-05,13318.0,33.18000000000001,1.0,8.295000000000002,4147.500000000001,4147.500000000001
2024-07-01 00:00:00+00:00,133.18,400.0,486.29,10.0,486.29,452.31,0.25,2.8519279032626055e-05,13318.0,33.18000000000001,1.0,8.295000000000002,4147.500000000001,4147.500000000001
2024-07-01 00:15:00+00:00,135.18,400.0,544.14,10.0,417.8,544.14,0.25,2.8519279032626055e-05,13518.0,35.18000000000001,1.0,8.795000000000002,4397.500000000001,4397.500000000001
2024-07-01 00:30:00+00:00,135.18,400.0,544.14,10.0,417.8,544.14,0.25,2.8519279032626055e-05,13518.0,35.18000000000001,1.0,8.795000000000002,4397.500000000001,4397.500000000001
2024-07-01 00:45:00+00:00,135.18,400.0,542.38,10.0,417.8,542.38,0.25,2.8519279032626055e-05,13518.0,35.18000000000001,1.0,8.795000000000002,4397.500000000001,4397.500000000001
2024-07-01 01:00:00+00:00,135.18,400.0,544.14,10.0,417.8,544.14,0.25,2.8519279032626055e-05,13518.0,35.18000000000001,1.0,8.795000000000002,4397.500000000001,4397.500000000001
2024-07-01 01:15:00+00:00,131.98,400.0,544.14,10.0,384.5,544.14,0.25,2.8519279032626055e-05,13197.999999999998,31.97999999999999,1.0,7.994999999999997,3997.4999999999986,3997.4999999999986
2024-07-01 01:30:00+00:00,131.98,400.0,544.14,10.0,384.5,544.14,0.25,2.8519279032626055e-05,13197.999999999998,31.97999999999999,1.0,7.994999999999997,3997.4999999999986,3997.4999999999986
2024-07-01 01:45:00+00:00,131.98,400.0,544.14,10.0,384.5,544.14,0.25,2.8519279032626055e-05,13197.999999999998,31.97999999999999,1.0,7.994999999999997,3997.4999999999986,3997.4999999999986
2024-07-01 02:00:00+00:00,131.98,400.0,534.37,10.0,384.5,534.37,0.25,2.8519279032626055e-05,13197.999999999998,31.97999999999999,1.0,7.994999999999997,3997.4999999999986,3997.4999999999986
2024-07-01 02:15:00+00:00,147.78,400.0,443.19,10.0,380.41,443.19,0.25,2.8519279032626055e-05,14778.0,47.78,1.0,11.945,5972.5,5972.5
2024-07-01 02:30:00+00:00,147.78,400.0,369.7,10.0,380.41,369.7,0.25,2.8519279032626055e-05,14778.0,47.78,1.0,11.945,5972.5,5972.5
2024-07-01 02:45:00+00:00,147.78,400.0,366.7,10.0,380.41,366.7,0.25,2.8519279032626055e-05,14778.0,47.78,1.0,11.945,5972.5,5972.5
2024-07-01 03:00:00+00:00,147.78,400.0,368.7,10.0,380.41,368.7,0.25,2.8519279032626055e-05,14778.0,47.78,1.0,11.945,5972.5,5972.5
2024-07-01 03:15:00+00:00,129.67,400.0,370.81,0.0,384.98,370.81,0.25,2.8519279032626055e-05,12966.999999999998,29.669999999999987,1.0,7.417499999999997,3708.7499999999986,3708.7499999999986
2024-07-01 03:30:00+00:00,129.67,400.0,370.81,0.0,384.98,370.81,0.25,2.8519279032626055e-05,12966.999999999998,29.669999999999987,1.0,7.417499999999997,3708.7499999999986,3708.7499999999986
2024-07-01 03:45:00+00:00,129.67,400.0,376.81,0.0,384.98,376.81,0.25,2.8519279032626055e-05,12966.999999999998,29.669999999999987,1.0,7.417499999999997,3708.7499999999986,3708.7499999999986
2024-07-01 04:00:00+00:00,129.67,400.0,516.06,0.0,384.98,516.06,0.25,2.8519279032626055e-05,12966.999999999998,29.669999999999987,1.0,7.417499999999997,3708.7499999999986,3708.7499999999986
2024-07-01 04:15:00+00:00,68.91,400.0,618.05,0.0,618.05,534.14,0.25,2.8519279032626055e-05,6891.0,0.0,0.0,0.0,0.0,0.0
2024-07-01 04:30:00+00:00,68.91,400.0,618.05,0.0,618.05,534.14,0.25,2.8519279032626055e-05,6891.0,0.0,0.0,0.0,0.0,0.0
2024-07-01 04:45:00+00:00,68.91,400.0,618.05,0.0,618.05,552.59,0.25,2.8519279032626055e-05,6891.0,0.0,0.0,0.0,0.0,0.0
2024-07-01 05:00:00+00:00,68.91,400.0,618.05,0.0,618.05,603.89,0.25,2.8519279032626055e-05,6891.0,0.0,0.0,0.0,0.0,0.0
2024-07-01 05:15:00+00:00,68.91,400.0,631.04,10.0,624.65,631.04,0.25,2.8519279032626055e-05,6891.0,0.0,0.0,0.0,0.0,0.0
2024-07-01 05:30:00+00:00,68.91,400.0,746.91,10.0,624.65,746.91,0.25,2.8519279032626055e-05,6891.0,0.0,0.0,0.0,0.0,0.0
2024-07-01 05:45:00+00:00,68.91,400.0,666.63,10.0,624.65,666.63,0.25,2.8519279032626055e-05,6891.0,0.0,0.0,0.0,0.0,0.0
2024-07-01 06:00:00+00:00,68.91,400.0,654.04,10.0,624.65,654.04,0.25,2.8519279032626055e-05,6891.0,0.0,0.0,0.0,0.0,0.0
2024-07-01 06:15:00+00:00,68.91,400.0,679.0,10.0,623.53,679.0,0.25,2.8519279032626055e-05,6891.0,0.0,0.0,0.0,0.0,0.0
2024-07-01 06:30:00+00:00,68.91,400.0,679.0,10.0,623.53,679.0,0.25,2.8519279032626055e-05,6891.0,0.0,0.0,0.0,0.0,0.0
2024-07-01 06:45:00+00:00,68.91,400.0,657.0,10.0,623.53,657.0,0.25,2.8519279032626055e-05,6891.0,0.0,0.0,0.0,0.0,0.0
2024-07-01 07:00:00+00:00,68.91,400.0,626.05,10.0,623.53,626.05,0.25,2.8519279032626055e-05,6891.0,0.0,0.0,0.0,0.0,0.0
2024-07-01 07:15:00+00:00,68.91,400.0,665.87,10.0,621.29,665.87,0.25,2.8519279032626055e-05,6891.0,0.0,0.0,0.0,0.0,0.0
2024-07-01 07:30:00+00:00,68.91,400.0,621.29,10.0,621.29,582.67,0.25,2.8519279032626055e-05,6891.0,0.0,0.0,0.0,0.0,0.0
2024-07-01 07:45:00+00:00,68.91,400.0,621.29,10.0,621.29,546.61,0.25,2.8519279032626055e-05,6891.0,0.0,0.0,0.0,0.0,0.0
2024-07-01 08:00:00+00:00,68.91,400.0,621.29,10.0,621.29,570.76,0.25,2.8519279032626055e-05,6891.0,0.0,0.0,0.0,0.0,0.0
2024-07-01 08:15:00+00:00,68.91,400.0,623.47,10.0,548.96,623.47,0.25,2.8519279032626055e-05,6891.0,0.0,0.0,0.0,0.0,0.0
2024-07-01 08:30:00+00:00,68.91,400.0,755.87,25.63,548.96,755.87,0.25,2.8519279032626055e-05,6891.0,0.0,0.0,0.0,0.0,0.0
2024-07-01 08:45:00+00:00,68.91,400.0,751.76,14.85,548.96,751.76,0.25,2.8519279032626055e-05,6891.0,0.0,0.0,0.0,0.0,0.0
2024-07-01 09:00:00+00:00,68.91,400.0,740.24,10.0,548.96,740.24,0.25,2.8519279032626055e-05,6891.0,0.0,0.0,0.0,0.0,0.0
2024-07-01 09:15:00+00:00,68.91,400.0,665.87,10.0,554.39,665.87,0.25,2.8519279032626055e-05,6891.0,0.0,0.0,0.0,0.0,0.0
2024-07-01 09:30:00+00:00,68.91,400.0,554.39,10.0,554.39,544.14,0.25,2.8519279032626055e-05,6891.0,0.0,0.0,0.0,0.0,0.0
2024-07-01 09:45:00+00:00,68.91,400.0,554.39,10.0,554.39,544.86,0.25,2.8519279032626055e-05,6891.0,0.0,0.0,0.0,0.0,0.0
2024-07-01 10:00:00+00:00,68.91,400.0,554.39,10.0,554.39,544.86,0.25,2.8519279032626055e-05,6891.0,0.0,0.0,0.0,0.0,0.0
2024-07-01 10:15:00+00:00,89.49,400.0,544.14,10.0,505.83,544.14,0.25,2.8519279032626055e-05,8949.0,1.79106822805833e-118,2.938104629718335e-116,4.477670570145825e-119,2.2388352850729126e-116,2.2388352850729126e-116
2024-07-01 10:30:00+00:00,89.49,400.0,544.14,10.0,505.83,544.14,0.25,2.8519279032626055e-05,8949.0,1.79106822805833e-118,2.938104629718335e-116,4.477670570145825e-119,2.2388352850729126e-116,2.2388352850729126e-116
2024-07-01 10:45:00+00:00,89.49,400.0,544.14,10.0,505.83,544.14,0.25,2.8519279032626055e-05,8949.0,1.79106822805833e-118,2.938104629718335e-116,4.477670570145825e-119,2.2388352850729126e-116,2.2388352850729126e-116
2024-07-01 11:00:00+00:00,89.49,400.0,544.14,10.0,505.83,544.14,0.25,2.8519279032626055e-05,8949.0,1.79106822805833e-118,2.938104629718335e-116,4.477670570145825e-119,2.2388352850729126e-116,2.2388352850729126e-116
2024-07-01 11:15:00+00:00,88.64,400.0,503.59,10.0,503.59,493.71,0.25,2.8519279032626055e-05,8864.0,4.575138288878223e-139,1.0180908683384657e-136,1.1437845722195557e-139,5.718922861097778e-137,5.718922861097778e-137
2024-07-01 11:30:00+00:00,88.64,400.0,503.59,10.0,503.59,493.71,0.25,2.8519279032626055e-05,8864.0,4.575138288878223e-139,1.0180908683384657e-136,1.1437845722195557e-139,5.718922861097778e-137,5.718922861097778e-137
2024-07-01 11:45:00+00:00,88.64,400.0,503.59,10.0,503.59,402.87,0.25,2.8519279032626055e-05,8864.0,4.16620474517861e-139,1.0495777333789e-136,1.0415511862946524e-139,5.207755931473262e-137,5.207755931473262e-137
2024-07-01 12:00:00+00:00,88.64,400.0,465.97,10.0,503.59,465.97,0.25,2.8519279032626055e-05,8864.0,4.6168651769894426e-139,1.0148041328743735e-136,1.1542162942473606e-139,5.771081471236803e-137,5.771081471236803e-137
2024-07-01 12:15:00+00:00,68.91,400.0,396.98,10.0,588.29,396.98,0.25,2.8519279032626055e-05,6891.0,0.0,0.0,0.0,0.0,0.0
2024-07-01 12:30:00+00:00,68.91,400.0,390.67,10.0,588.29,390.67,0.25,2.8519279032626055e-05,6891.0,0.0,0.0,0.0,0.0,0.0
2024-07-01 12:45:00+00:00,68.91,400.0,450.88,10.0,588.29,450.88,0.25,2.8519279032626055e-05,6891.0,0.0,0.0,0.0,0.0,0.0
2024-07-01 13:00:00+00:00,68.91,400.0,450.88,10.0,588.29,450.88,0.25,2.8519279032626055e-05,6891.0,0.0,0.0,0.0,0.0,0.0
2024-07-01 13:15:00+00:00,68.91,400.0,393.82,10.0,535.29,393.82,0.25,2.8519279032626055e-05,6891.0,0.0,0.0,0.0,0.0,0.0
2024-07-01 13:30:00+00:00,68.91,400.0,393.82,10.0,535.29,393.82,0.25,2.8519279032626055e-05,6891.0,0.0,0.0,0.0,0.0,0.0
2024-07-01 13:45:00+00:00,68.91,400.0,447.86,10.0,535.29,447.86,0.25,2.8519279032626055e-05,6891.0,0.0,0.0,0.0,0.0,0.0
2024-07-01 14:00:00+00:00,68.91,400.0,451.86,10.0,535.29,451.86,0.25,2.8519279032626055e-05,6891.0,0.0,0.0,0.0,0.0,0.0
2024-07-01 14:15:00+00:00,68.91,400.0,390.67,10.0,763.57,390.67,0.25,2.8519279032626055e-05,6891.0,0.0,0.0,0.0,0.0,0.0
2024-07-01 14:30:00+00:00,68.91,400.0,390.67,10.0,763.57,390.67,0.25,2.8519279032626055e-05,6891.0,0.0,0.0,0.0,0.0,0.0
2024-07-01 14:45:00+00:00,68.91,400.0,396.98,10.0,763.57,396.98,0.25,2.8519279032626055e-05,6891.0,0.0,0.0,0.0,0.0,0.0
2024-07-01 15:00:00+00:00,68.91,400.0,464.0,10.0,763.57,464.0,0.25,2.8519279032626055e-05,6891.0,0.0,0.0,0.0,0.0,0.0
2024-07-01 15:15:00+00:00,68.91,400.0,435.47,0.0,866.48,435.47,0.25,2.8519279032626055e-05,6891.0,0.0,0.0,0.0,0.0,0.0
2024-07-01 15:30:00+00:00,68.91,400.0,455.97,0.0,866.48,455.97,0.25,2.8519279032626055e-05,6891.0,0.0,0.0,0.0,0.0,0.0
2024-07-01 15:45:00+00:00,68.91,400.0,497.2,0.0,866.48,497.2,0.25,2.8519279032626055e-05,6891.0,0.0,0.0,0.0,0.0,0.0
2024-07-01 16:00:00+00:00,68.91,400.0,597.0,0.0,866.48,597.0,0.25,2.8519279032626055e-05,6891.0,0.0,0.0,0.0,0.0,0.0
2024-07-01 16:15:00+00:00,68.91,400.0,841.0,0.0,1199.32,841.0,0.25,2.8519279032626055e-05,6891.0,0.0,0.0,0.0,0.0,0.0
2024-07-01 16:30:00+00:00,68.91,400.0,846.0,0.0,1199.32,846.0,0.25,2.8519279032626055e-05,6891.0,0.0,0.0,0.0,0.0,0.0
2024-07-01 16:45:00+00:00,68.91,400.0,1199.32,0.0,1199.32,665.23,0.25,2.8519279032626055e-05,6891.0,0.0,0.0,0.0,0.0,0.0
2024-07-01 17:00:00+00:00,68.91,400.0,1199.32,0.0,1199.32,736.91,0.25,2.8519279032626055e-05,6891.0,0.0,0.0,0.0,0.0,0.0
2024-07-01 17:15:00+00:00,68.91,400.0,1349.62,0.0,1349.62,428.44,0.25,2.8519279032626055e-05,6891.0,0.0,0.0,0.0,0.0,0.0
2024-07-01 17:30:00+00:00,68.91,400.0,1349.62,0.0,1349.62,795.47,0.25,2.8519279032626055e-05,6891.0,0.0,0.0,0.0,0.0,0.0
2024-07-01 17:45:00+00:00,1000.0,400.0,1349.62,0.0,1349.62,934.17,0.25,2.8519279032626055e-05,100000.0,900.0,1.0,225.0,112500.0,100000.0
2024-07-01 18:00:00+00:00,1000.0,400.0,1349.62,0.0,1349.62,1117.83,0.25,2.8519279032626055e-05,100000.0,900.0,1.0,225.0,112500.0,100000.0
2024-07-01 18:15:00+00:00,35.65,400.0,1454.17,0.0,1454.17,1117.83,0.25,2.8519279032626055e-05,3565.0,0.0,0.0,0.0,0.0,0.0
2024-07-01 18:30:00+00:00,1000.0,400.0,1454.17,0.0,1454.17,1117.83,0.25,2.8519279032626055e-05,100000.0,900.0,1.0,225.0,112500.0,100000.0
2024-07-01 18:45:00+00:00,1000.0,400.0,1454.17,0.0,1454.17,1117.91,0.25,2.8519279032626055e-05,100000.0,900.0,1.0,225.0,112500.0,100000.0
2024-07-01 19:00:00+00:00,1000.0,400.0,1454.17,0.0,1454.17,1133.3,0.25,2.8519279032626055e-05,100000.0,900.0,1.0,225.0,112500.0,100000.0
2024-07-01 19:15:00+00:00,1000.0,400.0,1124.36,0.0,1124.36,978.09,0.25,2.8519279032626055e-05,100000.0,900.0,1.0,225.0,112500.0,100000.0
2024-07-01 19:30:00+00:00,1000.0,400.0,1124.36,0.0,1124.36,934.3,0.25,2.8519279032626055e-05,100000.0,900.0,1.0,225.0,112500.0,100000.0
2024-07-01 19:45:00+00:00,1000.0,400.0,1124.36,0.0,1124.36,932.42,0.25,2.8519279032626055e-05,100000.0,900.0,1.0,225.0,112500.0,100000.0
2024-07-01 20:00:00+00:00,1000.0,400.0,1124.36,0.0,1124.36,711.25,0.25,2.8519279032626055e-05,100000.0,900.0,1.0,225.0,112500.0,100000.0
2024-07-01 20:15:00+00:00,1000.0,400.0,824.52,0.0,824.52,700.58,0.25,2.8519279032626055e-05,100000.0,900.0,1.0,225.0,112500.0,100000.0
2024-07-01 20:30:00+00:00,1000.0,400.0,824.52,0.0,824.52,710.88,0.25,2.8519279032626055e-05,100000.0,900.0,1.0,225.0,112500.0,100000.0
2024-07-01 20:45:00+00:00,1000.0,400.0,824.52,0.0,824.52,551.46,0.25,2.8519279032626055e-05,100000.0,900.0,1.0,225.0,112500.0,100000.0
2024-07-01 21:00:00+00:00,1000.0,400.0,824.52,0.0,824.52,452.04,0.25,2.8519279032626055e-05,100000.0,900.0,1.0,225.0,112500.0,100000.0
2024-07-01 21:15:00+00:00,71.89,400.0,604.64,0.0,604.64,586.0,0.25,2.8519279032626055e-05,7189.0,0.0,0.0,0.0,0.0,0.0
2024-07-01 21:30:00+00:00,71.89,400.0,604.64,0.0,604.64,557.79,0.25,2.8519279032626055e-05,7189.0,0.0,0.0,0.0,0.0,0.0
2024-07-01 21:45:00+00:00,71.89,400.0,604.64,0.0,604.64,446.75,0.25,2.8519279032626055e-05,7189.0,0.0,0.0,0.0,0.0,0.0
2024-07-01 22:00:00+00:00,71.89,400.0,481.0,0.0,604.64,481.0,0.25,2.8519279032626055e-05,7189.0,0.0,0.0,0.0,0.0,0.0
2024-07-01 22:15:00+00:00,160.13,400.0,717.4,10.0,717.4,635.49,0.25,2.8519279032626055e-05,16013.0,60.129999999999995,1.0,15.032499999999999,7516.249999999999,7516.249999999999
2024-07-01 22:30:00+00:00,160.13,400.0,717.4,10.0,717.4,636.44,0.25,2.8519279032626055e-05,16013.0,60.129999999999995,1.0,15.032499999999999,7516.249999999999,7516.249999999999
2024-07-01 22:45:00+00:00,160.13,400.0,717.4,0.0,717.4,501.54,0.25,2.8519279032626055e-05,16013.0,60.129999999999995,1.0,15.032499999999999,7516.249999999999,7516.249999999999
2024-07-01 23:00:00+00:00,160.13,400.0,607.0,0.0,717.4,607.0,0.25,2.8519279032626055e-05,16013.0,60.129999999999995,1.0,15.032499999999999,7516.249999999999,7516.249999999999
2024-07-01 23:15:00+00:00,149.51,400.0,629.28,0.0,629.28,537.53,0.25,2.8519279032626055e-05,14951.0,49.50999999999999,1.0,12.377499999999998,6188.749999999999,6188.749999999999
2024-07-01 23:30:00+00:00,149.51,400.0,629.28,0.0,629.28,486.39,0.25,2.8519279032626055e-05,14951.0,49.50999999999999,1.0,12.377499999999998,6188.749999999999,6188.749999999999
2024-07-01 23:45:00+00:00,149.51,400.0,629.28,0.0,629.28,430.1,0.25,2.8519279032626055e-05,14951.0,49.50999999999999,1.0,12.377499999999998,6188.749999999999,6188.749999999999
2024-07-02 00:00:00+00:00,149.51,400.0,531.0,0.0,629.28,531.0,0.25,2.8519279032626055e-05,14951.0,49.50999999999999,1.0,12.377499999999998,6188.749999999999,6188.749999999999
2024-07-02 00:15:00+00:00,143.84,400.0,509.0,0.0,591.89,509.0,0.25,2.8519279032626055e-05,14384.0,43.84,1.0,10.96,5480.0,5480.0
2024-07-02 00:30:00+00:00,143.84,400.0,591.89,0.0,591.89,426.72,0.25,2.8519279032626055e-05,14384.0,43.84,1.0,10.96,5480.0,5480.0
2024-07-02 00:45:00+00:00,143.84,400.0,591.89,0.0,591.89,401.96,0.25,2.8519279032626055e-05,14384.0,43.84,1.0,10.96,5480.0,5480.0
2024-07-02 01:00:00+00:00,143.84,400.0,507.0,0.0,591.89,507.0,0.25,2.8519279032626055e-05,14384.0,43.84,1.0,10.96,5480.0,5480.0
2024-07-02 01:15:00+00:00,140.99,400.0,555.19,0.0,555.19,430.47,0.25,2.8519279032626055e-05,14099.0,40.99000000000001,1.0,10.247500000000002,5123.750000000001,5123.750000000001
2024-07-02 01:30:00+00:00,140.99,400.0,498.22,0.0,555.19,498.22,0.25,2.8519279032626055e-05,14099.0,40.99000000000001,1.0,10.247500000000002,5123.750000000001,5123.750000000001
2024-07-02 01:45:00+00:00,140.99,400.0,428.44,0.0,555.19,428.44,0.25,2.8519279032626055e-05,14099.0,40.99000000000001,1.0,10.247500000000002,5123.750000000001,5123.750000000001
2024-07-02 02:00:00+00:00,140.99,400.0,427.72,0.0,555.19,427.72,0.25,2.8519279032626055e-05,14099.0,40.99000000000001,1.0,10.247500000000002,5123.750000000001,5123.750000000001
2024-07-02 02:15:00+00:00,134.33,400.0,412.0,0.0,523.55,412.0,0.25,2.8519279032626055e-05,13433.000000000002,34.33000000000001,1.0,8.582500000000003,4291.250000000002,4291.250000000002
2024-07-02 02:30:00+00:00,134.33,400.0,428.44,0.0,523.55,428.44,0.25,2.8519279032626055e-05,13433.000000000002,34.33000000000001,1.0,8.582500000000003,4291.250000000002,4291.250000000002
2024-07-02 02:45:00+00:00,134.33,400.0,413.0,0.0,523.55,413.0,0.25,2.8519279032626055e-05,13433.000000000002,34.33000000000001,1.0,8.582500000000003,4291.250000000002,4291.250000000002
2024-07-02 03:00:00+00:00,134.33,400.0,523.55,0.0,523.55,401.96,0.25,2.8519279032626055e-05,13433.000000000002,34.33000000000001,1.0,8.582500000000003,4291.250000000002,4291.250000000002
2024-07-02 03:15:00+00:00,136.33,400.0,419.0,0.0,537.91,419.0,0.25,2.8519279032626055e-05,13633.000000000002,36.33000000000001,1.0,9.082500000000003,4541.250000000002,4541.250000000002
2024-07-02 03:30:00+00:00,136.33,400.0,327.41,0.0,537.91,327.41,0.25,2.8519279032626055e-05,13633.000000000002,36.33000000000001,1.0,9.082500000000003,4541.250000000002,4541.250000000002
2024-07-02 03:45:00+00:00,136.33,400.0,417.0,0.0,537.91,417.0,0.25,2.8519279032626055e-05,13633.000000000002,36.33000000000001,1.0,9.082500000000003,4541.250000000002,4541.250000000002
2024-07-02 04:00:00+00:00,136.33,400.0,420.0,0.0,537.91,420.0,0.25,2.8519279032626055e-05,13633.000000000002,36.33000000000001,1.0,9.082500000000003,4541.250000000002,4541.250000000002
2024-07-02 04:15:00+00:00,157.84,400.0,146.02,0.0,643.04,146.02,0.25,2.8519279032626055e-05,15784.0,57.84,1.0,14.46,7230.0,7230.0
2024-07-02 04:30:00+00:00,157.84,400.0,562.0,0.0,643.04,562.0,0.25,2.8519279032626055e-05,15784.0,57.84,1.0,14.46,7230.0,7230.0
2024-07-02 04:45:00+00:00,157.84,400.0,643.04,0.0,643.04,500.99,0.25,2.8519279032626055e-05,15784.0,57.84,1.0,14.46,7230.0,7230.0
2024-07-02 05:00:00+00:00,157.84,400.0,643.04,0.0,643.04,565.49,0.25,2.8519279032626055e-05,15784.0,57.84,1.0,14.46,7230.0,7230.0
2024-07-02 05:15:00+00:00,176.05,400.0,607.54,10.0,458.56,607.54,0.25,2.8519279032626055e-05,17605.0,76.05000000000001,1.0,19.012500000000003,9506.250000000002,9506.250000000002
2024-07-02 05:30:00+00:00,176.05,400.0,607.54,10.0,458.56,607.54,0.25,2.8519279032626055e-05,17605.0,76.05000000000001,1.0,19.012500000000003,9506.250000000002,9506.250000000002
2024-07-02 05:45:00+00:00,176.05,400.0,646.84,10.0,458.56,646.84,0.25,2.8519279032626055e-05,17605.0,76.05000000000001,1.0,19.012500000000003,9506.250000000002,9506.250000000002
2024-07-02 06:00:00+00:00,176.05,400.0,458.56,10.0,458.56,623.81,0.25,2.8519279032626055e-05,17605.0,76.05000000000001,1.0,19.012500000000003,9506.250000000002,9506.250000000002
2024-07-02 06:15:00+00:00,175.05,400.0,725.26,10.0,610.59,725.26,0.25,2.8519279032626055e-05,17505.0,75.05000000000001,1.0,18.762500000000003,9381.250000000002,9381.250000000002
2024-07-02 06:30:00+00:00,175.05,400.0,646.84,10.0,610.59,646.84,0.25,2.8519279032626055e-05,17505.0,75.05000000000001,1.0,18.762500000000003,9381.250000000002,9381.250000000002
2024-07-02 06:45:00+00:00,175.05,400.0,523.9,10.0,610.59,523.9,0.25,2.8519279032626055e-05,17505.0,75.05000000000001,1.0,18.762500000000003,9381.250000000002,9381.250000000002
2024-07-02 07:00:00+00:00,175.05,400.0,539.58,10.0,610.59,539.58,0.25,2.8519279032626055e-05,17505.0,75.05000000000001,1.0,18.762500000000003,9381.250000000002,9381.250000000002
2024-07-02 07:15:00+00:00,162.67,400.0,736.54,10.0,461.53,736.54,0.25,2.8519279032626055e-05,16266.999999999998,62.66999999999999,1.0,15.667499999999997,7833.749999999998,7833.749999999998
2024-07-02 07:30:00+00:00,162.67,400.0,723.21,10.0,461.53,723.21,0.25,2.8519279032626055e-05,16266.999999999998,62.66999999999999,1.0,15.667499999999997,7833.749999999998,7833.749999999998
2024-07-02 07:45:00+00:00,162.67,400.0,497.92,10.0,461.53,497.92,0.25,2.8519279032626055e-05,16266.999999999998,62.66999999999999,1.0,15.667499999999997,7833.749999999998,7833.749999999998
2024-07-02 08:00:00+00:00,162.67,400.0,461.53,10.0,461.53,461.15,0.25,2.8519279032626055e-05,16266.999999999998,62.66999999999999,1.0,15.667499999999997,7833.749999999998,7833.749999999998
2024-07-02 08:15:00+00:00,189.77,400.0,513.92,10.0,359.32,513.92,0.25,2.8519279032626055e-05,18977.0,89.77000000000001,1.0,22.442500000000003,11221.250000000002,11221.250000000002
2024-07-02 08:30:00+00:00,189.77,400.0,462.99,10.0,359.32,462.99,0.25,2.8519279032626055e-05,18977.0,89.77000000000001,1.0,22.442500000000003,11221.250000000002,11221.250000000002
2024-07-02 08:45:00+00:00,162.59,400.0,450.38,10.0,359.32,450.38,0.25,2.8519279032626055e-05,16259.0,62.59,1.0,15.6475,7823.75,7823.75
2024-07-02 09:00:00+00:00,189.77,400.0,450.38,10.0,359.32,450.38,0.25,2.8519279032626055e-05,18977.0,89.77000000000001,1.0,22.442500000000003,11221.250000000002,11221.250000000002
2024-07-02 09:15:00+00:00,199.77,400.0,457.99,10.0,321.37,457.99,0.25,2.8519279032626055e-05,19977.0,99.77000000000001,1.0,24.942500000000003,12471.250000000002,12471.250000000002
2024-07-02 09:30:00+00:00,199.77,400.0,456.99,10.0,321.37,456.99,0.25,2.8519279032626055e-05,19977.0,99.77000000000001,1.0,24.942500000000003,12471.250000000002,12471.250000000002
2024-07-02 09:45:00+00:00,199.77,400.0,489.92,10.0,321.37,489.92,0.25,2.8519279032626055e-05,19977.0,99.77000000000001,1.0,24.942500000000003,12471.250000000002,12471.250000000002
2024-07-02 10:00:00+00:00,199.77,400.0,548.82,10.0,321.37,548.82,0.25,2.8519279032626055e-05,19977.0,99.77000000000001,1.0,24.942500000000003,12471.250000000002,12471.250000000002
2024-07-02 10:15:00+00:00,1000.0,400.0,594.99,10.0,314.19,594.99,0.25,2.8519279032626055e-05,100000.0,900.0,1.0,225.0,112500.0,100000.0
2024-07-02 10:30:00+00:00,1000.0,400.0,619.99,10.0,314.19,619.99,0.25,2.8519279032626055e-05,100000.0,900.0,1.0,225.0,112500.0,100000.0
2024-07-02 10:45:00+00:00,1000.0,400.0,649.34,10.0,314.19,649.34,0.25,2.8519279032626055e-05,100000.0,900.0,1.0,225.0,112500.0,100000.0
2024-07-02 11:00:00+00:00,1000.0,400.0,644.99,10.0,314.19,644.99,0.25,2.8519279032626055e-05,100000.0,900.0,1.0,225.0,112500.0,100000.0
2024-07-02 11:15:00+00:00,1000.0,400.0,601.99,10.0,305.34,601.99,0.25,2.8519279032626055e-05,100000.0,900.0,1.0,225.0,112500.0,100000.0
2024-07-02 11:30:00+00:00,1000.0,400.0,585.84,10.0,305.34,585.84,0.25,2.8519279032626055e-05,100000.0,900.0,1.0,225.0,112500.0,100000.0
2024-07-02 11:45:00+00:00,1000.0,400.0,467.94,10.0,305.34,467.94,0.25,2.8519279032626055e-05,100000.0,900.0,1.0,225.0,112500.0,100000.0
2024-07-02 12:00:00+00:00,1000.0,400.0,434.99,10.0,305.34,434.99,0.25,2.8519279032626055e-05,100000.0,900.0,1.0,225.0,112500.0,100000.0
2024-07-02 12:15:00+00:00,1000.0,400.0,423.99,10.0,274.95,423.99,0.25,2.8519279032626055e-05,100000.0,900.0,1.0,225.0,112500.0,100000.0
2024-07-02 12:30:00+00:00,1000.0,400.0,421.99,10.0,274.95,421.99,0.25,2.8519279032626055e-05,100000.0,900.0,1.0,225.0,112500.0,100000.0
2024-07-02 12:45:00+00:00,1000.0,400.0,420.47,10.0,274.95,420.47,0.25,2.8519279032626055e-05,100000.0,900.0,1.0,225.0,112500.0,100000.0
2024-07-02 13:00:00+00:00,1000.0,400.0,409.99,0.0,274.95,409.99,0.25,2.8519279032626055e-05,100000.0,900.0,1.0,225.0,112500.0,100000.0
2024-07-02 13:15:00+00:00,1000.0,400.0,290.55,0.0,290.55,427.72,0.25,2.8519279032626055e-05,100000.0,900.0,1.0,225.0,112500.0,100000.0
2024-07-02 13:30:00+00:00,1000.0,400.0,290.55,0.0,290.55,473.55,0.25,2.8519279032626055e-05,100000.0,900.0,1.0,225.0,112500.0,100000.0
2024-07-02 13:45:00+00:00,1000.0,400.0,290.55,0.0,290.55,513.9,0.25,2.8519279032626055e-05,100000.0,900.0,1.0,225.0,112500.0,100000.0
2024-07-02 14:00:00+00:00,1000.0,400.0,290.55,0.0,290.55,489.52,0.25,2.8519279032626055e-05,100000.0,900.0,1.0,225.0,112500.0,100000.0
2024-07-02 14:15:00+00:00,1000.0,400.0,343.5,0.0,343.5,428.44,0.25,2.8519279032626055e-05,100000.0,900.0,1.0,225.0,112500.0,100000.0
2024-07-02 14:30:00+00:00,1000.0,400.0,343.5,10.0,343.5,438.44,0.25,2.8519279032626055e-05,100000.0,900.0,1.0,225.0,112500.0,100000.0
2024-07-02 14:45:00+00:00,1000.0,400.0,343.5,10.0,343.5,755.0,0.25,2.8519279032626055e-05,100000.0,900.0,1.0,225.0,112500.0,100000.0
2024-07-02 15:00:00+00:00,1000.0,400.0,367.12,10.0,343.5,367.12,0.25,2.8519279032626055e-05,100000.0,900.0,1.0,225.0,112500.0,100000.0
2024-07-02 15:15:00+00:00,1000.0,400.0,396.0,0.0,409.39,396.0,0.25,2.8519279032626055e-05,100000.0,900.0,1.0,225.0,112500.0,100000.0
2024-07-02 15:30:00+00:00,1000.0,400.0,383.49,0.0,409.39,383.49,0.25,2.8519279032626055e-05,100000.0,900.0,1.0,225.0,112500.0,100000.0
2024-07-02 15:45:00+00:00,1000.0,400.0,400.0,0.0,409.39,400.0,0.25,2.8519279032626055e-05,100000.0,900.0,1.0,225.0,112500.0,100000.0
2024-07-02 16:00:00+00:00,1000.0,400.0,409.39,0.0,409.39,357.13,0.25,2.8519279032626055e-05,100000.0,900.0,1.0,225.0,112500.0,100000.0
2024-07-02 16:15:00+00:00,1000.0,400.0,380.33,0.0,753.63,380.33,0.25,2.8519279032626055e-05,100000.0,900.0,1.0,225.0,112500.0,100000.0
2024-07-02 16:30:00+00:00,161.4,400.0,273.28,0.0,753.63,273.28,0.25,2.8519279032626055e-05,16140.0,61.400000000000006,1.0,15.350000000000001,7675.000000000001,7675.000000000001
2024-07-02 16:45:00+00:00,161.4,400.0,445.36,0.0,753.63,445.36,0.25,2.8519279032626055e-05,16140.0,61.400000000000006,1.0,15.350000000000001,7675.000000000001,7675.000000000001
2024-07-02 17:00:00+00:00,161.4,400.0,745.0,0.0,753.63,745.0,0.25,2.8519279032626055e-05,16140.0,61.400000000000006,1.0,15.350000000000001,7675.000000000001,7675.000000000001
2024-07-02 17:15:00+00:00,217.16,400.0,386.64,0.0,487.28,386.64,0.25,2.8519279032626055e-05,21716.0,117.16,1.0,29.29,14645.0,14645.0
2024-07-02 17:30:00+00:00,68.89,400.0,403.89,0.0,487.28,403.89,0.25,2.8519279032626055e-05,6889.0,0.0,0.0,0.0,0.0,0.0
2024-07-02 17:45:00+00:00,68.89,400.0,449.86,0.0,487.28,449.86,0.25,2.8519279032626055e-05,6889.0,0.0,0.0,0.0,0.0,0.0
2024-07-02 18:00:00+00:00,68.89,400.0,487.28,0.0,487.28,613.81,0.25,2.8519279032626055e-05,6889.0,0.0,0.0,0.0,0.0,0.0
2024-07-02 18:15:00+00:00,68.89,400.0,483.03,0.0,607.67,483.03,0.25,2.8519279032626055e-05,6889.0,0.0,0.0,0.0,0.0,0.0
2024-07-02 18:30:00+00:00,14.57,400.0,449.86,0.0,607.67,449.86,0.25,2.8519279032626055e-05,1457.0,0.0,0.0,0.0,0.0,0.0
2024-07-02 18:45:00+00:00,285.92,400.0,490.42,0.0,607.67,490.42,0.25,2.8519279032626055e-05,28592.0,185.92000000000002,1.0,46.480000000000004,23240.000000000004,23240.000000000004
2024-07-02 19:00:00+00:00,285.92,400.0,539.52,0.0,607.67,539.52,0.25,2.8519279032626055e-05,28592.0,185.92000000000002,1.0,46.480000000000004,23240.000000000004,23240.000000000004
2024-07-02 19:15:00+00:00,264.54,400.0,485.26,10.0,485.26,492.84,0.25,2.8519279032626055e-05,26454.000000000004,164.54000000000002,1.0,41.135000000000005,20567.500000000004,20567.500000000004
2024-07-02 19:30:00+00:00,264.54,400.0,467.23,10.0,485.26,467.23,0.25,2.8519279032626055e-05,26454.000000000004,164.54000000000002,1.0,41.135000000000005,20567.500000000004,20567.500000000004
2024-07-02 19:45:00+00:00,264.54,400.0,399.84,10.0,485.26,399.84,0.25,2.8519279032626055e-05,26454.000000000004,164.54000000000002,1.0,41.135000000000005,20567.500000000004,20567.500000000004
2024-07-02 20:00:00+00:00,264.54,400.0,339.06,10.0,485.26,339.06,0.25,2.8519279032626055e-05,26454.000000000004,164.54000000000002,1.0,41.135000000000005,20567.500000000004,20567.500000000004
2024-07-02 20:15:00+00:00,192.35,400.0,387.18,10.0,514.31,387.18,0.25,2.8519279032626055e-05,19235.0,92.35,1.0,23.0875,11543.75,11543.75
2024-07-02 20:30:00+00:00,192.35,400.0,345.46,10.0,514.31,345.46,0.25,2.8519279032626055e-05,19235.0,92.35,1.0,23.0875,11543.75,11543.75
2024-07-02 20:45:00+00:00,192.35,400.0,247.97,0.0,514.31,247.97,0.25,2.8519279032626055e-05,19235.0,92.35,1.0,23.0875,11543.75,11543.75
2024-07-02 21:00:00+00:00,192.35,400.0,136.07,0.0,514.31,136.07,0.25,2.8519279032626055e-05,19235.0,92.35,1.0,23.0875,11543.75,11543.75
2024-07-02 21:15:00+00:00,156.51,400.0,445.46,10.0,445.46,465.0,0.25,2.8519279032626055e-05,15651.0,56.50999999999999,1.0,14.127499999999998,7063.749999999999,7063.749999999999
2024-07-02 21:30:00+00:00,156.51,400.0,445.46,10.0,445.46,492.84,0.25,2.8519279032626055e-05,15651.0,56.50999999999999,1.0,14.127499999999998,7063.749999999999,7063.749999999999
2024-07-02 21:45:00+00:00,156.51,400.0,445.46,0.0,445.46,453.0,0.25,2.8519279032626055e-05,15651.0,56.50999999999999,1.0,14.127499999999998,7063.749999999999,7063.749999999999
2024-07-02 22:00:00+00:00,156.51,400.0,288.89,0.0,445.46,288.89,0.25,2.8519279032626055e-05,15651.0,56.50999999999999,1.0,14.127499999999998,7063.749999999999,7063.749999999999
2024-07-02 22:15:00+00:00,41.62,400.0,437.0,10.0,450.0,437.0,0.25,2.8519279032626055e-05,4162.0,0.0,0.0,0.0,0.0,0.0
2024-07-02 22:30:00+00:00,59.4,400.0,450.0,10.0,450.0,317.7,0.25,2.8519279032626055e-05,5940.0,0.0,0.0,0.0,0.0,0.0
2024-07-02 22:45:00+00:00,59.4,400.0,435.0,10.0,450.0,435.0,0.25,2.8519279032626055e-05,5940.0,0.0,0.0,0.0,0.0,0.0
2024-07-02 23:00:00+00:00,59.4,400.0,377.34,0.0,450.0,377.34,0.25,2.8519279032626055e-05,5940.0,0.0,0.0,0.0,0.0,0.0
2024-07-02 23:15:00+00:00,165.4,400.0,325.26,0.0,400.01,325.26,0.25,2.8519279032626055e-05,16540.0,65.4,1.0,16.35,8175.000000000001,8175.000000000001
2024-07-02 23:30:00+00:00,114.75,400.0,323.0,0.0,400.01,323.0,0.25,2.8519279032626055e-05,11475.0,14.75,1.0,3.6875,1843.75,1843.75
2024-07-02 23:45:00+00:00,114.75,400.0,321.15,0.0,400.01,321.15,0.25,2.8519279032626055e-05,11475.0,14.75,1.0,3.6875,1843.75,1843.75
2024-07-03 00:00:00+00:00,114.75,400.0,321.0,0.0,400.01,321.0,0.25,2.8519279032626055e-05,11475.0,14.75,1.0,3.6875,1843.75,1843.75
2024-07-03 00:15:00+00:00,100.58,400.0,317.0,0.0,400.79,317.0,0.25,2.8519279032626055e-05,10058.0,0.6075620309354122,0.890142576162813,0.15189050773385304,75.94525386692652,75.94525386692652
2024-07-03 00:30:00+00:00,100.58,400.0,315.0,0.0,400.79,315.0,0.25,2.8519279032626055e-05,10058.0,0.6075620304535789,0.8901426079739744,0.15189050761339473,75.94525380669737,75.94525380669737
2024-07-03 00:45:00+00:00,100.58,400.0,315.0,0.0,400.79,315.0,0.25,2.8519279032626055e-05,10058.0,0.6075620304535789,0.8901426079739744,0.15189050761339473,75.94525380669737,75.94525380669737
2024-07-03 01:00:00+00:00,101.56,400.0,272.21,0.0,400.79,272.21,0.25,2.8519279032626055e-05,10156.0,1.5600914931632133,0.9993784748363806,0.3900228732908033,195.01143664540166,195.01143664540166
2024-07-03 01:15:00+00:00,106.16,400.0,273.28,0.0,399.53,273.28,0.25,2.8519279032626055e-05,10616.0,6.159999999999997,1.0,1.5399999999999991,769.9999999999995,769.9999999999995
2024-07-03 01:30:00+00:00,41.62,400.0,308.4,0.0,399.53,308.4,0.25,2.8519279032626055e-05,4162.0,0.0,0.0,0.0,0.0,0.0
2024-07-03 01:45:00+00:00,41.62,400.0,310.4,0.0,399.53,310.4,0.25,2.8519279032626055e-05,4162.0,0.0,0.0,0.0,0.0,0.0
2024-07-03 02:00:00+00:00,106.16,400.0,315.4,0.0,399.53,315.4,0.25,2.8519279032626055e-05,10616.0,6.159999999999997,1.0,1.5399999999999991,769.9999999999995,769.9999999999995
2024-07-03 02:15:00+00:00,122.75,400.0,320.27,0.0,402.95,320.27,0.25,2.8519279032626055e-05,12275.0,22.75,1.0,5.6875,2843.75,2843.75
2024-07-03 02:30:00+00:00,107.56,400.0,320.27,0.0,402.95,320.27,0.25,2.8519279032626055e-05,10756.0,7.560000000000002,1.0,1.8900000000000006,945.0000000000002,945.0000000000002
2024-07-03 02:45:00+00:00,122.75,400.0,320.27,0.0,402.95,320.27,0.25,2.8519279032626055e-05,12275.0,22.75,1.0,5.6875,2843.75,2843.75
2024-07-03 03:00:00+00:00,107.56,400.0,320.27,0.0,402.95,320.27,0.25,2.8519279032626055e-05,10756.0,7.560000000000002,1.0,1.8900000000000006,945.0000000000002,945.0000000000002
2024-07-03 03:15:00+00:00,108.75,400.0,322.0,0.0,390.05,322.0,0.25,2.8519279032626055e-05,10875.0,8.75,1.0,2.1875,1093.75,1093.75
2024-07-03 03:30:00+00:00,108.75,400.0,320.27,0.0,390.05,320.27,0.25,2.8519279032626055e-05,10875.0,8.75,1.0,2.1875,1093.75,1093.75
2024-07-03 03:45:00+00:00,108.75,400.0,320.27,0.0,390.05,320.27,0.25,2.8519279032626055e-05,10875.0,8.75,1.0,2.1875,1093.75,1093.75
2024-07-03 04:00:00+00:00,159.4,400.0,318.66,0.0,390.05,318.66,0.25,2.8519279032626055e-05,15940.0,59.400000000000006,1.0,14.850000000000001,7425.000000000001,7425.000000000001
2024-07-03 04:15:00+00:00,118.93,400.0,240.28,0.0,456.97,240.28,0.25,2.8519279032626055e-05,11893.0,18.930000000000007,1.0,4.732500000000002,2366.250000000001,2366.250000000001
2024-07-03 04:30:00+00:00,98.93,400.0,374.14,0.0,456.97,374.14,0.25,2.8519279032626055e-05,9893.0,0.002212548821009852,0.014335564070834923,0.000553137205252463,0.2765686026262315,0.2765686026262315
2024-07-03 04:45:00+00:00,98.93,400.0,456.0,0.0,456.97,456.0,0.25,2.8519279032626055e-05,9893.0,0.00221255247483243,0.014335311633461125,0.0005531381187081075,0.27656905935405374,0.27656905935405374
2024-07-03 05:00:00+00:00,1000.0,400.0,454.0,0.0,456.97,454.0,0.25,2.8519279032626055e-05,100000.0,900.0,1.0,225.0,112500.0,100000.0
2024-07-03 05:15:00+00:00,125.62,400.0,411.1,10.0,494.46,411.1,0.25,2.8519279032626055e-05,12562.0,25.620000000000005,1.0,6.405000000000001,3202.5000000000005,3202.5000000000005
2024-07-03 05:30:00+00:00,85.3,400.0,452.67,10.0,494.46,452.67,0.25,2.8519279032626055e-05,8530.0,1.443744694451343e-239,4.372105534808022e-236,3.6093617361283573e-240,1.8046808680641786e-237,1.8046808680641786e-237
2024-07-03 05:45:00+00:00,85.3,400.0,413.1,10.0,494.46,413.1,0.25,2.8519279032626055e-05,8530.0,1.4378555148207217e-239,4.372586276352403e-236,3.5946387870518043e-240,1.7973193935259022e-237,1.7973193935259022e-237
2024-07-03 06:00:00+00:00,85.3,400.0,409.1,10.0,494.46,409.1,0.25,2.8519279032626055e-05,8530.0,1.4372600961675309e-239,4.3726348758593975e-236,3.593150240418827e-240,1.7965751202094136e-237,1.7965751202094136e-237
2024-07-03 06:15:00+00:00,79.4,400.0,412.89,10.0,484.41,412.89,0.25,2.8519279032626055e-05,7940.000000000001,0.0,0.0,0.0,0.0,0.0
2024-07-03 06:30:00+00:00,79.4,400.0,400.0,10.0,484.41,400.0,0.25,2.8519279032626055e-05,7940.000000000001,0.0,0.0,0.0,0.0,0.0
2024-07-03 06:45:00+00:00,79.4,400.0,396.8,10.0,484.41,396.8,0.25,2.8519279032626055e-05,7940.000000000001,0.0,0.0,0.0,0.0,0.0
2024-07-03 07:00:00+00:00,1000.0,400.0,413.0,10.0,484.41,413.0,0.25,2.8519279032626055e-05,100000.0,900.0,1.0,225.0,112500.0,100000.0
2024-07-03 07:15:00+00:00,1000.0,400.0,402.43,10.0,402.43,485.07,0.25,2.8519279032626055e-05,100000.0,900.0,1.0,225.0,112500.0,100000.0
2024-07-03 07:30:00+00:00,129.73,400.0,402.43,10.0,402.43,465.78,0.25,2.8519279032626055e-05,12972.999999999998,29.72999999999999,1.0,7.432499999999997,3716.2499999999986,3716.2499999999986
2024-07-03 07:45:00+00:00,129.73,400.0,364.67,10.0,402.43,364.67,0.25,2.8519279032626055e-05,12972.999999999998,29.72999999999999,1.0,7.432499999999997,3716.2499999999986,3716.2499999999986
2024-07-03 08:00:00+00:00,129.73,400.0,362.67,10.0,402.43,362.67,0.25,2.8519279032626055e-05,12972.999999999998,29.72999999999999,1.0,7.432499999999997,3716.2499999999986,3716.2499999999986
2024-07-03 08:15:00+00:00,199.4,400.0,326.78,10.0,379.53,326.78,0.25,2.8519279032626055e-05,19940.0,99.4,1.0,24.85,12425.0,12425.0
2024-07-03 08:30:00+00:00,199.4,400.0,293.0,10.0,379.53,293.0,0.25,2.8519279032626055e-05,19940.0,99.4,1.0,24.85,12425.0,12425.0
2024-07-03 08:45:00+00:00,132.58,400.0,329.94,10.0,379.53,329.94,0.25,2.8519279032626055e-05,13258.000000000002,32.58000000000001,1.0,8.145000000000003,4072.5000000000014,4072.5000000000014
2024-07-03 09:00:00+00:00,199.4,400.0,379.53,10.0,379.53,393.65,0.25,2.8519279032626055e-05,19940.0,99.4,1.0,24.85,12425.0,12425.0
2024-07-03 09:15:00+00:00,204.4,400.0,432.67,10.0,425.03,432.67,0.25,2.8519279032626055e-05,20440.0,104.4,1.0,26.1,13050.0,13050.0
2024-07-03 09:30:00+00:00,204.4,400.0,515.08,10.0,425.03,515.08,0.25,2.8519279032626055e-05,20440.0,104.4,1.0,26.1,13050.0,13050.0
2024-07-03 09:45:00+00:00,204.4,400.0,425.03,10.0,425.03,465.78,0.25,2.8519279032626055e-05,20440.0,104.4,1.0,26.1,13050.0,13050.0
2024-07-03 10:00:00+00:00,204.4,400.0,425.03,10.0,425.03,486.78,0.25,2.8519279032626055e-05,20440.0,104.4,1.0,26.1,13050.0,13050.0
2024-07-03 10:15:00+00:00,218.85,400.0,380.4,10.0,380.4,452.67,0.25,2.8519279032626055e-05,21885.0,118.85,1.0,29.7125,14856.25,14856.25
2024-07-03 10:30:00+00:00,218.85,400.0,380.4,10.0,380.4,387.34,0.25,2.8519279032626055e-05,21885.0,118.85,1.0,29.7125,14856.25,14856.25
2024-07-03 10:45:00+00:00,218.85,400.0,157.1,10.0,380.4,157.1,0.25,2.8519279032626055e-05,21885.0,118.85,1.0,29.7125,14856.25,14856.25
2024-07-03 11:00:00+00:00,218.85,400.0,115.06,10.0,380.4,115.06,0.25,2.8519279032626055e-05,21885.0,118.85,1.0,29.7125,14856.25,14856.25
2024-07-03 11:15:00+00:00,211.69,400.0,136.03,10.0,375.77,136.03,0.25,2.8519279032626055e-05,21169.0,111.69,1.0,27.9225,13961.25,13961.25
2024-07-03 11:30:00+00:00,211.69,400.0,333.11,10.0,375.77,333.11,0.25,2.8519279032626055e-05,21169.0,111.69,1.0,27.9225,13961.25,13961.25
2024-07-03 11:45:00+00:00,211.69,400.0,323.66,10.0,375.77,323.66,0.25,2.8519279032626055e-05,21169.0,111.69,1.0,27.9225,13961.25,13961.25
2024-07-03 12:00:00+00:00,211.69,400.0,115.06,10.0,375.77,115.06,0.25,2.8519279032626055e-05,21169.0,111.69,1.0,27.9225,13961.25,13961.25
2024-07-03 12:15:00+00:00,187.4,400.0,95.16,10.0,384.51,95.16,0.25,2.8519279032626055e-05,18740.0,87.4,1.0,21.85,10925.0,10925.0
2024-07-03 12:30:00+00:00,187.4,400.0,115.06,10.0,384.51,115.06,0.25,2.8519279032626055e-05,18740.0,87.4,1.0,21.85,10925.0,10925.0
2024-07-03 12:45:00+00:00,187.4,400.0,384.14,10.0,384.51,384.14,0.25,2.8519279032626055e-05,18740.0,87.4,1.0,21.85,10925.0,10925.0
2024-07-03 13:00:00+00:00,187.4,400.0,384.51,10.0,384.51,396.8,0.25,2.8519279032626055e-05,18740.0,87.4,1.0,21.85,10925.0,10925.0
2024-07-03 13:15:00+00:00,59.75,400.0,384.14,10.0,425.07,384.14,0.25,2.8519279032626055e-05,5975.0,0.0,0.0,0.0,0.0,0.0
2024-07-03 13:30:00+00:00,110.4,400.0,390.49,10.0,425.07,390.49,0.25,2.8519279032626055e-05,11040.0,10.400000000000006,1.0,2.6000000000000014,1300.0000000000007,1300.0000000000007
2024-07-03 13:45:00+00:00,59.75,400.0,412.89,10.0,425.07,412.89,0.25,2.8519279032626055e-05,5975.0,0.0,0.0,0.0,0.0,0.0
2024-07-03 14:00:00+00:00,110.4,400.0,425.07,10.0,425.07,445.28,0.25,2.8519279032626055e-05,11040.0,10.400000000000006,1.0,2.6000000000000014,1300.0000000000007,1300.0000000000007
2024-07-03 14:15:00+00:00,120.51,400.0,352.3,10.0,352.3,384.14,0.25,2.8519279032626055e-05,12051.0,20.510000000000005,1.0,5.127500000000001,2563.7500000000005,2563.7500000000005
2024-07-03 14:30:00+00:00,87.1,400.0,352.3,10.0,352.3,390.49,0.25,2.8519279032626055e-05,8710.0,1.8186014278130548e-181,1.1722049058018623e-178,4.546503569532637e-182,2.2732517847663186e-179,2.2732517847663186e-179
2024-07-03 14:45:00+00:00,87.1,400.0,352.3,10.0,352.3,400.0,0.25,2.8519279032626055e-05,8710.0,1.875007398066345e-181,1.1679327023535407e-178,4.687518495165862e-182,2.343759247582931e-179,2.343759247582931e-179
2024-07-03 15:00:00+00:00,87.1,400.0,352.3,10.0,352.3,489.41,0.25,2.8519279032626055e-05,8710.0,2.3843583072933317e-181,1.1285195210295145e-178,5.960895768233329e-182,2.9804478841166646e-179,2.9804478841166646e-179
2024-07-03 15:15:00+00:00,68.89,400.0,410.83,0.0,410.83,435.28,0.25,2.8519279032626055e-05,6889.0,0.0,0.0,0.0,0.0,0.0
2024-07-03 15:30:00+00:00,124.46,400.0,386.8,0.0,410.83,386.8,0.25,2.8519279032626055e-05,12446.0,24.459999999999994,1.0,6.114999999999998,3057.499999999999,3057.499999999999
2024-07-03 15:45:00+00:00,68.89,400.0,410.83,0.0,410.83,442.67,0.25,2.8519279032626055e-05,6889.0,0.0,0.0,0.0,0.0,0.0
2024-07-03 16:00:00+00:00,68.89,400.0,410.83,0.0,410.83,467.28,0.25,2.8519279032626055e-05,6889.0,0.0,0.0,0.0,0.0,0.0
2024-07-03 16:15:00+00:00,144.99,400.0,383.65,0.0,691.32,383.65,0.25,2.8519279032626055e-05,14499.0,44.99000000000001,1.0,11.247500000000002,5623.750000000001,5623.750000000001
2024-07-03 16:30:00+00:00,144.99,400.0,386.8,0.0,691.32,386.8,0.25,2.8519279032626055e-05,14499.0,44.99000000000001,1.0,11.247500000000002,5623.750000000001,5623.750000000001
2024-07-03 16:45:00+00:00,68.89,400.0,691.32,0.0,691.32,634.92,0.25,2.8519279032626055e-05,6889.0,0.0,0.0,0.0,0.0,0.0
2024-07-03 17:00:00+00:00,68.89,400.0,712.08,0.0,691.32,712.08,0.25,2.8519279032626055e-05,6889.0,0.0,0.0,0.0,0.0,0.0
2024-07-03 17:15:00+00:00,68.89,400.0,490.27,0.0,822.43,490.27,0.25,2.8519279032626055e-05,6889.0,0.0,0.0,0.0,0.0,0.0
2024-07-03 17:30:00+00:00,41.62,400.0,483.03,0.0,822.43,483.03,0.25,2.8519279032626055e-05,4162.0,0.0,0.0,0.0,0.0,0.0
2024-07-03 17:45:00+00:00,41.62,400.0,496.2,0.0,822.43,496.2,0.25,2.8519279032626055e-05,4162.0,0.0,0.0,0.0,0.0,0.0
2024-07-03 18:00:00+00:00,41.62,400.0,822.43,0.0,822.43,728.56,0.25,2.8519279032626055e-05,4162.0,0.0,0.0,0.0,0.0,0.0
2024-07-03 18:15:00+00:00,14.46,400.0,490.27,0.0,973.76,490.27,0.25,2.8519279032626055e-05,1446.0,0.0,0.0,0.0,0.0,0.0
2024-07-03 18:30:00+00:00,14.46,400.0,473.73,0.0,973.76,473.73,0.25,2.8519279032626055e-05,1446.0,0.0,0.0,0.0,0.0,0.0
2024-07-03 18:45:00+00:00,14.46,400.0,479.1,0.0,973.76,479.1,0.25,2.8519279032626055e-05,1446.0,0.0,0.0,0.0,0.0,0.0
2024-07-03 19:00:00+00:00,14.46,400.0,479.49,0.0,973.76,479.49,0.25,2.8519279032626055e-05,1446.0,0.0,0.0,0.0,0.0,0.0
2024-07-03 19:15:00+00:00,41.62,400.0,520.04,10.0,804.77,520.04,0.25,2.8519279032626055e-05,4162.0,0.0,0.0,0.0,0.0,0.0
2024-07-03 19:30:00+00:00,41.62,400.0,504.73,10.0,804.77,504.73,0.25,2.8519279032626055e-05,4162.0,0.0,0.0,0.0,0.0,0.0
2024-07-03 19:45:00+00:00,68.89,400.0,487.32,10.0,804.77,487.32,0.25,2.8519279032626055e-05,6889.0,0.0,0.0,0.0,0.0,0.0
2024-07-03 20:00:00+00:00,222.83,400.0,486.72,10.0,804.77,486.72,0.25,2.8519279032626055e-05,22283.0,122.83000000000001,1.0,30.707500000000003,15353.750000000002,15353.750000000002
2024-07-03 20:15:00+00:00,189.28,400.0,654.32,10.0,720.58,654.32,0.25,2.8519279032626055e-05,18928.0,89.28,1.0,22.32,11160.0,11160.0
2024-07-03 20:30:00+00:00,41.62,400.0,720.58,10.0,720.58,557.82,0.25,2.8519279032626055e-05,4162.0,0.0,0.0,0.0,0.0,0.0
2024-07-03 20:45:00+00:00,41.62,400.0,477.28,10.0,720.58,477.28,0.25,2.8519279032626055e-05,4162.0,0.0,0.0,0.0,0.0,0.0
2024-07-03 21:00:00+00:00,186.8,400.0,430.52,10.0,720.58,430.52,0.25,2.8519279032626055e-05,18680.0,86.80000000000001,1.0,21.700000000000003,10850.000000000002,10850.000000000002
2024-07-03 21:15:00+00:00,139.92,400.0,528.03,10.0,503.33,528.03,0.25,2.8519279032626055e-05,13991.999999999998,39.91999999999999,1.0,9.979999999999997,4989.999999999998,4989.999999999998
2024-07-03 21:30:00+00:00,119.92,400.0,503.33,10.0,503.33,451.55,0.25,2.8519279032626055e-05,11992.0,19.92,1.0,4.98,2490.0,2490.0
2024-07-03 21:45:00+00:00,41.62,400.0,465.78,10.0,503.33,465.78,0.25,2.8519279032626055e-05,4162.0,0.0,0.0,0.0,0.0,0.0
2024-07-03 22:00:00+00:00,41.62,400.0,307.68,10.0,503.33,307.68,0.25,2.8519279032626055e-05,4162.0,0.0,0.0,0.0,0.0,0.0
2024-07-03 22:15:00+00:00,101.12,400.0,534.58,10.0,534.58,445.51,0.25,2.8519279032626055e-05,10112.0,1.1217826327914224,0.9901415451326404,0.2804456581978556,140.2228290989278,140.2228290989278
2024-07-03 22:30:00+00:00,101.12,400.0,534.58,10.0,534.58,445.51,0.25,2.8519279032626055e-05,10112.0,1.1217826327914224,0.9901415451326404,0.2804456581978556,140.2228290989278,140.2228290989278
2024-07-03 22:45:00+00:00,101.12,400.0,451.0,10.0,534.58,451.0,0.25,2.8519279032626055e-05,10112.0,1.1217830887468239,0.9901101151775122,0.28044577218670597,140.222886093353,140.222886093353
2024-07-03 23:00:00+00:00,101.12,400.0,340.79,10.0,534.58,340.79,0.25,2.8519279032626055e-05,10112.0,1.1217830852450845,0.9901103614772943,0.28044577131127113,140.22288565563557,140.22288565563557
2024-07-03 23:15:00+00:00,112.4,400.0,384.49,10.0,493.45,384.49,0.25,2.8519279032626055e-05,11240.0,12.400000000000006,1.0,3.1000000000000014,1550.0000000000007,1550.0000000000007
2024-07-03 23:30:00+00:00,112.4,400.0,387.69,10.0,493.45,387.69,0.25,2.8519279032626055e-05,11240.0,12.400000000000006,1.0,3.1000000000000014,1550.0000000000007,1550.0000000000007
2024-07-03 23:45:00+00:00,101.76,400.0,354.0,10.0,493.45,354.0,0.25,2.8519279032626055e-05,10176.0,1.7600188823287368,0.9998601945759772,0.4400047205821842,220.0023602910921,220.0023602910921
2024-07-04 00:00:00+00:00,101.76,400.0,355.0,10.0,493.45,355.0,0.25,2.8519279032626055e-05,10176.0,1.7600188823293905,0.9998601945300797,0.44000472058234763,220.00236029117383,220.00236029117383
2024-07-04 00:15:00+00:00,132.07,400.0,323.69,10.0,402.42,323.69,0.25,2.8519279032626055e-05,13207.0,32.06999999999999,1.0,8.017499999999998,4008.749999999999,4008.749999999999
2024-07-04 00:30:00+00:00,132.07,400.0,322.47,10.0,402.42,322.47,0.25,2.8519279032626055e-05,13207.0,32.06999999999999,1.0,8.017499999999998,4008.749999999999,4008.749999999999
2024-07-04 00:45:00+00:00,132.07,400.0,319.69,10.0,402.42,319.69,0.25,2.8519279032626055e-05,13207.0,32.06999999999999,1.0,8.017499999999998,4008.749999999999,4008.749999999999
2024-07-04 01:00:00+00:00,132.07,400.0,319.69,10.0,402.42,319.69,0.25,2.8519279032626055e-05,13207.0,32.06999999999999,1.0,8.017499999999998,4008.749999999999,4008.749999999999
2024-07-04 01:15:00+00:00,137.76,400.0,317.0,10.0,394.72,317.0,0.25,2.8519279032626055e-05,13776.0,37.75999999999999,1.0,9.439999999999998,4719.999999999999,4719.999999999999
2024-07-04 01:30:00+00:00,148.4,400.0,320.0,10.0,394.72,320.0,0.25,2.8519279032626055e-05,14840.0,48.400000000000006,1.0,12.100000000000001,6050.000000000001,6050.000000000001
2024-07-04 01:45:00+00:00,148.4,400.0,324.99,10.0,394.72,324.99,0.25,2.8519279032626055e-05,14840.0,48.400000000000006,1.0,12.100000000000001,6050.000000000001,6050.000000000001
2024-07-04 02:00:00+00:00,148.4,400.0,324.99,10.0,394.72,324.99,0.25,2.8519279032626055e-05,14840.0,48.400000000000006,1.0,12.100000000000001,6050.000000000001,6050.000000000001
2024-07-04 02:15:00+00:00,144.4,400.0,322.47,10.0,397.56,322.47,0.25,2.8519279032626055e-05,14440.0,44.400000000000006,1.0,11.100000000000001,5550.000000000001,5550.000000000001
2024-07-04 02:30:00+00:00,144.4,400.0,321.0,10.0,397.56,321.0,0.25,2.8519279032626055e-05,14440.0,44.400000000000006,1.0,11.100000000000001,5550.000000000001,5550.000000000001
2024-07-04 02:45:00+00:00,133.76,400.0,324.0,10.0,397.56,324.0,0.25,2.8519279032626055e-05,13376.0,33.75999999999999,1.0,8.439999999999998,4219.999999999999,4219.999999999999
2024-07-04 03:00:00+00:00,152.36,400.0,336.0,10.0,397.56,336.0,0.25,2.8519279032626055e-05,15236.000000000002,52.360000000000014,1.0,13.090000000000003,6545.000000000002,6545.000000000002
2024-07-04 03:15:00+00:00,173.33,400.0,332.69,0.0,449.57,332.69,0.25,2.8519279032626055e-05,17333.0,73.33000000000001,1.0,18.332500000000003,9166.250000000002,9166.250000000002
2024-07-04 03:30:00+00:00,173.33,400.0,331.69,0.0,449.57,331.69,0.25,2.8519279032626055e-05,17333.0,73.33000000000001,1.0,18.332500000000003,9166.250000000002,9166.250000000002
2024-07-04 03:45:00+00:00,173.33,400.0,328.69,0.0,449.57,328.69,0.25,2.8519279032626055e-05,17333.0,73.33000000000001,1.0,18.332500000000003,9166.250000000002,9166.250000000002
2024-07-04 04:00:00+00:00,173.33,400.0,327.61,0.0,449.57,327.61,0.25,2.8519279032626055e-05,17333.0,73.33000000000001,1.0,18.332500000000003,9166.250000000002,9166.250000000002
2024-07-04 04:15:00+00:00,107.07,400.0,452.0,0.0,615.85,452.0,0.25,2.8519279032626055e-05,10707.0,7.069999999999993,1.0,1.7674999999999983,883.7499999999991,883.7499999999991
2024-07-04 04:30:00+00:00,107.07,400.0,615.85,0.0,615.85,438.26,0.25,2.8519279032626055e-05,10707.0,7.069999999999993,1.0,1.7674999999999983,883.7499999999991,883.7499999999991
2024-07-04 04:45:00+00:00,70.89,400.0,615.85,0.0,615.85,484.99,0.25,2.8519279032626055e-05,7089.0,0.0,0.0,0.0,0.0,0.0
2024-07-04 05:00:00+00:00,107.07,400.0,615.85,0.0,615.85,528.04,0.25,2.8519279032626055e-05,10707.0,7.069999999999993,1.0,1.7674999999999983,883.7499999999991,883.7499999999991
2024-07-04 05:15:00+00:00,103.36,400.0,574.0,10.0,521.76,574.0,0.25,2.8519279032626055e-05,10336.0,3.360000000000298,0.999999999996394,0.8400000000000745,420.00000000003723,420.00000000003723
2024-07-04 05:30:00+00:00,120.94,400.0,574.0,10.0,521.76,574.0,0.25,2.8519279032626055e-05,12094.0,20.939999999999998,1.0,5.234999999999999,2617.4999999999995,2617.4999999999995
2024-07-04 05:45:00+00:00,120.94,400.0,573.0,10.0,521.76,573.0,0.25,2.8519279032626055e-05,12094.0,20.939999999999998,1.0,5.234999999999999,2617.4999999999995,2617.4999999999995
2024-07-04 06:00:00+00:00,120.94,400.0,521.76,10.0,521.76,506.38,0.25,2.8519279032626055e-05,12094.0,20.939999999999998,1.0,5.234999999999999,2617.4999999999995,2617.4999999999995
2024-07-04 06:15:00+00:00,34.8,400.0,508.0,10.0,492.33,508.0,0.25,2.8519279032626055e-05,3479.9999999999995,0.0,0.0,0.0,0.0,0.0
2024-07-04 06:30:00+00:00,34.8,400.0,453.07,10.0,492.33,453.07,0.25,2.8519279032626055e-05,3479.9999999999995,0.0,0.0,0.0,0.0,0.0
2024-07-04 06:45:00+00:00,34.8,400.0,387.69,10.0,492.33,387.69,0.25,2.8519279032626055e-05,3479.9999999999995,0.0,0.0,0.0,0.0,0.0
2024-07-04 07:00:00+00:00,131.59,400.0,394.01,10.0,492.33,394.01,0.25,2.8519279032626055e-05,13159.0,31.590000000000003,1.0,7.897500000000001,3948.7500000000005,3948.7500000000005
2024-07-04 07:15:00+00:00,119.53,400.0,428.14,10.0,361.76,428.14,0.25,2.8519279032626055e-05,11953.0,19.53,1.0,4.8825,2441.25,2441.25
2024-07-04 07:30:00+00:00,227.75,400.0,361.76,10.0,361.76,500.16,0.25,2.8519279032626055e-05,22775.0,127.75,1.0,31.9375,15968.75,15968.75
2024-07-04 07:45:00+00:00,227.75,400.0,361.76,10.0,361.76,412.89,0.25,2.8519279032626055e-05,22775.0,127.75,1.0,31.9375,15968.75,15968.75
2024-07-04 08:00:00+00:00,227.75,400.0,361.76,10.0,361.76,390.85,0.25,2.8519279032626055e-05,22775.0,127.75,1.0,31.9375,15968.75,15968.75
2024-07-04 08:15:00+00:00,304.16,400.0,275.33,10.0,275.33,411.89,0.25,2.8519279032626055e-05,30416.000000000004,204.16000000000003,1.0,51.040000000000006,25520.000000000004,25520.000000000004
2024-07-04 08:30:00+00:00,304.16,400.0,275.33,10.0,275.33,397.16,0.25,2.8519279032626055e-05,30416.000000000004,204.16000000000003,1.0,51.040000000000006,25520.000000000004,25520.000000000004
2024-07-04 08:45:00+00:00,304.16,400.0,189.99,10.0,275.33,189.99,0.25,2.8519279032626055e-05,30416.000000000004,204.16000000000003,1.0,51.040000000000006,25520.000000000004,25520.000000000004
2024-07-04 09:00:00+00:00,304.16,400.0,186.99,10.0,275.33,186.99,0.25,2.8519279032626055e-05,30416.000000000004,204.16000000000003,1.0,51.040000000000006,25520.000000000004,25520.000000000004
2024-07-04 09:15:00+00:00,260.16,400.0,308.03,10.0,308.03,394.01,0.25,2.8519279032626055e-05,26016.000000000004,160.16000000000003,1.0,40.040000000000006,20020.000000000004,20020.000000000004
2024-07-04 09:30:00+00:00,260.16,400.0,308.03,10.0,308.03,467.84,0.25,2.8519279032626055e-05,26016.000000000004,160.16000000000003,1.0,40.040000000000006,20020.000000000004,20020.000000000004
2024-07-04 09:45:00+00:00,260.16,400.0,308.03,10.0,308.03,485.5,0.25,2.8519279032626055e-05,26016.000000000004,160.16000000000003,1.0,40.040000000000006,20020.000000000004,20020.000000000004
2024-07-04 10:00:00+00:00,260.16,400.0,308.03,10.0,308.03,486.01,0.25,2.8519279032626055e-05,26016.000000000004,160.16000000000003,1.0,40.040000000000006,20020.000000000004,20020.000000000004
2024-07-04 10:15:00+00:00,275.15,400.0,415.0,10.0,311.86,415.0,0.25,2.8519279032626055e-05,27514.999999999996,175.14999999999998,1.0,43.787499999999994,21893.749999999996,21893.749999999996
2024-07-04 10:30:00+00:00,275.15,400.0,417.0,10.0,311.86,417.0,0.25,2.8519279032626055e-05,27514.999999999996,175.14999999999998,1.0,43.787499999999994,21893.749999999996,21893.749999999996
2024-07-04 10:45:00+00:00,275.15,400.0,418.0,10.0,311.86,418.0,0.25,2.8519279032626055e-05,27514.999999999996,175.14999999999998,1.0,43.787499999999994,21893.749999999996,21893.749999999996
2024-07-04 11:00:00+00:00,275.15,400.0,418.0,10.0,311.86,418.0,0.25,2.8519279032626055e-05,27514.999999999996,175.14999999999998,1.0,43.787499999999994,21893.749999999996,21893.749999999996
2024-07-04 11:15:00+00:00,273.39,400.0,425.76,10.0,309.32,425.76,0.25,2.8519279032626055e-05,27339.0,173.39,1.0,43.3475,21673.75,21673.75
2024-07-04 11:30:00+00:00,273.4,400.0,425.76,10.0,309.32,425.76,0.25,2.8519279032626055e-05,27339.999999999996,173.39999999999998,1.0,43.349999999999994,21674.999999999996,21674.999999999996
2024-07-04 11:45:00+00:00,273.4,400.0,421.76,10.0,309.32,421.76,0.25,2.8519279032626055e-05,27339.999999999996,173.39999999999998,1.0,43.349999999999994,21674.999999999996,21674.999999999996
2024-07-04 12:00:00+00:00,273.4,400.0,406.01,0.0,309.32,406.01,0.25,2.8519279032626055e-05,27339.999999999996,173.39999999999998,1.0,43.349999999999994,21674.999999999996,21674.999999999996
2024-07-04 12:15:00+00:00,278.17,400.0,308.42,0.0,308.42,450.45,0.25,2.8519279032626055e-05,27817.0,178.17000000000002,1.0,44.542500000000004,22271.250000000004,22271.250000000004
2024-07-04 12:30:00+00:00,278.17,400.0,362.67,0.0,308.42,362.67,0.25,2.8519279032626055e-05,27817.0,178.17000000000002,1.0,44.542500000000004,22271.250000000004,22271.250000000004
2024-07-04 12:45:00+00:00,278.17,400.0,413.99,10.0,308.42,413.99,0.25,2.8519279032626055e-05,27817.0,178.17000000000002,1.0,44.542500000000004,22271.250000000004,22271.250000000004
2024-07-04 13:00:00+00:00,278.17,400.0,413.99,10.0,308.42,413.99,0.25,2.8519279032626055e-05,27817.0,178.17000000000002,1.0,44.542500000000004,22271.250000000004,22271.250000000004
2024-07-04 13:15:00+00:00,312.17,400.0,291.04,0.0,291.04,471.92,0.25,2.8519279032626055e-05,31217.0,212.17000000000002,1.0,53.042500000000004,26521.250000000004,26521.250000000004
2024-07-04 13:30:00+00:00,312.17,400.0,291.04,0.0,291.04,471.07,0.25,2.8519279032626055e-05,31217.0,212.17000000000002,1.0,53.042500000000004,26521.250000000004,26521.250000000004
2024-07-04 13:45:00+00:00,312.17,400.0,291.04,0.0,291.04,479.93,0.25,2.8519279032626055e-05,31217.0,212.17000000000002,1.0,53.042500000000004,26521.250000000004,26521.250000000004
2024-07-04 14:00:00+00:00,312.17,400.0,291.04,0.0,291.04,450.45,0.25,2.8519279032626055e-05,31217.0,212.17000000000002,1.0,53.042500000000004,26521.250000000004,26521.250000000004
2024-07-04 14:15:00+00:00,256.56,400.0,352.21,0.0,352.21,435.67,0.25,2.8519279032626055e-05,25656.0,156.56,1.0,39.14,19570.0,19570.0
2024-07-04 14:30:00+00:00,256.56,400.0,352.21,10.0,352.21,488.6,0.25,2.8519279032626055e-05,25656.0,156.56,1.0,39.14,19570.0,19570.0
2024-07-04 14:45:00+00:00,256.55,400.0,424.13,10.0,352.21,424.13,0.25,2.8519279032626055e-05,25655.0,156.55,1.0,39.1375,19568.75,19568.75
2024-07-04 15:00:00+00:00,256.55,400.0,432.97,10.0,352.21,432.97,0.25,2.8519279032626055e-05,25655.0,156.55,1.0,39.1375,19568.75,19568.75
2024-07-04 15:15:00+00:00,218.95,400.0,435.67,0.0,463.77,435.67,0.25,2.8519279032626055e-05,21895.0,118.94999999999999,1.0,29.737499999999997,14868.749999999998,14868.749999999998
2024-07-04 15:30:00+00:00,218.95,400.0,435.67,0.0,463.77,435.67,0.25,2.8519279032626055e-05,21895.0,118.94999999999999,1.0,29.737499999999997,14868.749999999998,14868.749999999998
2024-07-04 15:45:00+00:00,218.95,400.0,463.77,0.0,463.77,482.84,0.25,2.8519279032626055e-05,21895.0,118.94999999999999,1.0,29.737499999999997,14868.749999999998,14868.749999999998
2024-07-04 16:00:00+00:00,218.95,400.0,463.77,0.0,463.77,419.5,0.25,2.8519279032626055e-05,21895.0,118.94999999999999,1.0,29.737499999999997,14868.749999999998,14868.749999999998
2024-07-04 16:15:00+00:00,101.45,400.0,413.57,0.0,710.79,413.57,0.25,2.8519279032626055e-05,10145.0,1.4502052990694239,0.9986513064445861,0.36255132476735596,181.27566238367797,181.27566238367797
2024-07-04 16:30:00+00:00,101.45,400.0,435.67,0.0,710.79,435.67,0.25,2.8519279032626055e-05,10145.0,1.4502052991763037,0.99865129815872,0.3625513247940759,181.27566239703796,181.27566239703796
2024-07-04 16:45:00+00:00,34.8,400.0,710.79,0.0,710.79,494.63,0.25,2.8519279032626055e-05,3479.9999999999995,0.0,0.0,0.0,0.0,0.0
2024-07-04 17:00:00+00:00,34.8,400.0,710.79,0.0,710.79,595.0,0.25,2.8519279032626055e-05,3479.9999999999995,0.0,0.0,0.0,0.0,0.0
2024-07-04 17:15:00+00:00,34.8,400.0,849.58,0.0,849.58,662.0,0.25,2.8519279032626055e-05,3479.9999999999995,0.0,0.0,0.0,0.0,0.0
2024-07-04 17:30:00+00:00,34.8,400.0,849.58,0.0,849.58,719.06,0.25,2.8519279032626055e-05,3479.9999999999995,0.0,0.0,0.0,0.0,0.0
2024-07-04 17:45:00+00:00,34.8,400.0,849.58,0.0,849.58,749.89,0.25,2.8519279032626055e-05,3479.9999999999995,0.0,0.0,0.0,0.0,0.0
2024-07-04 18:00:00+00:00,34.8,400.0,849.58,0.0,849.58,793.21,0.25,2.8519279032626055e-05,3479.9999999999995,0.0,0.0,0.0,0.0,0.0
2024-07-04 18:15:00+00:00,34.8,400.0,803.59,0.0,803.59,762.8,0.25,2.8519279032626055e-05,3479.9999999999995,0.0,0.0,0.0,0.0,0.0
2024-07-04 18:30:00+00:00,34.8,400.0,803.59,0.0,803.59,749.63,0.25,2.8519279032626055e-05,3479.9999999999995,0.0,0.0,0.0,0.0,0.0
2024-07-04 18:45:00+00:00,14.47,400.0,803.59,0.0,803.59,743.68,0.25,2.8519279032626055e-05,1447.0,0.0,0.0,0.0,0.0,0.0
2024-07-04 19:00:00+00:00,14.46,400.0,803.59,0.0,803.59,749.63,0.25,2.8519279032626055e-05,1446.0,0.0,0.0,0.0,0.0,0.0
2024-07-04 19:15:00+00:00,34.8,400.0,749.89,10.0,611.67,749.89,0.25,2.8519279032626055e-05,3479.9999999999995,0.0,0.0,0.0,0.0,0.0
2024-07-04 19:30:00+00:00,34.8,400.0,766.96,10.0,611.67,766.96,0.25,2.8519279032626055e-05,3479.9999999999995,0.0,0.0,0.0,0.0,0.0
2024-07-04 19:45:00+00:00,70.89,400.0,611.67,10.0,611.67,607.73,0.25,2.8519279032626055e-05,7089.0,0.0,0.0,0.0,0.0,0.0
2024-07-04 20:00:00+00:00,34.8,400.0,524.58,10.0,611.67,524.58,0.25,2.8519279032626055e-05,3479.9999999999995,0.0,0.0,0.0,0.0,0.0
2024-07-04 20:15:00+00:00,34.8,400.0,546.71,10.0,546.71,466.59,0.25,2.8519279032626055e-05,3479.9999999999995,0.0,0.0,0.0,0.0,0.0
2024-07-04 20:30:00+00:00,109.32,400.0,546.71,10.0,546.71,466.59,0.25,2.8519279032626055e-05,10932.0,9.319999999999993,1.0,2.3299999999999983,1164.999999999999,1164.999999999999
2024-07-04 20:45:00+00:00,109.32,400.0,461.0,10.0,546.71,461.0,0.25,2.8519279032626055e-05,10932.0,9.319999999999993,1.0,2.3299999999999983,1164.999999999999,1164.999999999999
2024-07-04 21:00:00+00:00,109.32,400.0,335.84,10.0,546.71,335.84,0.25,2.8519279032626055e-05,10932.0,9.319999999999993,1.0,2.3299999999999983,1164.999999999999,1164.999999999999
2024-07-04 21:15:00+00:00,160.02,400.0,423.57,10.0,482.74,423.57,0.25,2.8519279032626055e-05,16002.000000000002,60.02000000000001,1.0,15.005000000000003,7502.500000000001,7502.500000000001
2024-07-04 21:30:00+00:00,106.33,400.0,357.0,10.0,482.74,357.0,0.25,2.8519279032626055e-05,10633.0,6.329999999999998,1.0,1.5824999999999996,791.2499999999998,791.2499999999998
2024-07-04 21:45:00+00:00,106.33,400.0,354.0,10.0,482.74,354.0,0.25,2.8519279032626055e-05,10633.0,6.329999999999998,1.0,1.5824999999999996,791.2499999999998,791.2499999999998
2024-07-04 22:00:00+00:00,101.76,400.0,323.29,10.0,482.74,323.29,0.25,2.8519279032626055e-05,10176.0,1.760018880980823,0.9998602864756939,0.44000472024520576,220.00236012260288,220.00236012260288
2024-07-04 22:15:00+00:00,110.63,400.0,522.49,10.0,522.49,425.52,0.25,2.8519279032626055e-05,11063.0,10.629999999999995,1.0,2.657499999999999,1328.7499999999995,1328.7499999999995
2024-07-04 22:30:00+00:00,85.39,400.0,522.49,10.0,522.49,484.26,0.25,2.8519279032626055e-05,8539.0,2.0849517619173057e-236,5.419800628054736e-233,5.212379404793264e-237,2.606189702396632e-234,2.606189702396632e-234
2024-07-04 22:45:00+00:00,85.39,400.0,522.49,10.0,522.49,425.52,0.25,2.8519279032626055e-05,8539.0,3.2133472372395347e-237,5.56138134545175e-233,8.033368093098837e-238,4.016684046549418e-235,4.016684046549418e-235
2024-07-04 23:00:00+00:00,110.63,400.0,413.0,10.0,522.49,413.0,0.25,2.8519279032626055e-05,11063.0,10.629999999999995,1.0,2.657499999999999,1328.7499999999995,1328.7499999999995
2024-07-04 23:15:00+00:00,188.15,400.0,481.06,10.0,481.06,424.38,0.25,2.8519279032626055e-05,18815.0,88.15,1.0,22.0375,11018.75,11018.75
2024-07-04 23:30:00+00:00,188.15,400.0,481.06,10.0,481.06,422.69,0.25,2.8519279032626055e-05,18815.0,88.15,1.0,22.0375,11018.75,11018.75
2024-07-04 23:45:00+00:00,188.15,400.0,481.06,10.0,481.06,431.25,0.25,2.8519279032626055e-05,18815.0,88.15,1.0,22.0375,11018.75,11018.75
2024-07-05 00:00:00+00:00,188.15,400.0,481.06,10.0,481.06,438.22,0.25,2.8519279032626055e-05,18815.0,88.15,1.0,22.0375,11018.75,11018.75
2024-07-05 00:15:00+00:00,190.15,400.0,520.09,10.0,450.42,520.09,0.25,2.8519279032626055e-05,19015.0,90.15,1.0,22.5375,11268.75,11268.75
2024-07-05 00:30:00+00:00,190.15,400.0,484.26,10.0,450.42,484.26,0.25,2.8519279032626055e-05,19015.0,90.15,1.0,22.5375,11268.75,11268.75
2024-07-05 00:45:00+00:00,190.15,400.0,450.42,10.0,450.42,434.73,0.25,2.8519279032626055e-05,19015.0,90.15,1.0,22.5375,11268.75,11268.75
2024-07-05 01:00:00+00:00,190.15,400.0,450.42,10.0,450.42,431.25,0.25,2.8519279032626055e-05,19015.0,90.15,1.0,22.5375,11268.75,11268.75
2024-07-05 01:15:00+00:00,186.15,400.0,448.92,10.0,448.92,431.25,0.25,2.8519279032626055e-05,18615.0,86.15,1.0,21.5375,10768.75,10768.75
2024-07-05 01:30:00+00:00,186.15,400.0,448.92,10.0,448.92,431.25,0.25,2.8519279032626055e-05,18615.0,86.15,1.0,21.5375,10768.75,10768.75
2024-07-05 01:45:00+00:00,186.15,400.0,448.92,10.0,448.92,417.46,0.25,2.8519279032626055e-05,18615.0,86.15,1.0,21.5375,10768.75,10768.75
2024-07-05 02:00:00+00:00,186.15,400.0,448.92,10.0,448.92,420.94,0.25,2.8519279032626055e-05,18615.0,86.15,1.0,21.5375,10768.75,10768.75
2024-07-05 02:15:00+00:00,194.15,400.0,424.38,10.0,394.81,424.38,0.25,2.8519279032626055e-05,19415.0,94.15,1.0,23.5375,11768.75,11768.75
2024-07-05 02:30:00+00:00,194.15,400.0,424.38,10.0,394.81,424.38,0.25,2.8519279032626055e-05,19415.0,94.15,1.0,23.5375,11768.75,11768.75
2024-07-05 02:45:00+00:00,194.15,400.0,417.46,10.0,394.81,417.46,0.25,2.8519279032626055e-05,19415.0,94.15,1.0,23.5375,11768.75,11768.75
2024-07-05 03:00:00+00:00,194.15,400.0,420.94,10.0,394.81,420.94,0.25,2.8519279032626055e-05,19415.0,94.15,1.0,23.5375,11768.75,11768.75
2024-07-05 03:15:00+00:00,186.15,400.0,393.99,0.0,393.99,477.75,0.25,2.8519279032626055e-05,18615.0,86.15,1.0,21.5375,10768.75,10768.75
2024-07-05 03:30:00+00:00,186.15,400.0,319.05,0.0,393.99,319.05,0.25,2.8519279032626055e-05,18615.0,86.15,1.0,21.5375,10768.75,10768.75
2024-07-05 03:45:00+00:00,186.15,400.0,410.94,0.0,393.99,410.94,0.25,2.8519279032626055e-05,18615.0,86.15,1.0,21.5375,10768.75,10768.75
2024-07-05 04:00:00+00:00,207.07,400.0,417.81,0.0,393.99,417.81,0.25,2.8519279032626055e-05,20707.0,107.07,1.0,26.7675,13383.75,13383.75
2024-07-05 04:15:00+00:00,105.07,400.0,526.44,0.0,526.44,450.01,0.25,2.8519279032626055e-05,10507.0,5.069999999999993,1.0,1.2674999999999983,633.7499999999991,633.7499999999991
2024-07-05 04:30:00+00:00,85.15,400.0,526.44,0.0,526.44,473.01,0.25,2.8519279032626055e-05,8515.0,3.183644301601307e-245,2.732161717276933e-241,7.959110754003268e-246,3.979555377001634e-243,3.979555377001634e-243
2024-07-05 04:45:00+00:00,65.21,400.0,588.08,0.0,526.44,588.08,0.25,2.8519279032626055e-05,6520.999999999999,0.0,0.0,0.0,0.0,0.0
2024-07-05 05:00:00+00:00,105.07,400.0,616.0,0.0,526.44,616.0,0.25,2.8519279032626055e-05,10507.0,5.069999999999993,1.0,1.2674999999999983,633.7499999999991,633.7499999999991
2024-07-05 05:15:00+00:00,216.09,400.0,716.7,10.0,475.05,716.7,0.25,2.8519279032626055e-05,21609.0,116.09,1.0,29.0225,14511.25,14511.25
2024-07-05 05:30:00+00:00,216.09,400.0,749.89,10.0,475.05,749.89,0.25,2.8519279032626055e-05,21609.0,116.09,1.0,29.0225,14511.25,14511.25
2024-07-05 05:45:00+00:00,216.09,400.0,729.89,10.0,475.05,729.89,0.25,2.8519279032626055e-05,21609.0,116.09,1.0,29.0225,14511.25,14511.25
2024-07-05 06:00:00+00:00,216.09,400.0,706.95,10.0,475.05,706.95,0.25,2.8519279032626055e-05,21609.0,116.09,1.0,29.0225,14511.25,14511.25
2024-07-05 06:15:00+00:00,260.15,400.0,659.63,10.0,348.31,659.63,0.25,2.8519279032626055e-05,26014.999999999996,160.14999999999998,1.0,40.037499999999994,20018.749999999996,20018.749999999996
2024-07-05 06:30:00+00:00,260.15,400.0,602.64,10.0,348.31,602.64,0.25,2.8519279032626055e-05,26014.999999999996,160.14999999999998,1.0,40.037499999999994,20018.749999999996,20018.749999999996
2024-07-05 06:45:00+00:00,261.15,400.0,348.31,10.0,348.31,447.58,0.25,2.8519279032626055e-05,26114.999999999996,161.14999999999998,1.0,40.287499999999994,20143.749999999996,20143.749999999996
2024-07-05 07:00:00+00:00,261.15,400.0,348.31,0.0,348.31,490.18,0.25,2.8519279032626055e-05,26114.999999999996,161.14999999999998,1.0,40.287499999999994,20143.749999999996,20143.749999999996
2024-07-05 07:15:00+00:00,411.15,400.0,396.91,0.0,153.21,396.91,0.25,2.8519279032626055e-05,41115.0,311.15,1.0,77.7875,38893.75,38893.75
2024-07-05 07:30:00+00:00,411.15,400.0,153.21,0.0,153.21,481.74,0.25,2.8519279032626055e-05,41115.0,311.15,1.0,77.7875,38893.75,38893.75
2024-07-05 07:45:00+00:00,1000.0,400.0,74.0,0.0,153.21,74.0,0.25,2.8519279032626055e-05,100000.0,900.0,1.0,225.0,112500.0,100000.0
2024-07-05 08:00:00+00:00,1000.0,400.0,-17.66,0.0,153.21,-17.66,0.25,2.8519279032626055e-05,100000.0,900.0,1.0,225.0,112500.0,100000.0
2024-07-05 08:15:00+00:00,1000.0,400.0,-85.0,10.0,9.88,-85.0,0.25,2.8519279032626055e-05,100000.0,900.0,1.0,225.0,112500.0,100000.0
2024-07-05 08:30:00+00:00,1000.0,400.0,-82.0,10.0,9.88,-82.0,0.25,2.8519279032626055e-05,100000.0,900.0,1.0,225.0,112500.0,100000.0
2024-07-05 08:45:00+00:00,1000.0,400.0,-88.0,10.0,9.88,-88.0,0.25,2.8519279032626055e-05,100000.0,900.0,1.0,225.0,112500.0,100000.0
2024-07-05 09:00:00+00:00,1000.0,400.0,-85.0,10.0,9.88,-85.0,0.25,2.8519279032626055e-05,100000.0,900.0,1.0,225.0,112500.0,100000.0
2024-07-05 09:15:00+00:00,1000.0,400.0,-93.64,10.0,0.52,-93.64,0.25,2.8519279032626055e-05,100000.0,900.0,1.0,225.0,112500.0,100000.0
2024-07-05 09:30:00+00:00,1000.0,400.0,-324.18,10.0,0.52,-324.18,0.25,2.8519279032626055e-05,100000.0,900.0,1.0,225.0,112500.0,100000.0
2024-07-05 09:45:00+00:00,1000.0,400.0,-305.44,10.0,0.52,-305.44,0.25,2.8519279032626055e-05,100000.0,900.0,1.0,225.0,112500.0,100000.0
2024-07-05 10:00:00+00:00,1000.0,400.0,-305.44,10.0,0.52,-305.44,0.25,2.8519279032626055e-05,100000.0,900.0,1.0,225.0,112500.0,100000.0
2024-07-05 10:15:00+00:00,1000.0,400.0,-114.69,10.0,-0.17,-114.69,0.25,2.8519279032626055e-05,100000.0,900.0,1.0,225.0,112500.0,100000.0
2024-07-05 10:30:00+00:00,1000.0,400.0,-88.0,10.0,-0.17,-88.0,0.25,2.8519279032626055e-05,100000.0,900.0,1.0,225.0,112500.0,100000.0
2024-07-05 10:45:00+00:00,1000.0,400.0,-88.0,10.0,-0.17,-88.0,0.25,2.8519279032626055e-05,100000.0,900.0,1.0,225.0,112500.0,100000.0
2024-07-05 11:00:00+00:00,1000.0,400.0,-87.0,10.0,-0.17,-87.0,0.25,2.8519279032626055e-05,100000.0,900.0,1.0,225.0,112500.0,100000.0
2024-07-05 11:15:00+00:00,1000.0,400.0,-53.75,10.0,-12.59,-53.75,0.25,2.8519279032626055e-05,100000.0,900.0,1.0,225.0,112500.0,100000.0
2024-07-05 11:30:00+00:00,1000.0,400.0,-50.62,10.0,-12.59,-50.62,0.25,2.8519279032626055e-05,100000.0,900.0,1.0,225.0,112500.0,100000.0
2024-07-05 11:45:00+00:00,1000.0,400.0,-85.99,10.0,-12.59,-85.99,0.25,2.8519279032626055e-05,100000.0,900.0,1.0,225.0,112500.0,100000.0
2024-07-05 12:00:00+00:00,1000.0,400.0,-140.0,10.0,-12.59,-140.0,0.25,2.8519279032626055e-05,100000.0,900.0,1.0,225.0,112500.0,100000.0
2024-07-05 12:15:00+00:00,1000.0,400.0,-82.0,10.0,-3.31,-82.0,0.25,2.8519279032626055e-05,100000.0,900.0,1.0,225.0,112500.0,100000.0
2024-07-05 12:30:00+00:00,1000.0,400.0,-76.0,10.0,-3.31,-76.0,0.25,2.8519279032626055e-05,100000.0,900.0,1.0,225.0,112500.0,100000.0
2024-07-05 12:45:00+00:00,1000.0,400.0,-22.63,10.0,-3.31,-22.63,0.25,2.8519279032626055e-05,100000.0,900.0,1.0,225.0,112500.0,100000.0
2024-07-05 13:00:00+00:00,1000.0,400.0,-3.31,10.0,-3.31,253.75,0.25,2.8519279032626055e-05,100000.0,900.0,1.0,225.0,112500.0,100000.0
2024-07-05 13:15:00+00:00,1000.0,400.0,318.0,10.0,201.04,318.0,0.25,2.8519279032626055e-05,100000.0,900.0,1.0,225.0,112500.0,100000.0
2024-07-05 13:30:00+00:00,1000.0,400.0,319.0,10.0,201.04,319.0,0.25,2.8519279032626055e-05,100000.0,900.0,1.0,225.0,112500.0,100000.0
2024-07-05 13:45:00+00:00,1000.0,400.0,401.72,10.0,201.04,401.72,0.25,2.8519279032626055e-05,100000.0,900.0,1.0,225.0,112500.0,100000.0
2024-07-05 14:00:00+00:00,1000.0,400.0,319.0,10.0,201.04,319.0,0.25,2.8519279032626055e-05,100000.0,900.0,1.0,225.0,112500.0,100000.0
2024-07-05 14:15:00+00:00,1000.0,400.0,246.99,10.0,339.42,246.99,0.25,2.8519279032626055e-05,100000.0,900.0,1.0,225.0,112500.0,100000.0
2024-07-05 14:30:00+00:00,1000.0,400.0,247.99,10.0,339.42,247.99,0.25,2.8519279032626055e-05,100000.0,900.0,1.0,225.0,112500.0,100000.0
2024-07-05 14:45:00+00:00,1000.0,400.0,401.72,10.0,339.42,401.72,0.25,2.8519279032626055e-05,100000.0,900.0,1.0,225.0,112500.0,100000.0
2024-07-05 15:00:00+00:00,1000.0,400.0,509.72,10.0,339.42,509.72,0.25,2.8519279032626055e-05,100000.0,900.0,1.0,225.0,112500.0,100000.0
2024-07-05 15:15:00+00:00,1000.0,400.0,470.83,0.0,470.83,462.42,0.25,2.8519279032626055e-05,100000.0,900.0,1.0,225.0,112500.0,100000.0
2024-07-05 15:30:00+00:00,1000.0,400.0,470.83,0.0,470.83,424.73,0.25,2.8519279032626055e-05,100000.0,900.0,1.0,225.0,112500.0,100000.0
2024-07-05 15:45:00+00:00,1000.0,400.0,499.72,0.0,470.83,499.72,0.25,2.8519279032626055e-05,100000.0,900.0,1.0,225.0,112500.0,100000.0
2024-07-05 16:00:00+00:00,1000.0,400.0,593.65,0.0,470.83,593.65,0.25,2.8519279032626055e-05,100000.0,900.0,1.0,225.0,112500.0,100000.0
2024-07-05 16:15:00+00:00,1000.0,400.0,443.7,0.0,587.6,443.7,0.25,2.8519279032626055e-05,100000.0,900.0,1.0,225.0,112500.0,100000.0
2024-07-05 16:30:00+00:00,63.37,400.0,441.7,0.0,587.6,441.7,0.25,2.8519279032626055e-05,6337.0,0.0,0.0,0.0,0.0,0.0
2024-07-05 16:45:00+00:00,63.37,400.0,592.64,0.0,587.6,592.64,0.25,2.8519279032626055e-05,6337.0,0.0,0.0,0.0,0.0,0.0
2024-07-05 17:00:00+00:00,83.37,400.0,693.21,0.0,587.6,693.21,0.25,2.8519279032626055e-05,8337.0,0.0,2.765903553340526e-308,0.0,0.0,0.0
2024-07-05 17:15:00+00:00,239.19,400.0,485.78,0.0,564.18,485.78,0.25,2.8519279032626055e-05,23919.0,139.19,1.0,34.7975,17398.75,17398.75
2024-07-05 17:30:00+00:00,26.25,400.0,490.39,0.0,564.18,490.39,0.25,2.8519279032626055e-05,2625.0,0.0,0.0,0.0,0.0,0.0
2024-07-05 17:45:00+00:00,26.25,400.0,580.16,0.0,564.18,580.16,0.25,2.8519279032626055e-05,2625.0,0.0,0.0,0.0,0.0,0.0
2024-07-05 18:00:00+00:00,26.25,400.0,619.48,0.0,564.18,619.48,0.25,2.8519279032626055e-05,2625.0,0.0,0.0,0.0,0.0,0.0
2024-07-05 18:15:00+00:00,26.25,400.0,810.0,10.0,769.85,810.0,0.25,2.8519279032626055e-05,2625.0,0.0,0.0,0.0,0.0,0.0
2024-07-05 18:30:00+00:00,26.25,400.0,839.89,10.0,769.85,839.89,0.25,2.8519279032626055e-05,2625.0,0.0,0.0,0.0,0.0,0.0
2024-07-05 18:45:00+00:00,26.25,400.0,839.89,0.0,769.85,839.89,0.25,2.8519279032626055e-05,2625.0,0.0,0.0,0.0,0.0,0.0
2024-07-05 19:00:00+00:00,26.25,400.0,869.89,10.0,769.85,869.89,0.25,2.8519279032626055e-05,2625.0,0.0,0.0,0.0,0.0,0.0
2024-07-05 19:15:00+00:00,26.25,400.0,779.89,10.0,651.89,779.89,0.25,2.8519279032626055e-05,2625.0,0.0,0.0,0.0,0.0,0.0
2024-07-05 19:30:00+00:00,26.25,400.0,676.84,10.0,651.89,676.84,0.25,2.8519279032626055e-05,2625.0,0.0,0.0,0.0,0.0,0.0
2024-07-05 19:45:00+00:00,26.25,400.0,651.89,10.0,651.89,637.17,0.25,2.8519279032626055e-05,2625.0,0.0,0.0,0.0,0.0,0.0
2024-07-05 20:00:00+00:00,188.54,400.0,651.89,10.0,651.89,637.17,0.25,2.8519279032626055e-05,18854.0,88.53999999999999,1.0,22.134999999999998,11067.499999999998,11067.499999999998
2024-07-05 20:15:00+00:00,1000.0,400.0,625.88,10.0,517.5,625.88,0.25,2.8519279032626055e-05,100000.0,900.0,1.0,225.0,112500.0,100000.0
2024-07-05 20:30:00+00:00,42.45,400.0,584.15,10.0,517.5,584.15,0.25,2.8519279032626055e-05,4245.0,0.0,0.0,0.0,0.0,0.0
2024-07-05 20:45:00+00:00,26.25,400.0,517.5,10.0,517.5,497.57,0.25,2.8519279032626055e-05,2625.0,0.0,0.0,0.0,0.0,0.0
2024-07-05 21:00:00+00:00,26.25,400.0,455.7,10.0,517.5,455.7,0.25,2.8519279032626055e-05,2625.0,0.0,0.0,0.0,0.0,0.0
2024-07-05 21:15:00+00:00,111.15,400.0,495.67,10.0,495.67,492.31,0.25,2.8519279032626055e-05,11115.0,11.150000000000006,1.0,2.7875000000000014,1393.7500000000007,1393.7500000000007
2024-07-05 21:30:00+00:00,107.54,400.0,495.67,10.0,495.67,462.76,0.25,2.8519279032626055e-05,10754.0,7.540000000000006,1.0,1.8850000000000016,942.5000000000008,942.5000000000008
2024-07-05 21:45:00+00:00,111.15,400.0,388.0,10.0,495.67,388.0,0.25,2.8519279032626055e-05,11115.0,11.150000000000006,1.0,2.7875000000000014,1393.7500000000007,1393.7500000000007
2024-07-05 22:00:00+00:00,111.15,400.0,316.15,0.0,495.67,316.15,0.25,2.8519279032626055e-05,11115.0,11.150000000000006,1.0,2.7875000000000014,1393.7500000000007,1393.7500000000007
2024-07-05 22:15:00+00:00,107.07,400.0,417.0,10.0,481.55,417.0,0.25,2.8519279032626055e-05,10707.0,7.069999999999993,1.0,1.7674999999999983,883.7499999999991,883.7499999999991
2024-07-05 22:30:00+00:00,107.07,400.0,414.0,10.0,481.55,414.0,0.25,2.8519279032626055e-05,10707.0,7.069999999999993,1.0,1.7674999999999983,883.7499999999991,883.7499999999991
2024-07-05 22:45:00+00:00,107.07,400.0,330.46,10.0,481.55,330.46,0.25,2.8519279032626055e-05,10707.0,7.069999999999993,1.0,1.7674999999999983,883.7499999999991,883.7499999999991
2024-07-05 23:00:00+00:00,107.07,400.0,317.28,0.0,481.55,317.28,0.25,2.8519279032626055e-05,10707.0,7.069999999999993,1.0,1.7674999999999983,883.7499999999991,883.7499999999991
2024-07-05 23:15:00+00:00,185.83,400.0,324.78,0.0,381.52,324.78,0.25,2.8519279032626055e-05,18583.0,85.83000000000001,1.0,21.457500000000003,10728.750000000002,10728.750000000002
2024-07-05 23:30:00+00:00,185.83,400.0,117.16,0.0,381.52,117.16,0.25,2.8519279032626055e-05,18583.0,85.83000000000001,1.0,21.457500000000003,10728.750000000002,10728.750000000002
2024-07-05 23:45:00+00:00,163.95,400.0,101.16,0.0,381.52,101.16,0.25,2.8519279032626055e-05,16395.0,63.94999999999999,1.0,15.987499999999997,7993.749999999998,7993.749999999998
2024-07-06 00:00:00+00:00,163.95,400.0,106.11,0.0,381.52,106.11,0.25,2.8519279032626055e-05,16395.0,63.94999999999999,1.0,15.987499999999997,7993.749999999998,7993.749999999998
2024-07-06 00:15:00+00:00,196.73,400.0,304.0,10.0,384.61,304.0,0.25,2.8519279032626055e-05,19673.0,96.72999999999999,1.0,24.182499999999997,12091.249999999998,12091.249999999998
2024-07-06 00:30:00+00:00,196.73,400.0,295.0,0.0,384.61,295.0,0.25,2.8519279032626055e-05,19673.0,96.72999999999999,1.0,24.182499999999997,12091.249999999998,12091.249999999998
2024-07-06 00:45:00+00:00,196.73,400.0,294.0,0.0,384.61,294.0,0.25,2.8519279032626055e-05,19673.0,96.72999999999999,1.0,24.182499999999997,12091.249999999998,12091.249999999998
2024-07-06 01:00:00+00:00,196.73,400.0,294.0,0.0,384.61,294.0,0.25,2.8519279032626055e-05,19673.0,96.72999999999999,1.0,24.182499999999997,12091.249999999998,12091.249999999998
2024-07-06 01:15:00+00:00,195.63,400.0,385.51,10.0,385.51,388.99,0.25,2.8519279032626055e-05,19563.0,95.63,1.0,23.9075,11953.75,11953.75
2024-07-06 01:30:00+00:00,195.63,400.0,458.87,10.0,385.51,458.87,0.25,2.8519279032626055e-05,19563.0,95.63,1.0,23.9075,11953.75,11953.75
2024-07-06 01:45:00+00:00,195.63,400.0,458.88,10.0,385.51,458.88,0.25,2.8519279032626055e-05,19563.0,95.63,1.0,23.9075,11953.75,11953.75
2024-07-06 02:00:00+00:00,223.28,400.0,458.88,10.0,385.51,458.88,0.25,2.8519279032626055e-05,22328.0,123.28,1.0,30.82,15410.0,15410.0
2024-07-06 02:15:00+00:00,253.06,400.0,509.0,10.0,389.88,509.0,0.25,2.8519279032626055e-05,25306.0,153.06,1.0,38.265,19132.5,19132.5
2024-07-06 02:30:00+00:00,253.06,400.0,554.29,10.0,389.88,554.29,0.25,2.8519279032626055e-05,25306.0,153.06,1.0,38.265,19132.5,19132.5
2024-07-06 02:45:00+00:00,253.06,400.0,532.98,10.0,389.88,532.98,0.25,2.8519279032626055e-05,25306.0,153.06,1.0,38.265,19132.5,19132.5
2024-07-06 03:00:00+00:00,253.06,400.0,508.0,10.0,389.88,508.0,0.25,2.8519279032626055e-05,25306.0,153.06,1.0,38.265,19132.5,19132.5
2024-07-06 03:15:00+00:00,1000.0,400.0,417.27,0.0,415.38,417.27,0.25,2.8519279032626055e-05,100000.0,900.0,1.0,225.0,112500.0,100000.0
2024-07-06 03:30:00+00:00,1000.0,400.0,311.69,0.0,415.38,311.69,0.25,2.8519279032626055e-05,100000.0,900.0,1.0,225.0,112500.0,100000.0
2024-07-06 03:45:00+00:00,1000.0,400.0,298.19,0.0,415.38,298.19,0.25,2.8519279032626055e-05,100000.0,900.0,1.0,225.0,112500.0,100000.0
2024-07-06 04:00:00+00:00,1000.0,400.0,117.16,0.0,415.38,117.16,0.25,2.8519279032626055e-05,100000.0,900.0,1.0,225.0,112500.0,100000.0
2024-07-06 04:15:00+00:00,1000.0,400.0,318.69,0.0,417.22,318.69,0.25,2.8519279032626055e-05,100000.0,900.0,1.0,225.0,112500.0,100000.0
2024-07-06 04:30:00+00:00,1000.0,400.0,421.98,0.0,417.22,421.98,0.25,2.8519279032626055e-05,100000.0,900.0,1.0,225.0,112500.0,100000.0
2024-07-06 04:45:00+00:00,1000.0,400.0,420.72,0.0,417.22,420.72,0.25,2.8519279032626055e-05,100000.0,900.0,1.0,225.0,112500.0,100000.0
2024-07-06 05:00:00+00:00,258.73,400.0,424.18,0.0,417.22,424.18,0.25,2.8519279032626055e-05,25873.0,158.73000000000002,1.0,39.682500000000005,19841.250000000004,19841.250000000004
2024-07-06 05:15:00+00:00,307.04,400.0,488.0,0.0,423.65,488.0,0.25,2.8519279032626055e-05,30704.000000000004,207.04000000000002,1.0,51.760000000000005,25880.000000000004,25880.000000000004
2024-07-06 05:30:00+00:00,307.04,400.0,466.61,0.0,423.65,466.61,0.25,2.8519279032626055e-05,30704.000000000004,207.04000000000002,1.0,51.760000000000005,25880.000000000004,25880.000000000004
2024-07-06 05:45:00+00:00,307.04,400.0,486.0,0.0,423.65,486.0,0.25,2.8519279032626055e-05,30704.000000000004,207.04000000000002,1.0,51.760000000000005,25880.000000000004,25880.000000000004
2024-07-06 06:00:00+00:00,307.04,400.0,466.62,0.0,423.65,466.62,0.25,2.8519279032626055e-05,30704.000000000004,207.04000000000002,1.0,51.760000000000005,25880.000000000004,25880.000000000004
2024-07-06 06:15:00+00:00,304.57,400.0,444.77,10.0,329.71,444.77,0.25,2.8519279032626055e-05,30457.0,204.57,1.0,51.1425,25571.25,25571.25
2024-07-06 06:30:00+00:00,304.57,400.0,427.81,10.0,329.71,427.81,0.25,2.8519279032626055e-05,30457.0,204.57,1.0,51.1425,25571.25,25571.25
2024-07-06 06:45:00+00:00,304.57,400.0,31.32,10.0,329.71,31.32,0.25,2.8519279032626055e-05,30457.0,204.57,1.0,51.1425,25571.25,25571.25
2024-07-06 07:00:00+00:00,304.57,400.0,18.03,10.0,329.71,18.03,0.25,2.8519279032626055e-05,30457.0,204.57,1.0,51.1425,25571.25,25571.25
2024-07-06 07:15:00+00:00,465.21,400.0,-466.54,10.0,100.03,-466.54,0.25,2.8519279032626055e-05,46521.0,365.21,1.0,91.3025,45651.25,45651.25
2024-07-06 07:30:00+00:00,465.21,400.0,-399.09,0.0,100.03,-399.09,0.25,2.8519279032626055e-05,46521.0,365.21,1.0,91.3025,45651.25,45651.25
2024-07-06 07:45:00+00:00,465.21,400.0,-399.09,0.0,100.03,-399.09,0.25,2.8519279032626055e-05,46521.0,365.21,1.0,91.3025,45651.25,45651.25
2024-07-06 08:00:00+00:00,465.21,400.0,-399.09,0.0,100.03,-399.09,0.25,2.8519279032626055e-05,46521.0,365.21,1.0,91.3025,45651.25,45651.25
2024-07-06 08:15:00+00:00,627.27,400.0,-576.77,10.0,-8.91,-576.77,0.25,2.8519279032626055e-05,62727.0,527.27,1.0,131.8175,65908.75,62727.0
2024-07-06 08:30:00+00:00,627.27,400.0,-576.77,10.0,-8.91,-576.77,0.25,2.8519279032626055e-05,62727.0,527.27,1.0,131.8175,65908.75,62727.0
2024-07-06 08:45:00+00:00,627.27,400.0,-576.77,10.0,-8.91,-576.77,0.25,2.8519279032626055e-05,62727.0,527.27,1.0,131.8175,65908.75,62727.0
2024-07-06 09:00:00+00:00,627.27,400.0,-576.77,10.0,-8.91,-576.77,0.25,2.8519279032626055e-05,62727.0,527.27,1.0,131.8175,65908.75,62727.0
2024-07-06 09:15:00+00:00,698.67,400.0,-646.77,10.0,-52.42,-646.77,0.25,2.8519279032626055e-05,69867.0,598.67,1.0,149.6675,74833.75,69867.0
2024-07-06 09:30:00+00:00,698.67,400.0,-646.77,10.0,-52.42,-646.77,0.25,2.8519279032626055e-05,69867.0,598.67,1.0,149.6675,74833.75,69867.0
2024-07-06 09:45:00+00:00,698.67,400.0,-646.77,10.0,-52.42,-646.77,0.25,2.8519279032626055e-05,69867.0,598.67,1.0,149.6675,74833.75,69867.0
2024-07-06 10:00:00+00:00,698.67,400.0,-646.77,10.0,-52.42,-646.77,0.25,2.8519279032626055e-05,69867.0,598.67,1.0,149.6675,74833.75,69867.0
2024-07-06 10:15:00+00:00,795.57,400.0,-741.77,10.0,-99.6,-741.77,0.25,2.8519279032626055e-05,79557.0,695.57,1.0,173.8925,86946.25,79557.0
2024-07-06 10:30:00+00:00,795.57,400.0,-741.77,10.0,-99.6,-741.77,0.25,2.8519279032626055e-05,79557.0,695.57,1.0,173.8925,86946.25,79557.0
2024-07-06 10:45:00+00:00,795.57,400.0,-424.68,10.0,-99.6,-424.68,0.25,2.8519279032626055e-05,79557.0,695.57,1.0,173.8925,86946.25,79557.0
2024-07-06 11:00:00+00:00,795.57,400.0,-424.68,10.0,-99.6,-424.68,0.25,2.8519279032626055e-05,79557.0,695.57,1.0,173.8925,86946.25,79557.0
2024-07-06 11:15:00+00:00,795.57,400.0,-424.68,10.0,-7.59,-424.68,0.25,2.8519279032626055e-05,79557.0,695.57,1.0,173.8925,86946.25,79557.0
2024-07-06 11:30:00+00:00,795.57,400.0,-424.68,10.0,-7.59,-424.68,0.25,2.8519279032626055e-05,79557.0,695.57,1.0,173.8925,86946.25,79557.0
2024-07-06 11:45:00+00:00,795.57,400.0,-424.68,10.0,-7.59,-424.68,0.25,2.8519279032626055e-05,79557.0,695.57,1.0,173.8925,86946.25,79557.0
2024-07-06 12:00:00+00:00,795.57,400.0,-424.68,10.0,-7.59,-424.68,0.25,2.8519279032626055e-05,79557.0,695.57,1.0,173.8925,86946.25,79557.0
2024-07-06 12:15:00+00:00,795.57,400.0,-424.68,10.0,-112.67,-424.68,0.25,2.8519279032626055e-05,79557.0,695.57,1.0,173.8925,86946.25,79557.0
2024-07-06 12:30:00+00:00,795.57,400.0,-424.68,10.0,-112.67,-424.68,0.25,2.8519279032626055e-05,79557.0,695.57,1.0,173.8925,86946.25,79557.0
2024-07-06 12:45:00+00:00,795.57,400.0,-424.68,10.0,-112.67,-424.68,0.25,2.8519279032626055e-05,79557.0,695.57,1.0,173.8925,86946.25,79557.0
2024-07-06 13:00:00+00:00,795.57,400.0,-424.68,10.0,-112.67,-424.68,0.25,2.8519279032626055e-05,79557.0,695.57,1.0,173.8925,86946.25,79557.0
2024-07-06 13:15:00+00:00,706.73,400.0,-369.68,10.0,-50.14,-369.68,0.25,2.8519279032626055e-05,70673.0,606.73,1.0,151.6825,75841.25,70673.0
2024-07-06 13:30:00+00:00,706.73,400.0,-369.68,10.0,-50.14,-369.68,0.25,2.8519279032626055e-05,70673.0,606.73,1.0,151.6825,75841.25,70673.0
2024-07-06 13:45:00+00:00,739.47,400.0,-369.68,10.0,-50.14,-369.68,0.25,2.8519279032626055e-05,73947.0,639.47,1.0,159.8675,79933.75,73947.0
2024-07-06 14:00:00+00:00,739.47,400.0,-369.68,10.0,-50.14,-369.68,0.25,2.8519279032626055e-05,73947.0,639.47,1.0,159.8675,79933.75,73947.0
2024-07-06 14:15:00+00:00,617.07,400.0,-249.68,10.0,-1.03,-249.68,0.25,2.8519279032626055e-05,61707.00000000001,517.07,1.0,129.2675,64633.75000000001,61707.00000000001
2024-07-06 14:30:00+00:00,617.07,400.0,-249.68,10.0,-1.03,-249.68,0.25,2.8519279032626055e-05,61707.00000000001,517.07,1.0,129.2675,64633.75000000001,61707.00000000001
2024-07-06 14:45:00+00:00,617.07,400.0,-249.68,10.0,-1.03,-249.68,0.25,2.8519279032626055e-05,61707.00000000001,517.07,1.0,129.2675,64633.75000000001,61707.00000000001
2024-07-06 15:00:00+00:00,617.07,400.0,-249.68,10.0,-1.03,-249.68,0.25,2.8519279032626055e-05,61707.00000000001,517.07,1.0,129.2675,64633.75000000001,61707.00000000001
2024-07-06 15:15:00+00:00,563.41,400.0,-150.0,0.0,271.29,-150.0,0.25,2.8519279032626055e-05,56341.0,463.40999999999997,1.0,115.85249999999999,57926.24999999999,56341.0
2024-07-06 15:30:00+00:00,563.41,400.0,-150.0,0.0,271.29,-150.0,0.25,2.8519279032626055e-05,56341.0,463.40999999999997,1.0,115.85249999999999,57926.24999999999,56341.0
2024-07-06 15:45:00+00:00,563.41,400.0,-150.0,0.0,271.29,-150.0,0.25,2.8519279032626055e-05,56341.0,463.40999999999997,1.0,115.85249999999999,57926.24999999999,56341.0
2024-07-06 16:00:00+00:00,563.41,400.0,-150.0,0.0,271.29,-150.0,0.25,2.8519279032626055e-05,56341.0,463.40999999999997,1.0,115.85249999999999,57926.24999999999,56341.0
2024-07-06 16:15:00+00:00,563.41,400.0,-27.84,0.0,476.41,-27.84,0.25,2.8519279032626055e-05,56341.0,463.40999999999997,1.0,115.85249999999999,57926.24999999999,56341.0
2024-07-06 16:30:00+00:00,290.3,400.0,41.11,0.0,476.41,41.11,0.25,2.8519279032626055e-05,29030.0,190.3,1.0,47.575,23787.5,23787.5
2024-07-06 16:45:00+00:00,290.3,400.0,185.98,0.0,476.41,185.98,0.25,2.8519279032626055e-05,29030.0,190.3,1.0,47.575,23787.5,23787.5
2024-07-06 17:00:00+00:00,290.3,400.0,375.79,0.0,476.41,375.79,0.25,2.8519279032626055e-05,29030.0,190.3,1.0,47.575,23787.5,23787.5
2024-07-06 17:15:00+00:00,1000.0,400.0,61.1,0.0,440.79,61.1,0.25,2.8519279032626055e-05,100000.0,900.0,1.0,225.0,112500.0,100000.0
2024-07-06 17:30:00+00:00,1000.0,400.0,53.33,0.0,440.79,53.33,0.25,2.8519279032626055e-05,100000.0,900.0,1.0,225.0,112500.0,100000.0
2024-07-06 17:45:00+00:00,1000.0,400.0,89.03,0.0,440.79,89.03,0.25,2.8519279032626055e-05,100000.0,900.0,1.0,225.0,112500.0,100000.0
2024-07-06 18:00:00+00:00,1000.0,400.0,289.98,0.0,440.79,289.98,0.25,2.8519279032626055e-05,100000.0,900.0,1.0,225.0,112500.0,100000.0
2024-07-06 18:15:00+00:00,1000.0,400.0,319.75,0.0,520.6,319.75,0.25,2.8519279032626055e-05,100000.0,900.0,1.0,225.0,112500.0,100000.0
2024-07-06 18:30:00+00:00,1000.0,400.0,126.1,0.0,520.6,126.1,0.25,2.8519279032626055e-05,100000.0,900.0,1.0,225.0,112500.0,100000.0
2024-07-06 18:45:00+00:00,1000.0,400.0,115.07,0.0,520.6,115.07,0.25,2.8519279032626055e-05,100000.0,900.0,1.0,225.0,112500.0,100000.0
2024-07-06 19:00:00+00:00,1000.0,400.0,101.16,0.0,520.6,101.16,0.25,2.8519279032626055e-05,100000.0,900.0,1.0,225.0,112500.0,100000.0
2024-07-06 19:15:00+00:00,1000.0,400.0,403.0,0.0,536.8,403.0,0.25,2.8519279032626055e-05,100000.0,900.0,1.0,225.0,112500.0,100000.0
2024-07-06 19:30:00+00:00,1000.0,400.0,382.23,0.0,536.8,382.23,0.25,2.8519279032626055e-05,100000.0,900.0,1.0,225.0,112500.0,100000.0
2024-07-06 19:45:00+00:00,1000.0,400.0,382.23,0.0,536.8,382.23,0.25,2.8519279032626055e-05,100000.0,900.0,1.0,225.0,112500.0,100000.0
2024-07-06 20:00:00+00:00,1000.0,400.0,329.39,0.0,536.8,329.39,0.25,2.8519279032626055e-05,100000.0,900.0,1.0,225.0,112500.0,100000.0
2024-07-06 20:15:00+00:00,1000.0,400.0,387.0,10.0,529.81,387.0,0.25,2.8519279032626055e-05,100000.0,900.0,1.0,225.0,112500.0,100000.0
2024-07-06 20:30:00+00:00,1000.0,400.0,332.93,10.0,529.81,332.93,0.25,2.8519279032626055e-05,100000.0,900.0,1.0,225.0,112500.0,100000.0
2024-07-06 20:45:00+00:00,1000.0,400.0,127.16,10.0,529.81,127.16,0.25,2.8519279032626055e-05,100000.0,900.0,1.0,225.0,112500.0,100000.0
2024-07-06 21:00:00+00:00,1000.0,400.0,95.16,10.0,529.81,95.16,0.25,2.8519279032626055e-05,100000.0,900.0,1.0,225.0,112500.0,100000.0
2024-07-06 21:15:00+00:00,1000.0,400.0,314.0,10.0,405.69,314.0,0.25,2.8519279032626055e-05,100000.0,900.0,1.0,225.0,112500.0,100000.0
2024-07-06 21:30:00+00:00,1000.0,400.0,313.0,10.0,405.69,313.0,0.25,2.8519279032626055e-05,100000.0,900.0,1.0,225.0,112500.0,100000.0
2024-07-06 21:45:00+00:00,1000.0,400.0,81.32,10.0,405.69,81.32,0.25,2.8519279032626055e-05,100000.0,900.0,1.0,225.0,112500.0,100000.0
2024-07-06 22:00:00+00:00,260.86,400.0,51.11,10.0,405.69,51.11,0.25,2.8519279032626055e-05,26086.0,160.86,1.0,40.215,20107.5,20107.5
2024-07-06 22:15:00+00:00,311.08,400.0,-107.62,10.0,247.85,-107.62,0.25,2.8519279032626055e-05,31108.0,211.07999999999998,1.0,52.769999999999996,26384.999999999996,26384.999999999996
2024-07-06 22:30:00+00:00,311.08,400.0,-107.62,10.0,247.85,-107.62,0.25,2.8519279032626055e-05,31108.0,211.07999999999998,1.0,52.769999999999996,26384.999999999996,26384.999999999996
2024-07-06 22:45:00+00:00,311.08,400.0,-305.44,10.0,247.85,-305.44,0.25,2.8519279032626055e-05,31108.0,211.07999999999998,1.0,52.769999999999996,26384.999999999996,26384.999999999996
2024-07-06 23:00:00+00:00,311.08,400.0,-374.08,10.0,247.85,-374.08,0.25,2.8519279032626055e-05,31108.0,211.07999999999998,1.0,52.769999999999996,26384.999999999996,26384.999999999996
2024-07-06 23:15:00+00:00,307.0,400.0,-462.96,10.0,297.48,-462.96,0.25,2.8519279032626055e-05,30700.0,207.0,1.0,51.75,25875.0,25875.0
2024-07-06 23:30:00+00:00,307.0,400.0,-462.96,10.0,297.48,-462.96,0.25,2.8519279032626055e-05,30700.0,207.0,1.0,51.75,25875.0,25875.0
2024-07-06 23:45:00+00:00,307.0,400.0,-462.96,10.0,297.48,-462.96,0.25,2.8519279032626055e-05,30700.0,207.0,1.0,51.75,25875.0,25875.0
2024-07-07 00:00:00+00:00,307.0,400.0,-462.96,10.0,297.48,-462.96,0.25,2.8519279032626055e-05,30700.0,207.0,1.0,51.75,25875.0,25875.0
2024-07-07 00:15:00+00:00,292.71,400.0,-462.96,10.0,328.12,-462.96,0.25,2.8519279032626055e-05,29270.999999999996,192.70999999999998,1.0,48.177499999999995,24088.749999999996,24088.749999999996
2024-07-07 00:30:00+00:00,292.71,400.0,-462.96,10.0,328.12,-462.96,0.25,2.8519279032626055e-05,29270.999999999996,192.70999999999998,1.0,48.177499999999995,24088.749999999996,24088.749999999996
2024-07-07 00:45:00+00:00,292.71,400.0,-374.08,10.0,328.12,-374.08,0.25,2.8519279032626055e-05,29270.999999999996,192.70999999999998,1.0,48.177499999999995,24088.749999999996,24088.749999999996
2024-07-07 01:00:00+00:00,292.71,400.0,-374.08,10.0,328.12,-374.08,0.25,2.8519279032626055e-05,29270.999999999996,192.70999999999998,1.0,48.177499999999995,24088.749999999996,24088.749999999996
2024-07-07 01:15:00+00:00,288.64,400.0,-305.44,10.0,304.33,-305.44,0.25,2.8519279032626055e-05,28864.0,188.64,1.0,47.16,23580.0,23580.0
2024-07-07 01:30:00+00:00,288.64,400.0,-107.62,10.0,304.33,-107.62,0.25,2.8519279032626055e-05,28864.0,188.64,1.0,47.16,23580.0,23580.0
2024-07-07 01:45:00+00:00,288.64,400.0,10.63,10.0,304.33,10.63,0.25,2.8519279032626055e-05,28864.0,188.64,1.0,47.16,23580.0,23580.0
2024-07-07 02:00:00+00:00,288.64,400.0,304.33,10.0,304.33,312.0,0.25,2.8519279032626055e-05,28864.0,188.64,1.0,47.16,23580.0,23580.0
2024-07-07 02:15:00+00:00,286.6,400.0,299.53,10.0,299.53,316.0,0.25,2.8519279032626055e-05,28660.000000000004,186.60000000000002,1.0,46.650000000000006,23325.000000000004,23325.000000000004
2024-07-07 02:30:00+00:00,286.6,400.0,299.53,10.0,299.53,313.0,0.25,2.8519279032626055e-05,28660.000000000004,186.60000000000002,1.0,46.650000000000006,23325.000000000004,23325.000000000004
2024-07-07 02:45:00+00:00,286.6,400.0,40.1,10.0,299.53,40.1,0.25,2.8519279032626055e-05,28660.000000000004,186.60000000000002,1.0,46.650000000000006,23325.000000000004,23325.000000000004
2024-07-07 03:00:00+00:00,286.6,400.0,40.1,10.0,299.53,40.1,0.25,2.8519279032626055e-05,28660.000000000004,186.60000000000002,1.0,46.650000000000006,23325.000000000004,23325.000000000004
2024-07-07 03:15:00+00:00,290.67,400.0,306.0,0.0,306.22,306.0,0.25,2.8519279032626055e-05,29067.0,190.67000000000002,1.0,47.667500000000004,23833.750000000004,23833.750000000004
2024-07-07 03:30:00+00:00,290.67,400.0,302.0,0.0,306.22,302.0,0.25,2.8519279032626055e-05,29067.0,190.67000000000002,1.0,47.667500000000004,23833.750000000004,23833.750000000004
2024-07-07 03:45:00+00:00,290.67,400.0,30.1,0.0,306.22,30.1,0.25,2.8519279032626055e-05,29067.0,190.67000000000002,1.0,47.667500000000004,23833.750000000004,23833.750000000004
2024-07-07 04:00:00+00:00,290.67,400.0,30.1,0.0,306.22,30.1,0.25,2.8519279032626055e-05,29067.0,190.67000000000002,1.0,47.667500000000004,23833.750000000004,23833.750000000004
2024-07-07 04:15:00+00:00,290.67,400.0,301.0,0.0,319.72,301.0,0.25,2.8519279032626055e-05,29067.0,190.67000000000002,1.0,47.667500000000004,23833.750000000004,23833.750000000004
2024-07-07 04:30:00+00:00,290.67,400.0,304.0,0.0,319.72,304.0,0.25,2.8519279032626055e-05,29067.0,190.67000000000002,1.0,47.667500000000004,23833.750000000004,23833.750000000004
2024-07-07 04:45:00+00:00,290.67,400.0,306.0,0.0,319.72,306.0,0.25,2.8519279032626055e-05,29067.0,190.67000000000002,1.0,47.667500000000004,23833.750000000004,23833.750000000004
2024-07-07 05:00:00+00:00,290.67,400.0,306.0,0.0,319.72,306.0,0.25,2.8519279032626055e-05,29067.0,190.67000000000002,1.0,47.667500000000004,23833.750000000004,23833.750000000004
2024-07-07 05:15:00+00:00,332.85,400.0,259.89,0.0,259.89,305.0,0.25,2.8519279032626055e-05,33285.0,232.85000000000002,1.0,58.212500000000006,29106.250000000004,29106.250000000004
2024-07-07 05:30:00+00:00,332.85,400.0,259.89,0.0,259.89,302.0,0.25,2.8519279032626055e-05,33285.0,232.85000000000002,1.0,58.212500000000006,29106.250000000004,29106.250000000004
2024-07-07 05:45:00+00:00,332.85,400.0,41.33,0.0,259.89,41.33,0.25,2.8519279032626055e-05,33285.0,232.85000000000002,1.0,58.212500000000006,29106.250000000004,29106.250000000004
2024-07-07 06:00:00+00:00,332.85,400.0,30.1,0.0,259.89,30.1,0.25,2.8519279032626055e-05,33285.0,232.85000000000002,1.0,58.212500000000006,29106.250000000004,29106.250000000004
2024-07-07 06:15:00+00:00,379.85,400.0,51.33,10.0,149.23,51.33,0.25,2.8519279032626055e-05,37985.0,279.85,1.0,69.9625,34981.25,34981.25
2024-07-07 06:30:00+00:00,379.85,400.0,46.44,10.0,149.23,46.44,0.25,2.8519279032626055e-05,37985.0,279.85,1.0,69.9625,34981.25,34981.25
2024-07-07 06:45:00+00:00,379.85,400.0,33.33,10.0,149.23,33.33,0.25,2.8519279032626055e-05,37985.0,279.85,1.0,69.9625,34981.25,34981.25
2024-07-07 07:00:00+00:00,379.85,400.0,-150.0,0.0,149.23,-150.0,0.25,2.8519279032626055e-05,37985.0,279.85,1.0,69.9625,34981.25,34981.25
2024-07-07 07:15:00+00:00,464.07,400.0,-140.0,10.0,0.0,-140.0,0.25,2.8519279032626055e-05,46407.0,364.07,1.0,91.0175,45508.75,45508.75
2024-07-07 07:30:00+00:00,464.07,400.0,-140.0,10.0,0.0,-140.0,0.25,2.8519279032626055e-05,46407.0,364.07,1.0,91.0175,45508.75,45508.75
2024-07-07 07:45:00+00:00,464.07,400.0,-140.0,10.0,0.0,-140.0,0.25,2.8519279032626055e-05,46407.0,364.07,1.0,91.0175,45508.75,45508.75
2024-07-07 08:00:00+00:00,464.07,400.0,-140.0,10.0,0.0,-140.0,0.25,2.8519279032626055e-05,46407.0,364.07,1.0,91.0175,45508.75,45508.75
2024-07-07 08:15:00+00:00,501.27,400.0,-140.0,10.0,-34.03,-140.0,0.25,2.8519279032626055e-05,50127.0,401.27,1.0,100.3175,50158.75,50127.0
2024-07-07 08:30:00+00:00,501.27,400.0,-457.54,10.0,-34.03,-457.54,0.25,2.8519279032626055e-05,50127.0,401.27,1.0,100.3175,50158.75,50127.0
2024-07-07 08:45:00+00:00,501.27,400.0,-457.54,10.0,-34.03,-457.54,0.25,2.8519279032626055e-05,50127.0,401.27,1.0,100.3175,50158.75,50127.0
2024-07-07 09:00:00+00:00,501.27,400.0,-457.54,10.0,-34.03,-457.54,0.25,2.8519279032626055e-05,50127.0,401.27,1.0,100.3175,50158.75,50127.0
2024-07-07 09:15:00+00:00,515.79,400.0,-457.54,10.0,-49.33,-457.54,0.25,2.8519279032626055e-05,51579.0,415.78999999999996,1.0,103.94749999999999,51973.74999999999,51579.0
2024-07-07 09:30:00+00:00,515.79,400.0,-457.54,10.0,-49.33,-457.54,0.25,2.8519279032626055e-05,51579.0,415.78999999999996,1.0,103.94749999999999,51973.74999999999,51579.0
2024-07-07 09:45:00+00:00,515.79,400.0,-457.54,10.0,-49.33,-457.54,0.25,2.8519279032626055e-05,51579.0,415.78999999999996,1.0,103.94749999999999,51973.74999999999,51579.0
2024-07-07 10:00:00+00:00,515.79,400.0,-457.54,10.0,-49.33,-457.54,0.25,2.8519279032626055e-05,51579.0,415.78999999999996,1.0,103.94749999999999,51973.74999999999,51579.0
2024-07-07 10:15:00+00:00,520.19,400.0,-457.54,10.0,-8.49,-457.54,0.25,2.8519279032626055e-05,52019.00000000001,420.19000000000005,1.0,105.04750000000001,52523.75000000001,52019.00000000001
2024-07-07 10:30:00+00:00,520.19,400.0,-457.54,10.0,-8.49,-457.54,0.25,2.8519279032626055e-05,52019.00000000001,420.19000000000005,1.0,105.04750000000001,52523.75000000001,52019.00000000001
2024-07-07 10:45:00+00:00,520.19,400.0,-457.54,10.0,-8.49,-457.54,0.25,2.8519279032626055e-05,52019.00000000001,420.19000000000005,1.0,105.04750000000001,52523.75000000001,52019.00000000001
2024-07-07 11:00:00+00:00,520.19,400.0,-457.54,10.0,-8.49,-457.54,0.25,2.8519279032626055e-05,52019.00000000001,420.19000000000005,1.0,105.04750000000001,52523.75000000001,52019.00000000001
2024-07-07 11:15:00+00:00,518.29,400.0,-457.54,10.0,10.71,-457.54,0.25,2.8519279032626055e-05,51829.0,418.28999999999996,1.0,104.57249999999999,52286.24999999999,51829.0
2024-07-07 11:30:00+00:00,518.29,400.0,-457.54,10.0,10.71,-457.54,0.25,2.8519279032626055e-05,51829.0,418.28999999999996,1.0,104.57249999999999,52286.24999999999,51829.0
2024-07-07 11:45:00+00:00,518.29,400.0,-457.54,10.0,10.71,-457.54,0.25,2.8519279032626055e-05,51829.0,418.28999999999996,1.0,104.57249999999999,52286.24999999999,51829.0
2024-07-07 12:00:00+00:00,518.29,400.0,-457.54,10.0,10.71,-457.54,0.25,2.8519279032626055e-05,51829.0,418.28999999999996,1.0,104.57249999999999,52286.24999999999,51829.0
2024-07-07 12:15:00+00:00,509.72,400.0,-457.54,10.0,209.62,-457.54,0.25,2.8519279032626055e-05,50972.0,409.72,1.0,102.43,51215.0,50972.0
2024-07-07 12:30:00+00:00,509.72,400.0,-140.0,10.0,209.62,-140.0,0.25,2.8519279032626055e-05,50972.0,409.72,1.0,102.43,51215.0,50972.0
2024-07-07 12:45:00+00:00,509.72,400.0,-140.0,10.0,209.62,-140.0,0.25,2.8519279032626055e-05,50972.0,409.72,1.0,102.43,51215.0,50972.0
2024-07-07 13:00:00+00:00,509.72,400.0,32.34,10.0,209.62,32.34,0.25,2.8519279032626055e-05,50972.0,409.72,1.0,102.43,51215.0,50972.0
2024-07-07 13:15:00+00:00,447.07,400.0,313.0,10.0,343.68,313.0,0.25,2.8519279032626055e-05,44707.0,347.07,1.0,86.7675,43383.75,43383.75
2024-07-07 13:30:00+00:00,447.07,400.0,32.34,10.0,343.68,32.34,0.25,2.8519279032626055e-05,44707.0,347.07,1.0,86.7675,43383.75,43383.75
2024-07-07 13:45:00+00:00,447.07,400.0,77.1,10.0,343.68,77.1,0.25,2.8519279032626055e-05,44707.0,347.07,1.0,86.7675,43383.75,43383.75
2024-07-07 14:00:00+00:00,447.07,400.0,312.0,10.0,343.68,312.0,0.25,2.8519279032626055e-05,44707.0,347.07,1.0,86.7675,43383.75,43383.75
2024-07-07 14:15:00+00:00,331.31,400.0,348.1,10.0,424.85,348.1,0.25,2.8519279032626055e-05,33131.0,231.31,1.0,57.8275,28913.75,28913.75
2024-07-07 14:30:00+00:00,331.31,400.0,349.1,10.0,424.85,349.1,0.25,2.8519279032626055e-05,33131.0,231.31,1.0,57.8275,28913.75,28913.75
2024-07-07 14:45:00+00:00,331.31,400.0,444.72,10.0,424.85,444.72,0.25,2.8519279032626055e-05,33131.0,231.31,1.0,57.8275,28913.75,28913.75
2024-07-07 15:00:00+00:00,331.31,400.0,622.62,10.0,424.85,622.62,0.25,2.8519279032626055e-05,33131.0,231.31,1.0,57.8275,28913.75,28913.75
2024-07-07 15:15:00+00:00,171.08,400.0,611.99,0.0,516.57,611.99,0.25,2.8519279032626055e-05,17108.0,71.08000000000001,1.0,17.770000000000003,8885.000000000002,8885.000000000002
2024-07-07 15:30:00+00:00,171.08,400.0,516.57,0.0,516.57,471.27,0.25,2.8519279032626055e-05,17108.0,71.08000000000001,1.0,17.770000000000003,8885.000000000002,8885.000000000002
2024-07-07 15:45:00+00:00,171.08,400.0,661.15,0.0,516.57,661.15,0.25,2.8519279032626055e-05,17108.0,71.08000000000001,1.0,17.770000000000003,8885.000000000002,8885.000000000002
2024-07-07 16:00:00+00:00,151.08,400.0,663.54,0.0,516.57,663.54,0.25,2.8519279032626055e-05,15108.000000000002,51.08000000000001,1.0,12.770000000000003,6385.000000000002,6385.000000000002
2024-07-07 16:15:00+00:00,94.61,400.0,561.65,0.0,561.65,529.55,0.25,2.8519279032626055e-05,9461.0,5.145410480180301e-32,1.957025773829079e-30,1.2863526200450753e-32,6.431763100225376e-30,6.431763100225376e-30
2024-07-07 16:30:00+00:00,94.61,400.0,498.75,0.0,561.65,498.75,0.25,2.8519279032626055e-05,9461.0,5.158043692738533e-32,1.9474469397964363e-30,1.2895109231846332e-32,6.447554615923166e-30,6.447554615923166e-30
2024-07-07 16:45:00+00:00,94.61,400.0,652.52,0.0,561.65,652.52,0.25,2.8519279032626055e-05,9461.0,5.158425022587571e-32,1.9471555763596486e-30,1.2896062556468928e-32,6.448031278234464e-30,6.448031278234464e-30
2024-07-07 17:00:00+00:00,94.61,400.0,661.15,0.0,561.65,661.15,0.25,2.8519279032626055e-05,9461.0,5.15844641649597e-32,1.947139225515581e-30,1.2896116041239925e-32,6.448058020619962e-30,6.448058020619962e-30
2024-07-07 17:15:00+00:00,57.93,400.0,684.52,0.0,664.51,684.52,0.25,2.8519279032626055e-05,5793.0,0.0,0.0,0.0,0.0,0.0
2024-07-07 17:30:00+00:00,57.93,400.0,578.0,0.0,664.51,578.0,0.25,2.8519279032626055e-05,5793.0,0.0,0.0,0.0,0.0,0.0
2024-07-07 17:45:00+00:00,57.93,400.0,664.51,0.0,664.51,604.83,0.25,2.8519279032626055e-05,5793.0,0.0,0.0,0.0,0.0,0.0
2024-07-07 18:00:00+00:00,37.49,400.0,664.51,0.0,664.51,576.16,0.25,2.8519279032626055e-05,3749.0,0.0,0.0,0.0,0.0,0.0
2024-07-07 18:15:00+00:00,15.46,400.0,488.75,0.0,685.21,488.75,0.25,2.8519279032626055e-05,1546.0,0.0,0.0,0.0,0.0,0.0
2024-07-07 18:30:00+00:00,73.38,400.0,421.38,0.0,685.21,421.38,0.25,2.8519279032626055e-05,7338.0,0.0,0.0,0.0,0.0,0.0
2024-07-07 18:45:00+00:00,73.38,400.0,422.38,0.0,685.21,422.38,0.25,2.8519279032626055e-05,7338.0,0.0,0.0,0.0,0.0,0.0
2024-07-07 19:00:00+00:00,73.38,400.0,421.38,0.0,685.21,421.38,0.25,2.8519279032626055e-05,7338.0,0.0,0.0,0.0,0.0,0.0
2024-07-07 19:15:00+00:00,71.76,400.0,388.8,0.0,682.73,388.8,0.25,2.8519279032626055e-05,7176.000000000001,0.0,0.0,0.0,0.0,0.0
2024-07-07 19:30:00+00:00,71.76,400.0,388.8,0.0,682.73,388.8,0.25,2.8519279032626055e-05,7176.000000000001,0.0,0.0,0.0,0.0,0.0
2024-07-07 19:45:00+00:00,71.76,400.0,385.58,0.0,682.73,385.58,0.25,2.8519279032626055e-05,7176.000000000001,0.0,0.0,0.0,0.0,0.0
2024-07-07 20:00:00+00:00,71.76,400.0,380.28,0.0,682.73,380.28,0.25,2.8519279032626055e-05,7176.000000000001,0.0,0.0,0.0,0.0,0.0
2024-07-07 20:15:00+00:00,66.75,400.0,525.87,10.0,525.87,588.0,0.25,2.8519279032626055e-05,6675.0,0.0,0.0,0.0,0.0,0.0
2024-07-07 20:30:00+00:00,66.75,400.0,525.87,10.0,525.87,587.0,0.25,2.8519279032626055e-05,6675.0,0.0,0.0,0.0,0.0,0.0
2024-07-07 20:45:00+00:00,86.75,400.0,435.38,10.0,525.87,435.38,0.25,2.8519279032626055e-05,8675.0,8.169634137831659e-192,3.979912693771142e-189,2.0424085344579147e-192,1.0212042672289573e-189,1.0212042672289573e-189
2024-07-07 21:00:00+00:00,66.75,400.0,431.38,10.0,525.87,431.38,0.25,2.8519279032626055e-05,6675.0,0.0,0.0,0.0,0.0,0.0
2024-07-07 21:15:00+00:00,53.11,400.0,436.38,10.0,454.29,436.38,0.25,2.8519279032626055e-05,5311.0,0.0,0.0,0.0,0.0,0.0
2024-07-07 21:30:00+00:00,53.11,400.0,454.29,10.0,454.29,463.9,0.25,2.8519279032626055e-05,5311.0,0.0,0.0,0.0,0.0,0.0
2024-07-07 21:45:00+00:00,53.11,400.0,405.25,10.0,454.29,405.25,0.25,2.8519279032626055e-05,5311.0,0.0,0.0,0.0,0.0,0.0
2024-07-07 22:00:00+00:00,53.11,400.0,336.99,10.0,454.29,336.99,0.25,2.8519279032626055e-05,5311.0,0.0,0.0,0.0,0.0,0.0
2024-07-07 22:15:00+00:00,103.07,400.0,327.5,10.0,371.11,327.5,0.25,2.8519279032626055e-05,10307.0,3.070000000015952,0.9999999998260628,0.767500000003988,383.750000001994,383.750000001994
2024-07-07 22:30:00+00:00,103.07,400.0,308.4,10.0,371.11,308.4,0.25,2.8519279032626055e-05,10307.0,3.070000000015952,0.9999999998260647,0.767500000003988,383.750000001994,383.750000001994
2024-07-07 22:45:00+00:00,103.07,400.0,295.07,10.0,371.11,295.07,0.25,2.8519279032626055e-05,10307.0,3.070000000015952,0.9999999998260659,0.767500000003988,383.750000001994,383.750000001994
2024-07-07 23:00:00+00:00,103.07,400.0,308.4,10.0,371.11,308.4,0.25,2.8519279032626055e-05,10307.0,3.070000000015952,0.9999999998260647,0.767500000003988,383.750000001994,383.750000001994
2024-07-07 23:15:00+00:00,113.07,400.0,327.5,10.0,349.12,327.5,0.25,2.8519279032626055e-05,11307.0,13.069999999999993,1.0,3.2674999999999983,1633.749999999999,1633.749999999999
2024-07-07 23:30:00+00:00,113.07,400.0,295.07,10.0,349.12,295.07,0.25,2.8519279032626055e-05,11307.0,13.069999999999993,1.0,3.2674999999999983,1633.749999999999,1633.749999999999
2024-07-07 23:45:00+00:00,88.91,400.0,222.48,10.0,349.12,222.48,0.25,2.8519279032626055e-05,8891.0,2.155884438020723e-132,5.439549842846666e-130,5.389711095051808e-133,2.694855547525904e-130,2.694855547525904e-130
2024-07-08 00:00:00+00:00,113.07,400.0,132.11,10.0,349.12,132.11,0.25,2.8519279032626055e-05,11307.0,13.069999999999993,1.0,3.2674999999999983,1633.749999999999,1633.749999999999
2024-07-08 00:15:00+00:00,1000.0,400.0,308.4,10.0,341.41,308.4,0.25,2.8519279032626055e-05,100000.0,900.0,1.0,225.0,112500.0,100000.0
2024-07-08 00:30:00+00:00,1000.0,400.0,308.4,10.0,341.41,308.4,0.25,2.8519279032626055e-05,100000.0,900.0,1.0,225.0,112500.0,100000.0
2024-07-08 00:45:00+00:00,1000.0,400.0,153.11,10.0,341.41,153.11,0.25,2.8519279032626055e-05,100000.0,900.0,1.0,225.0,112500.0,100000.0
2024-07-08 01:00:00+00:00,1000.0,400.0,153.11,10.0,341.41,153.11,0.25,2.8519279032626055e-05,100000.0,900.0,1.0,225.0,112500.0,100000.0
2024-07-08 01:15:00+00:00,61.8,400.0,308.4,10.0,339.69,308.4,0.25,2.8519279032626055e-05,6180.0,0.0,0.0,0.0,0.0,0.0
2024-07-08 01:30:00+00:00,61.8,400.0,308.4,10.0,339.69,308.4,0.25,2.8519279032626055e-05,6180.0,0.0,0.0,0.0,0.0,0.0
2024-07-08 01:45:00+00:00,61.8,400.0,308.4,10.0,339.69,308.4,0.25,2.8519279032626055e-05,6180.0,0.0,0.0,0.0,0.0,0.0
2024-07-08 02:00:00+00:00,61.8,400.0,332.75,10.0,339.69,332.75,0.25,2.8519279032626055e-05,6180.0,0.0,0.0,0.0,0.0,0.0
2024-07-08 02:15:00+00:00,66.36,400.0,212.48,0.0,339.35,212.48,0.25,2.8519279032626055e-05,6636.0,0.0,0.0,0.0,0.0,0.0
2024-07-08 02:30:00+00:00,66.36,400.0,132.05,0.0,339.35,132.05,0.25,2.8519279032626055e-05,6636.0,0.0,0.0,0.0,0.0,0.0
2024-07-08 02:45:00+00:00,66.36,400.0,278.71,0.0,339.35,278.71,0.25,2.8519279032626055e-05,6636.0,0.0,0.0,0.0,0.0,0.0
2024-07-08 03:00:00+00:00,66.36,400.0,298.4,0.0,339.35,298.4,0.25,2.8519279032626055e-05,6636.0,0.0,0.0,0.0,0.0,0.0
2024-07-08 03:15:00+00:00,43.27,400.0,229.28,0.0,349.29,229.28,0.25,2.8519279032626055e-05,4327.0,0.0,0.0,0.0,0.0,0.0
2024-07-08 03:30:00+00:00,30.72,400.0,212.48,0.0,349.29,212.48,0.25,2.8519279032626055e-05,3072.0,0.0,0.0,0.0,0.0,0.0
2024-07-08 03:45:00+00:00,30.72,400.0,349.29,0.0,349.29,353.83,0.25,2.8519279032626055e-05,3072.0,0.0,0.0,0.0,0.0,0.0
2024-07-08 04:00:00+00:00,43.27,400.0,349.29,0.0,349.29,359.83,0.25,2.8519279032626055e-05,4327.0,0.0,0.0,0.0,0.0,0.0
2024-07-08 04:15:00+00:00,1000.0,400.0,326.27,0.0,532.68,326.27,0.25,2.8519279032626055e-05,100000.0,900.0,1.0,225.0,112500.0,100000.0
2024-07-08 04:30:00+00:00,60.91,400.0,323.06,0.0,532.68,323.06,0.25,2.8519279032626055e-05,6091.0,0.0,0.0,0.0,0.0,0.0
2024-07-08 04:45:00+00:00,60.91,400.0,390.42,0.0,532.68,390.42,0.25,2.8519279032626055e-05,6091.0,0.0,0.0,0.0,0.0,0.0
2024-07-08 05:00:00+00:00,1000.0,400.0,496.85,0.0,532.68,496.85,0.25,2.8519279032626055e-05,100000.0,900.0,1.0,225.0,112500.0,100000.0
2024-07-08 05:15:00+00:00,1000.0,400.0,556.21,10.0,556.21,564.48,0.25,2.8519279032626055e-05,100000.0,900.0,1.0,225.0,112500.0,100000.0
2024-07-08 05:30:00+00:00,60.91,400.0,556.21,10.0,556.21,563.48,0.25,2.8519279032626055e-05,6091.0,0.0,0.0,0.0,0.0,0.0
2024-07-08 05:45:00+00:00,60.91,400.0,556.21,10.0,556.21,564.48,0.25,2.8519279032626055e-05,6091.0,0.0,0.0,0.0,0.0,0.0
2024-07-08 06:00:00+00:00,60.91,400.0,556.21,10.0,556.21,562.48,0.25,2.8519279032626055e-05,6091.0,0.0,0.0,0.0,0.0,0.0
2024-07-08 06:15:00+00:00,49.54,400.0,489.91,10.0,489.91,499.95,0.25,2.8519279032626055e-05,4954.0,0.0,0.0,0.0,0.0,0.0
2024-07-08 06:30:00+00:00,49.54,400.0,456.37,10.0,489.91,456.37,0.25,2.8519279032626055e-05,4954.0,0.0,0.0,0.0,0.0,0.0
2024-07-08 06:45:00+00:00,49.54,400.0,361.21,10.0,489.91,361.21,0.25,2.8519279032626055e-05,4954.0,0.0,0.0,0.0,0.0,0.0
2024-07-08 07:00:00+00:00,1000.0,400.0,291.84,10.0,489.91,291.84,0.25,2.8519279032626055e-05,100000.0,900.0,1.0,225.0,112500.0,100000.0
2024-07-08 07:15:00+00:00,92.0,400.0,250.28,10.0,389.75,250.28,0.25,2.8519279032626055e-05,9200.0,2.294654540650744e-68,1.940977226393573e-66,5.73663635162686e-69,2.86831817581343e-66,2.86831817581343e-66
2024-07-08 07:30:00+00:00,92.0,400.0,147.06,10.0,389.75,147.06,0.25,2.8519279032626055e-05,9200.0,2.294246684498163e-68,1.9412696162264806e-66,5.735616711245408e-69,2.867808355622704e-66,2.867808355622704e-66
2024-07-08 07:45:00+00:00,92.0,400.0,104.07,0.0,389.75,104.07,0.25,2.8519279032626055e-05,9200.0,2.2954872751983455e-68,1.9403799912382975e-66,5.738718187995864e-69,2.869359093997932e-66,2.869359093997932e-66
2024-07-08 08:00:00+00:00,92.0,400.0,79.12,0.0,389.75,79.12,0.25,2.8519279032626055e-05,9200.0,2.2953887918642012e-68,1.9404506410550053e-66,5.738471979660503e-69,2.8692359898302515e-66,2.8692359898302515e-66
2024-07-08 08:15:00+00:00,170.17,400.0,62.12,0.0,347.62,62.12,0.25,2.8519279032626055e-05,17017.0,70.16999999999999,1.0,17.542499999999997,8771.249999999998,8771.249999999998
2024-07-08 08:30:00+00:00,170.17,400.0,56.31,0.0,347.62,56.31,0.25,2.8519279032626055e-05,17017.0,70.16999999999999,1.0,17.542499999999997,8771.249999999998,8771.249999999998
2024-07-08 08:45:00+00:00,170.17,400.0,51.05,0.0,347.62,51.05,0.25,2.8519279032626055e-05,17017.0,70.16999999999999,1.0,17.542499999999997,8771.249999999998,8771.249999999998
2024-07-08 09:00:00+00:00,170.17,400.0,50.1,0.0,347.62,50.1,0.25,2.8519279032626055e-05,17017.0,70.16999999999999,1.0,17.542499999999997,8771.249999999998,8771.249999999998
2024-07-08 09:15:00+00:00,184.96,400.0,41.11,0.0,347.54,41.11,0.25,2.8519279032626055e-05,18496.0,84.96000000000001,1.0,21.240000000000002,10620.000000000002,10620.000000000002
2024-07-08 09:30:00+00:00,184.96,400.0,36.16,0.0,347.54,36.16,0.25,2.8519279032626055e-05,18496.0,84.96000000000001,1.0,21.240000000000002,10620.000000000002,10620.000000000002
2024-07-08 09:45:00+00:00,184.96,400.0,36.16,0.0,347.54,36.16,0.25,2.8519279032626055e-05,18496.0,84.96000000000001,1.0,21.240000000000002,10620.000000000002,10620.000000000002
2024-07-08 10:00:00+00:00,184.96,400.0,35.05,0.0,347.54,35.05,0.25,2.8519279032626055e-05,18496.0,84.96000000000001,1.0,21.240000000000002,10620.000000000002,10620.000000000002
2024-07-08 10:15:00+00:00,184.5,400.0,25.11,0.0,348.05,25.11,0.25,2.8519279032626055e-05,18450.0,84.5,1.0,21.125,10562.5,10562.5
2024-07-08 10:30:00+00:00,184.5,400.0,51.11,10.0,348.05,51.11,0.25,2.8519279032626055e-05,18450.0,84.5,1.0,21.125,10562.5,10562.5
2024-07-08 10:45:00+00:00,184.5,400.0,62.16,10.0,348.05,62.16,0.25,2.8519279032626055e-05,18450.0,84.5,1.0,21.125,10562.5,10562.5
2024-07-08 11:00:00+00:00,184.5,400.0,68.32,10.0,348.05,68.32,0.25,2.8519279032626055e-05,18450.0,84.5,1.0,21.125,10562.5,10562.5
2024-07-08 11:15:00+00:00,163.02,400.0,92.1,10.0,354.48,92.1,0.25,2.8519279032626055e-05,16302.000000000002,63.02000000000001,1.0,15.755000000000003,7877.500000000001,7877.500000000001
2024-07-08 11:30:00+00:00,163.02,400.0,111.16,10.0,354.48,111.16,0.25,2.8519279032626055e-05,16302.000000000002,63.02000000000001,1.0,15.755000000000003,7877.500000000001,7877.500000000001
2024-07-08 11:45:00+00:00,163.02,400.0,116.11,10.0,354.48,116.11,0.25,2.8519279032626055e-05,16302.000000000002,63.02000000000001,1.0,15.755000000000003,7877.500000000001,7877.500000000001
2024-07-08 12:00:00+00:00,163.02,400.0,111.16,10.0,354.48,111.16,0.25,2.8519279032626055e-05,16302.000000000002,63.02000000000001,1.0,15.755000000000003,7877.500000000001,7877.500000000001
2024-07-08 12:15:00+00:00,109.22,400.0,92.1,10.0,360.26,92.1,0.25,2.8519279032626055e-05,10922.0,9.219999999999999,1.0,2.3049999999999997,1152.4999999999998,1152.4999999999998
2024-07-08 12:30:00+00:00,109.22,400.0,81.32,10.0,360.26,81.32,0.25,2.8519279032626055e-05,10922.0,9.219999999999999,1.0,2.3049999999999997,1152.4999999999998,1152.4999999999998
2024-07-08 12:45:00+00:00,109.22,400.0,70.08,10.0,360.26,70.08,0.25,2.8519279032626055e-05,10922.0,9.219999999999999,1.0,2.3049999999999997,1152.4999999999998,1152.4999999999998
2024-07-08 13:00:00+00:00,109.22,400.0,66.31,10.0,360.26,66.31,0.25,2.8519279032626055e-05,10922.0,9.219999999999999,1.0,2.3049999999999997,1152.4999999999998,1152.4999999999998
2024-07-08 13:15:00+00:00,55.02,400.0,71.03,10.0,379.42,71.03,0.25,2.8519279032626055e-05,5502.0,0.0,0.0,0.0,0.0,0.0
2024-07-08 13:30:00+00:00,55.02,400.0,76.1,10.0,379.42,76.1,0.25,2.8519279032626055e-05,5502.0,0.0,0.0,0.0,0.0,0.0
2024-07-08 13:45:00+00:00,90.62,400.0,94.32,10.0,379.42,94.32,0.25,2.8519279032626055e-05,9062.0,5.206790004590827e-94,6.754595765452823e-92,1.3016975011477068e-94,6.508487505738534e-92,6.508487505738534e-92
2024-07-08 14:00:00+00:00,90.62,400.0,127.16,10.0,379.42,127.16,0.25,2.8519279032626055e-05,9062.0,5.207317853568611e-94,6.754213648788026e-92,1.3018294633921528e-94,6.509147316960764e-92,6.509147316960764e-92
2024-07-08 14:15:00+00:00,63.27,400.0,342.79,10.0,423.18,342.79,0.25,2.8519279032626055e-05,6327.0,0.0,0.0,0.0,0.0,0.0
2024-07-08 14:30:00+00:00,63.27,400.0,423.18,10.0,423.18,426.72,0.25,2.8519279032626055e-05,6327.0,0.0,0.0,0.0,0.0,0.0
2024-07-08 14:45:00+00:00,43.27,400.0,423.18,10.0,423.18,428.72,0.25,2.8519279032626055e-05,4327.0,0.0,0.0,0.0,0.0,0.0
2024-07-08 15:00:00+00:00,43.27,400.0,423.18,10.0,423.18,429.72,0.25,2.8519279032626055e-05,4327.0,0.0,0.0,0.0,0.0,0.0
2024-07-08 15:15:00+00:00,74.98,400.0,306.72,0.0,451.04,306.72,0.25,2.8519279032626055e-05,7498.0,0.0,0.0,0.0,0.0,0.0
2024-07-08 15:30:00+00:00,74.98,400.0,306.72,0.0,451.04,306.72,0.25,2.8519279032626055e-05,7498.0,0.0,0.0,0.0,0.0,0.0
2024-07-08 15:45:00+00:00,74.98,400.0,451.04,0.0,451.04,507.0,0.25,2.8519279032626055e-05,7498.0,0.0,0.0,0.0,0.0,0.0
2024-07-08 16:00:00+00:00,74.98,400.0,700.0,0.0,451.04,700.0,0.25,2.8519279032626055e-05,7498.0,0.0,0.0,0.0,0.0,0.0
2024-07-08 16:15:00+00:00,43.27,400.0,490.57,0.0,710.46,490.57,0.25,2.8519279032626055e-05,4327.0,0.0,0.0,0.0,0.0,0.0
2024-07-08 16:30:00+00:00,43.27,400.0,396.89,0.0,710.46,396.89,0.25,2.8519279032626055e-05,4327.0,0.0,0.0,0.0,0.0,0.0
2024-07-08 16:45:00+00:00,43.27,400.0,710.46,0.0,710.46,810.42,0.25,2.8519279032626055e-05,4327.0,0.0,0.0,0.0,0.0,0.0
2024-07-08 17:00:00+00:00,43.27,400.0,710.46,0.0,710.46,817.42,0.25,2.8519279032626055e-05,4327.0,0.0,0.0,0.0,0.0,0.0
2024-07-08 17:15:00+00:00,103.69,400.0,984.79,0.0,984.79,1189.18,0.25,2.8519279032626055e-05,10369.0,3.6899999999999977,0.9999999999999685,0.9224999999999994,461.2499999999997,461.2499999999997
2024-07-08 17:30:00+00:00,11.77,400.0,984.79,0.0,984.79,1192.18,0.25,2.8519279032626055e-05,1177.0,0.0,0.0,0.0,0.0,0.0
2024-07-08 17:45:00+00:00,71.89,400.0,984.79,0.0,984.79,552.99,0.25,2.8519279032626055e-05,7189.0,0.0,0.0,0.0,0.0,0.0
2024-07-08 18:00:00+00:00,103.69,400.0,984.79,10.0,984.79,733.19,0.25,2.8519279032626055e-05,10369.0,3.6899999999999977,0.9999999999999699,0.9224999999999994,461.2499999999997,461.2499999999997
2024-07-08 18:15:00+00:00,191.84,400.0,1409.56,10.0,1409.56,1055.65,0.25,2.8519279032626055e-05,19184.0,91.84,1.0,22.96,11480.0,11480.0
2024-07-08 18:30:00+00:00,191.84,400.0,1409.56,11.16,1409.56,1147.85,0.25,2.8519279032626055e-05,19184.0,91.84,1.0,22.96,11480.0,11480.0
2024-07-08 18:45:00+00:00,191.84,400.0,1409.56,10.0,1409.56,1146.69,0.25,2.8519279032626055e-05,19184.0,91.84,1.0,22.96,11480.0,11480.0
2024-07-08 19:00:00+00:00,37.49,400.0,1409.56,10.0,1409.56,940.22,0.25,2.8519279032626055e-05,3749.0,0.0,0.0,0.0,0.0,0.0
2024-07-08 19:15:00+00:00,60.09,400.0,1120.57,10.0,1120.57,565.49,0.25,2.8519279032626055e-05,6009.0,0.0,0.0,0.0,0.0,0.0
2024-07-08 19:30:00+00:00,37.49,400.0,1120.57,0.0,1120.57,542.99,0.25,2.8519279032626055e-05,3749.0,0.0,0.0,0.0,0.0,0.0
2024-07-08 19:45:00+00:00,60.09,400.0,1120.57,0.0,1120.57,1202.57,0.25,2.8519279032626055e-05,6009.0,0.0,0.0,0.0,0.0,0.0
2024-07-08 20:00:00+00:00,80.09,400.0,1120.57,0.0,1120.57,1199.57,0.25,2.8519279032626055e-05,8009.0,0.0,0.0,0.0,0.0,0.0
2024-07-08 20:15:00+00:00,108.7,400.0,751.04,10.0,751.04,552.99,0.25,2.8519279032626055e-05,10870.0,8.700000000000003,1.0,2.1750000000000007,1087.5000000000005,1087.5000000000005
2024-07-08 20:30:00+00:00,88.7,400.0,751.04,10.0,751.04,557.99,0.25,2.8519279032626055e-05,8870.0,1.6397437948899683e-137,3.1536916169467755e-135,4.099359487224921e-138,2.0496797436124604e-135,2.0496797436124604e-135
2024-07-08 20:45:00+00:00,88.7,400.0,751.04,10.0,751.04,867.46,0.25,2.8519279032626055e-05,8870.0,1.9874764326851199e-137,2.844456917740111e-135,4.9686910817127997e-138,2.4843455408563998e-135,2.4843455408563998e-135
2024-07-08 21:00:00+00:00,88.7,400.0,751.04,10.0,751.04,863.46,0.25,2.8519279032626055e-05,8870.0,1.9835480795825658e-137,2.8482540238757043e-135,4.9588701989564146e-138,2.4794350994782073e-135,2.4794350994782073e-135
2024-07-08 21:15:00+00:00,56.2,400.0,557.99,10.0,510.27,557.99,0.25,2.8519279032626055e-05,5620.0,0.0,0.0,0.0,0.0,0.0
2024-07-08 21:30:00+00:00,56.2,400.0,555.49,10.0,510.27,555.49,0.25,2.8519279032626055e-05,5620.0,0.0,0.0,0.0,0.0,0.0
2024-07-08 21:45:00+00:00,56.2,400.0,510.27,10.0,510.27,528.0,0.25,2.8519279032626055e-05,5620.0,0.0,0.0,0.0,0.0,0.0
2024-07-08 22:00:00+00:00,56.2,400.0,510.27,10.0,510.27,524.0,0.25,2.8519279032626055e-05,5620.0,0.0,0.0,0.0,0.0,0.0
2024-07-08 22:15:00+00:00,74.52,400.0,524.95,10.0,524.95,492.25,0.25,2.8519279032626055e-05,7452.0,0.0,0.0,0.0,0.0,0.0
2024-07-08 22:30:00+00:00,74.52,400.0,524.95,10.0,524.95,516.2,0.25,2.8519279032626055e-05,7452.0,0.0,0.0,0.0,0.0,0.0
2024-07-08 22:45:00+00:00,74.52,400.0,524.95,10.0,524.95,470.88,0.25,2.8519279032626055e-05,7452.0,0.0,0.0,0.0,0.0,0.0
2024-07-08 23:00:00+00:00,74.52,400.0,444.0,10.0,524.95,444.0,0.25,2.8519279032626055e-05,7452.0,0.0,0.0,0.0,0.0,0.0
2024-07-08 23:15:00+00:00,148.2,400.0,434.13,10.0,434.13,426.06,0.25,2.8519279032626055e-05,14819.999999999998,48.19999999999999,1.0,12.049999999999997,6024.999999999998,6024.999999999998
2024-07-08 23:30:00+00:00,148.2,400.0,363.9,10.0,434.13,363.9,0.25,2.8519279032626055e-05,14819.999999999998,48.19999999999999,1.0,12.049999999999997,6024.999999999998,6024.999999999998
2024-07-08 23:45:00+00:00,148.2,400.0,362.9,10.0,434.13,362.9,0.25,2.8519279032626055e-05,14819.999999999998,48.19999999999999,1.0,12.049999999999997,6024.999999999998,6024.999999999998
2024-07-09 00:00:00+00:00,148.2,400.0,362.9,10.0,434.13,362.9,0.25,2.8519279032626055e-05,14819.999999999998,48.19999999999999,1.0,12.049999999999997,6024.999999999998,6024.999999999998
2024-07-09 00:15:00+00:00,157.38,400.0,425.3,10.0,407.35,425.3,0.25,2.8519279032626055e-05,15738.0,57.379999999999995,1.0,14.344999999999999,7172.499999999999,7172.499999999999
2024-07-09 00:30:00+00:00,157.38,400.0,333.65,10.0,407.35,333.65,0.25,2.8519279032626055e-05,15738.0,57.379999999999995,1.0,14.344999999999999,7172.499999999999,7172.499999999999
2024-07-09 00:45:00+00:00,157.38,400.0,333.0,10.0,407.35,333.0,0.25,2.8519279032626055e-05,15738.0,57.379999999999995,1.0,14.344999999999999,7172.499999999999,7172.499999999999
2024-07-09 01:00:00+00:00,157.38,400.0,336.78,10.0,407.35,336.78,0.25,2.8519279032626055e-05,15738.0,57.379999999999995,1.0,14.344999999999999,7172.499999999999,7172.499999999999
2024-07-09 01:15:00+00:00,159.38,400.0,336.78,10.0,396.49,336.78,0.25,2.8519279032626055e-05,15938.0,59.379999999999995,1.0,14.844999999999999,7422.499999999999,7422.499999999999
2024-07-09 01:30:00+00:00,113.59,400.0,326.78,0.0,396.49,326.78,0.25,2.8519279032626055e-05,11359.0,13.590000000000003,1.0,3.397500000000001,1698.7500000000005,1698.7500000000005
2024-07-09 01:45:00+00:00,113.59,400.0,326.78,0.0,396.49,326.78,0.25,2.8519279032626055e-05,11359.0,13.590000000000003,1.0,3.397500000000001,1698.7500000000005,1698.7500000000005
2024-07-09 02:00:00+00:00,113.59,400.0,411.8,0.0,396.49,411.8,0.25,2.8519279032626055e-05,11359.0,13.590000000000003,1.0,3.397500000000001,1698.7500000000005,1698.7500000000005
2024-07-09 02:15:00+00:00,108.79,400.0,377.41,0.0,377.41,460.32,0.25,2.8519279032626055e-05,10879.0,8.790000000000006,1.0,2.1975000000000016,1098.7500000000007,1098.7500000000007
2024-07-09 02:30:00+00:00,108.79,400.0,325.8,0.0,377.41,325.8,0.25,2.8519279032626055e-05,10879.0,8.790000000000006,1.0,2.1975000000000016,1098.7500000000007,1098.7500000000007
2024-07-09 02:45:00+00:00,108.79,400.0,325.8,0.0,377.41,325.8,0.25,2.8519279032626055e-05,10879.0,8.790000000000006,1.0,2.1975000000000016,1098.7500000000007,1098.7500000000007
2024-07-09 03:00:00+00:00,108.79,400.0,323.8,0.0,377.41,323.8,0.25,2.8519279032626055e-05,10879.0,8.790000000000006,1.0,2.1975000000000016,1098.7500000000007,1098.7500000000007
2024-07-09 03:15:00+00:00,97.19,400.0,408.68,0.0,408.68,476.14,0.25,2.8519279032626055e-05,9719.0,1.518167850911297e-10,2.442949866958054e-09,3.795419627278243e-11,1.8977098136391214e-08,1.8977098136391214e-08
2024-07-09 03:30:00+00:00,97.19,400.0,337.4,0.0,408.68,337.4,0.25,2.8519279032626055e-05,9719.0,1.5162333430031564e-10,2.456419390217231e-09,3.790583357507891e-11,1.8952916787539455e-08,1.8952916787539455e-08
2024-07-09 03:45:00+00:00,97.19,400.0,401.89,0.0,408.68,401.89,0.25,2.8519279032626055e-05,9719.0,1.5162450967282646e-10,2.4563387523184125e-09,3.7906127418206616e-11,1.8953063709103308e-08,1.8953063709103308e-08
2024-07-09 04:00:00+00:00,97.19,400.0,408.68,0.0,408.68,471.22,0.25,2.8519279032626055e-05,9719.0,1.51802998779995e-10,2.443923324995214e-09,3.795074969499875e-11,1.8975374847499374e-08,1.8975374847499374e-08
2024-07-09 04:15:00+00:00,63.06,400.0,443.25,0.0,473.4,443.25,0.25,2.8519279032626055e-05,6306.0,0.0,0.0,0.0,0.0,0.0
2024-07-09 04:30:00+00:00,63.06,400.0,443.25,0.0,473.4,443.25,0.25,2.8519279032626055e-05,6306.0,0.0,0.0,0.0,0.0,0.0
2024-07-09 04:45:00+00:00,63.06,400.0,473.4,0.0,473.4,473.16,0.25,2.8519279032626055e-05,6306.0,0.0,0.0,0.0,0.0,0.0
2024-07-09 05:00:00+00:00,1000.0,400.0,485.38,0.0,473.4,485.38,0.25,2.8519279032626055e-05,100000.0,900.0,1.0,225.0,112500.0,100000.0
2024-07-09 05:15:00+00:00,1000.0,400.0,523.19,10.0,450.0,523.19,0.25,2.8519279032626055e-05,100000.0,900.0,1.0,225.0,112500.0,100000.0
2024-07-09 05:30:00+00:00,98.77,400.0,450.0,10.0,450.0,545.15,0.25,2.8519279032626055e-05,9877.0,0.0008101298931073586,0.005813893066851784,0.00020253247327683965,0.10126623663841983,0.10126623663841983
2024-07-09 05:45:00+00:00,60.91,400.0,450.0,10.0,450.0,539.91,0.25,2.8519279032626055e-05,6091.0,0.0,0.0,0.0,0.0,0.0
2024-07-09 06:00:00+00:00,98.77,400.0,450.0,10.0,450.0,538.73,0.25,2.8519279032626055e-05,9877.0,0.0008101099880701845,0.005815322685280177,0.00020252749701754613,0.10126374850877307,0.10126374850877307
2024-07-09 06:15:00+00:00,37.34,400.0,618.58,10.0,578.04,618.58,0.25,2.8519279032626055e-05,3734.0000000000005,0.0,0.0,0.0,0.0,0.0
2024-07-09 06:30:00+00:00,37.34,400.0,686.95,10.0,578.04,686.95,0.25,2.8519279032626055e-05,3734.0000000000005,0.0,0.0,0.0,0.0,0.0
2024-07-09 06:45:00+00:00,37.34,400.0,617.95,10.0,578.04,617.95,0.25,2.8519279032626055e-05,3734.0000000000005,0.0,0.0,0.0,0.0,0.0
2024-07-09 07:00:00+00:00,37.34,400.0,578.04,10.0,578.04,539.8,0.25,2.8519279032626055e-05,3734.0000000000005,0.0,0.0,0.0,0.0,0.0
2024-07-09 07:15:00+00:00,223.39,400.0,568.0,10.0,357.13,568.0,0.25,2.8519279032626055e-05,22339.0,123.38999999999999,1.0,30.847499999999997,15423.749999999998,15423.749999999998
2024-07-09 07:30:00+00:00,223.39,400.0,511.51,10.0,357.13,511.51,0.25,2.8519279032626055e-05,22339.0,123.38999999999999,1.0,30.847499999999997,15423.749999999998,15423.749999999998
2024-07-09 07:45:00+00:00,223.39,400.0,357.13,10.0,357.13,504.42,0.25,2.8519279032626055e-05,22339.0,123.38999999999999,1.0,30.847499999999997,15423.749999999998,15423.749999999998
2024-07-09 08:00:00+00:00,223.39,400.0,357.13,10.0,357.13,407.02,0.25,2.8519279032626055e-05,22339.0,123.38999999999999,1.0,30.847499999999997,15423.749999999998,15423.749999999998
2024-07-09 08:15:00+00:00,302.35,400.0,250.01,0.0,250.01,387.31,0.25,2.8519279032626055e-05,30235.000000000004,202.35000000000002,1.0,50.587500000000006,25293.750000000004,25293.750000000004
2024-07-09 08:30:00+00:00,302.35,400.0,250.01,0.0,250.01,384.02,0.25,2.8519279032626055e-05,30235.000000000004,202.35000000000002,1.0,50.587500000000006,25293.750000000004,25293.750000000004
2024-07-09 08:45:00+00:00,302.35,400.0,250.01,0.0,250.01,359.0,0.25,2.8519279032626055e-05,30235.000000000004,202.35000000000002,1.0,50.587500000000006,25293.750000000004,25293.750000000004
2024-07-09 09:00:00+00:00,302.35,400.0,250.01,0.0,250.01,387.31,0.25,2.8519279032626055e-05,30235.000000000004,202.35000000000002,1.0,50.587500000000006,25293.750000000004,25293.750000000004
2024-07-09 09:15:00+00:00,302.35,400.0,301.0,0.0,301.0,356.0,0.25,2.8519279032626055e-05,30235.000000000004,202.35000000000002,1.0,50.587500000000006,25293.750000000004,25293.750000000004
2024-07-09 09:30:00+00:00,302.35,400.0,301.0,10.0,301.0,369.0,0.25,2.8519279032626055e-05,30235.000000000004,202.35000000000002,1.0,50.587500000000006,25293.750000000004,25293.750000000004
2024-07-09 09:45:00+00:00,302.35,400.0,301.0,10.0,301.0,365.0,0.25,2.8519279032626055e-05,30235.000000000004,202.35000000000002,1.0,50.587500000000006,25293.750000000004,25293.750000000004
2024-07-09 10:00:00+00:00,302.35,400.0,301.0,10.0,301.0,366.0,0.25,2.8519279032626055e-05,30235.000000000004,202.35000000000002,1.0,50.587500000000006,25293.750000000004,25293.750000000004
2024-07-09 10:15:00+00:00,302.35,400.0,250.9,10.0,250.9,364.0,0.25,2.8519279032626055e-05,30235.000000000004,202.35000000000002,1.0,50.587500000000006,25293.750000000004,25293.750000000004
2024-07-09 10:30:00+00:00,302.35,400.0,250.9,10.0,250.9,365.0,0.25,2.8519279032626055e-05,30235.000000000004,202.35000000000002,1.0,50.587500000000006,25293.750000000004,25293.750000000004
2024-07-09 10:45:00+00:00,302.35,400.0,250.9,10.0,250.9,367.0,0.25,2.8519279032626055e-05,30235.000000000004,202.35000000000002,1.0,50.587500000000006,25293.750000000004,25293.750000000004
2024-07-09 11:00:00+00:00,302.35,400.0,250.9,0.0,250.9,358.0,0.25,2.8519279032626055e-05,30235.000000000004,202.35000000000002,1.0,50.587500000000006,25293.750000000004,25293.750000000004
2024-07-09 11:15:00+00:00,271.39,400.0,304.47,10.0,304.47,367.0,0.25,2.8519279032626055e-05,27139.0,171.39,1.0,42.8475,21423.75,21423.75
2024-07-09 11:30:00+00:00,271.39,400.0,304.47,10.0,304.47,400.55,0.25,2.8519279032626055e-05,27139.0,171.39,1.0,42.8475,21423.75,21423.75
2024-07-09 11:45:00+00:00,271.39,400.0,304.47,10.0,304.47,397.31,0.25,2.8519279032626055e-05,27139.0,171.39,1.0,42.8475,21423.75,21423.75
2024-07-09 12:00:00+00:00,271.39,400.0,304.47,0.0,304.47,355.0,0.25,2.8519279032626055e-05,27139.0,171.39,1.0,42.8475,21423.75,21423.75
2024-07-09 12:15:00+00:00,298.11,400.0,310.71,0.0,310.71,351.0,0.25,2.8519279032626055e-05,29811.0,198.11,1.0,49.5275,24763.75,24763.75
2024-07-09 12:30:00+00:00,275.39,400.0,310.71,0.0,310.71,356.0,0.25,2.8519279032626055e-05,27539.0,175.39,1.0,43.8475,21923.75,21923.75
2024-07-09 12:45:00+00:00,275.39,400.0,310.71,10.0,310.71,367.0,0.25,2.8519279032626055e-05,27539.0,175.39,1.0,43.8475,21923.75,21923.75
2024-07-09 13:00:00+00:00,275.39,400.0,310.71,0.0,310.71,351.0,0.25,2.8519279032626055e-05,27539.0,175.39,1.0,43.8475,21923.75,21923.75
2024-07-09 13:15:00+00:00,254.6,400.0,285.8,0.0,367.57,285.8,0.25,2.8519279032626055e-05,25460.0,154.6,1.0,38.65,19325.0,19325.0
2024-07-09 13:30:00+00:00,254.6,400.0,101.16,0.0,367.57,101.16,0.25,2.8519279032626055e-05,25460.0,154.6,1.0,38.65,19325.0,19325.0
2024-07-09 13:45:00+00:00,231.88,400.0,122.44,10.0,367.57,122.44,0.25,2.8519279032626055e-05,23188.0,131.88,1.0,32.97,16485.0,16485.0
2024-07-09 14:00:00+00:00,254.6,400.0,362.0,10.0,367.57,362.0,0.25,2.8519279032626055e-05,25460.0,154.6,1.0,38.65,19325.0,19325.0
2024-07-09 14:15:00+00:00,169.38,400.0,110.05,10.0,365.13,110.05,0.25,2.8519279032626055e-05,16938.0,69.38,1.0,17.345,8672.5,8672.5
2024-07-09 14:30:00+00:00,169.38,400.0,86.36,10.0,365.13,86.36,0.25,2.8519279032626055e-05,16938.0,69.38,1.0,17.345,8672.5,8672.5
2024-07-09 14:45:00+00:00,59.9,400.0,109.44,10.0,365.13,109.44,0.25,2.8519279032626055e-05,5990.0,0.0,0.0,0.0,0.0,0.0
2024-07-09 15:00:00+00:00,169.38,400.0,309.17,10.0,365.13,309.17,0.25,2.8519279032626055e-05,16938.0,69.38,1.0,17.345,8672.5,8672.5
2024-07-09 15:15:00+00:00,111.97,400.0,122.11,0.0,450.43,122.11,0.25,2.8519279032626055e-05,11197.0,11.969999999999999,1.0,2.9924999999999997,1496.2499999999998,1496.2499999999998
2024-07-09 15:30:00+00:00,111.97,400.0,121.06,0.0,450.43,121.06,0.25,2.8519279032626055e-05,11197.0,11.969999999999999,1.0,2.9924999999999997,1496.2499999999998,1496.2499999999998
2024-07-09 15:45:00+00:00,93.8,400.0,324.67,0.0,450.43,324.67,0.25,2.8519279032626055e-05,9380.0,1.1726563740022434e-41,5.773103010350348e-40,2.9316409350056084e-42,1.4658204675028042e-39,1.4658204675028042e-39
2024-07-09 16:00:00+00:00,1000.0,400.0,403.0,0.0,450.43,403.0,0.25,2.8519279032626055e-05,100000.0,900.0,1.0,225.0,112500.0,100000.0
2024-07-09 16:15:00+00:00,39.9,400.0,446.52,0.0,614.36,446.52,0.25,2.8519279032626055e-05,3990.0,0.0,0.0,0.0,0.0,0.0
2024-07-09 16:30:00+00:00,37.34,400.0,503.18,0.0,614.36,503.18,0.25,2.8519279032626055e-05,3734.0000000000005,0.0,0.0,0.0,0.0,0.0
2024-07-09 16:45:00+00:00,37.34,400.0,614.36,0.0,614.36,531.67,0.25,2.8519279032626055e-05,3734.0000000000005,0.0,0.0,0.0,0.0,0.0
2024-07-09 17:00:00+00:00,37.34,400.0,726.58,10.0,614.36,726.58,0.25,2.8519279032626055e-05,3734.0000000000005,0.0,0.0,0.0,0.0,0.0
2024-07-09 17:15:00+00:00,37.34,400.0,969.69,10.0,969.69,620.45,0.25,2.8519279032626055e-05,3734.0000000000005,0.0,0.0,0.0,0.0,0.0
2024-07-09 17:30:00+00:00,37.34,400.0,969.69,10.0,969.69,869.89,0.25,2.8519279032626055e-05,3734.0000000000005,0.0,0.0,0.0,0.0,0.0
2024-07-09 17:45:00+00:00,37.34,400.0,1012.36,10.0,969.69,1012.36,0.25,2.8519279032626055e-05,3734.0000000000005,0.0,0.0,0.0,0.0,0.0
2024-07-09 18:00:00+00:00,10.0,400.0,1027.0,10.0,969.69,1027.0,0.25,2.8519279032626055e-05,1000.0,0.0,0.0,0.0,0.0,0.0
2024-07-09 18:15:00+00:00,37.34,400.0,1070.15,14.15,1017.22,1070.15,0.25,2.8519279032626055e-05,3734.0000000000005,0.0,0.0,0.0,0.0,0.0
2024-07-09 18:30:00+00:00,37.34,400.0,1064.39,15.39,1017.22,1064.39,0.25,2.8519279032626055e-05,3734.0000000000005,0.0,0.0,0.0,0.0,0.0
2024-07-09 18:45:00+00:00,37.34,400.0,1017.22,10.05,1017.22,987.14,0.25,2.8519279032626055e-05,3734.0000000000005,0.0,0.0,0.0,0.0,0.0
2024-07-09 19:00:00+00:00,37.34,400.0,1017.22,10.0,1017.22,719.27,0.25,2.8519279032626055e-05,3734.0000000000005,0.0,0.0,0.0,0.0,0.0
2024-07-09 19:15:00+00:00,10.0,400.0,699.75,10.0,699.75,620.45,0.25,2.8519279032626055e-05,1000.0,0.0,0.0,0.0,0.0,0.0
2024-07-09 19:30:00+00:00,10.0,400.0,699.75,10.0,699.75,731.0,0.25,2.8519279032626055e-05,1000.0,0.0,0.0,0.0,0.0,0.0
2024-07-09 19:45:00+00:00,37.34,400.0,452.26,10.0,699.75,452.26,0.25,2.8519279032626055e-05,3734.0000000000005,0.0,0.0,0.0,0.0,0.0
2024-07-09 20:00:00+00:00,37.34,400.0,331.49,10.0,699.75,331.49,0.25,2.8519279032626055e-05,3734.0000000000005,0.0,0.0,0.0,0.0,0.0
2024-07-09 20:15:00+00:00,89.04,400.0,513.0,10.0,567.69,513.0,0.25,2.8519279032626055e-05,8904.0,4.0987491879033124e-129,7.2299902237578004e-127,1.0246872969758281e-129,5.1234364848791405e-127,5.1234364848791405e-127
2024-07-09 20:30:00+00:00,69.04,400.0,516.0,10.0,567.69,516.0,0.25,2.8519279032626055e-05,6904.000000000001,0.0,0.0,0.0,0.0,0.0
2024-07-09 20:45:00+00:00,69.04,400.0,460.78,10.0,567.69,460.78,0.25,2.8519279032626055e-05,6904.000000000001,0.0,0.0,0.0,0.0,0.0
2024-07-09 21:00:00+00:00,69.04,400.0,312.72,0.0,567.69,312.72,0.25,2.8519279032626055e-05,6904.000000000001,0.0,0.0,0.0,0.0,0.0
2024-07-09 21:15:00+00:00,78.17,400.0,400.0,10.0,531.28,400.0,0.25,2.8519279032626055e-05,7817.0,0.0,0.0,0.0,0.0,0.0
2024-07-09 21:30:00+00:00,77.64,400.0,402.0,10.0,531.28,402.0,0.25,2.8519279032626055e-05,7764.0,0.0,0.0,0.0,0.0,0.0
2024-07-09 21:45:00+00:00,77.64,400.0,396.0,10.0,531.28,396.0,0.25,2.8519279032626055e-05,7764.0,0.0,0.0,0.0,0.0,0.0
2024-07-09 22:00:00+00:00,78.17,400.0,262.28,0.0,531.28,262.28,0.25,2.8519279032626055e-05,7817.0,0.0,0.0,0.0,0.0,0.0
2024-07-09 22:15:00+00:00,1000.0,400.0,335.61,10.0,458.39,335.61,0.25,2.8519279032626055e-05,100000.0,900.0,1.0,225.0,112500.0,100000.0
2024-07-09 22:30:00+00:00,1000.0,400.0,404.0,10.0,458.39,404.0,0.25,2.8519279032626055e-05,100000.0,900.0,1.0,225.0,112500.0,100000.0
2024-07-09 22:45:00+00:00,134.83,400.0,332.42,10.0,458.39,332.42,0.25,2.8519279032626055e-05,13483.000000000002,34.83000000000001,1.0,8.707500000000003,4353.750000000002,4353.750000000002
2024-07-09 23:00:00+00:00,143.87,400.0,389.09,10.0,458.39,389.09,0.25,2.8519279032626055e-05,14387.0,43.870000000000005,1.0,10.967500000000001,5483.750000000001,5483.750000000001
2024-07-09 23:15:00+00:00,195.29,400.0,340.34,0.0,340.34,358.0,0.25,2.8519279032626055e-05,19529.0,95.28999999999999,1.0,23.822499999999998,11911.249999999998,11911.249999999998
2024-07-09 23:30:00+00:00,195.29,400.0,340.34,10.0,340.34,369.0,0.25,2.8519279032626055e-05,19529.0,95.28999999999999,1.0,23.822499999999998,11911.249999999998,11911.249999999998
2024-07-09 23:45:00+00:00,195.29,400.0,340.34,0.0,340.34,358.0,0.25,2.8519279032626055e-05,19529.0,95.28999999999999,1.0,23.822499999999998,11911.249999999998,11911.249999999998
2024-07-10 00:00:00+00:00,195.29,400.0,340.34,0.0,340.34,474.56,0.25,2.8519279032626055e-05,19529.0,95.28999999999999,1.0,23.822499999999998,11911.249999999998,11911.249999999998
2024-07-10 00:15:00+00:00,211.34,400.0,413.64,0.0,311.6,413.64,0.25,2.8519279032626055e-05,21134.0,111.34,1.0,27.835,13917.5,13917.5
2024-07-10 00:30:00+00:00,201.8,400.0,412.69,0.0,311.6,412.69,0.25,2.8519279032626055e-05,20180.0,101.80000000000001,1.0,25.450000000000003,12725.000000000002,12725.000000000002
2024-07-10 00:45:00+00:00,201.8,400.0,399.44,0.0,311.6,399.44,0.25,2.8519279032626055e-05,20180.0,101.80000000000001,1.0,25.450000000000003,12725.000000000002,12725.000000000002
2024-07-10 01:00:00+00:00,201.8,400.0,399.44,0.0,311.6,399.44,0.25,2.8519279032626055e-05,20180.0,101.80000000000001,1.0,25.450000000000003,12725.000000000002,12725.000000000002
2024-07-10 01:15:00+00:00,213.83,400.0,408.62,0.0,311.22,408.62,0.25,2.8519279032626055e-05,21383.0,113.83000000000001,1.0,28.457500000000003,14228.750000000002,14228.750000000002
2024-07-10 01:30:00+00:00,182.09,400.0,408.62,0.0,311.22,408.62,0.25,2.8519279032626055e-05,18209.0,82.09,1.0,20.5225,10261.25,10261.25
2024-07-10 01:45:00+00:00,182.09,400.0,413.64,0.0,311.22,413.64,0.25,2.8519279032626055e-05,18209.0,82.09,1.0,20.5225,10261.25,10261.25
2024-07-10 02:00:00+00:00,182.09,400.0,408.62,0.0,311.22,408.62,0.25,2.8519279032626055e-05,18209.0,82.09,1.0,20.5225,10261.25,10261.25
2024-07-10 02:15:00+00:00,215.38,400.0,382.15,0.0,330.83,382.15,0.25,2.8519279032626055e-05,21538.0,115.38,1.0,28.845,14422.5,14422.5
2024-07-10 02:30:00+00:00,215.38,400.0,330.83,0.0,330.83,436.07,0.25,2.8519279032626055e-05,21538.0,115.38,1.0,28.845,14422.5,14422.5
2024-07-10 02:45:00+00:00,215.38,400.0,330.83,0.0,330.83,357.0,0.25,2.8519279032626055e-05,21538.0,115.38,1.0,28.845,14422.5,14422.5
2024-07-10 03:00:00+00:00,215.38,400.0,330.83,0.0,330.83,355.0,0.25,2.8519279032626055e-05,21538.0,115.38,1.0,28.845,14422.5,14422.5
2024-07-10 03:15:00+00:00,216.5,400.0,330.11,0.0,330.11,354.0,0.25,2.8519279032626055e-05,21650.0,116.5,1.0,29.125,14562.5,14562.5
2024-07-10 03:30:00+00:00,216.5,400.0,330.11,0.0,330.11,352.0,0.25,2.8519279032626055e-05,21650.0,116.5,1.0,29.125,14562.5,14562.5
2024-07-10 03:45:00+00:00,216.5,400.0,106.11,0.0,330.11,106.11,0.25,2.8519279032626055e-05,21650.0,116.5,1.0,29.125,14562.5,14562.5
2024-07-10 04:00:00+00:00,1000.0,400.0,330.11,0.0,330.11,354.0,0.25,2.8519279032626055e-05,100000.0,900.0,1.0,225.0,112500.0,100000.0
2024-07-10 04:15:00+00:00,1000.0,400.0,453.0,0.0,474.16,453.0,0.25,2.8519279032626055e-05,100000.0,900.0,1.0,225.0,112500.0,100000.0
2024-07-10 04:30:00+00:00,1000.0,400.0,459.0,0.0,474.16,459.0,0.25,2.8519279032626055e-05,100000.0,900.0,1.0,225.0,112500.0,100000.0
2024-07-10 04:45:00+00:00,1000.0,400.0,501.33,0.0,474.16,501.33,0.25,2.8519279032626055e-05,100000.0,900.0,1.0,225.0,112500.0,100000.0
2024-07-10 05:00:00+00:00,1000.0,400.0,534.34,0.0,474.16,534.34,0.25,2.8519279032626055e-05,100000.0,900.0,1.0,225.0,112500.0,100000.0
2024-07-10 05:15:00+00:00,1000.0,400.0,547.55,10.0,453.74,547.55,0.25,2.8519279032626055e-05,100000.0,900.0,1.0,225.0,112500.0,100000.0
2024-07-10 05:30:00+00:00,1000.0,400.0,646.65,44.05,453.74,646.65,0.25,2.8519279032626055e-05,100000.0,900.0,1.0,225.0,112500.0,100000.0
2024-07-10 05:45:00+00:00,1000.0,400.0,709.87,52.91,453.74,709.87,0.25,2.8519279032626055e-05,100000.0,900.0,1.0,225.0,112500.0,100000.0
2024-07-10 06:00:00+00:00,1000.0,400.0,829.88,116.4,453.74,829.88,0.25,2.8519279032626055e-05,100000.0,900.0,1.0,225.0,112500.0,100000.0
2024-07-10 06:15:00+00:00,217.29,400.0,916.92,200.44,434.9,916.92,0.25,2.8519279032626055e-05,21729.0,117.28999999999999,1.0,29.322499999999998,14661.249999999998,14661.249999999998
2024-07-10 06:30:00+00:00,216.96,400.0,938.02,216.49,434.9,938.02,0.25,2.8519279032626055e-05,21696.0,116.96000000000001,1.0,29.240000000000002,14620.000000000002,14620.000000000002
2024-07-10 06:45:00+00:00,216.96,400.0,949.8,228.77,434.9,949.8,0.25,2.8519279032626055e-05,21696.0,116.96000000000001,1.0,29.240000000000002,14620.000000000002,14620.000000000002
2024-07-10 07:00:00+00:00,217.29,400.0,770.17,47.64,434.9,770.17,0.25,2.8519279032626055e-05,21729.0,117.28999999999999,1.0,29.322499999999998,14661.249999999998,14661.249999999998
2024-07-10 07:15:00+00:00,324.78,400.0,816.77,53.49,362.08,816.77,0.25,2.8519279032626055e-05,32477.999999999996,224.77999999999997,1.0,56.19499999999999,28097.499999999996,28097.499999999996
2024-07-10 07:30:00+00:00,1000.0,400.0,788.94,45.66,362.08,788.94,0.25,2.8519279032626055e-05,100000.0,900.0,1.0,225.0,112500.0,100000.0
2024-07-10 07:45:00+00:00,1000.0,400.0,610.07,10.0,362.08,610.07,0.25,2.8519279032626055e-05,100000.0,900.0,1.0,225.0,112500.0,100000.0
2024-07-10 08:00:00+00:00,1000.0,400.0,544.34,10.0,362.08,544.34,0.25,2.8519279032626055e-05,100000.0,900.0,1.0,225.0,112500.0,100000.0
2024-07-10 08:15:00+00:00,1000.0,400.0,544.96,10.0,277.11,544.96,0.25,2.8519279032626055e-05,100000.0,900.0,1.0,225.0,112500.0,100000.0
2024-07-10 08:30:00+00:00,1000.0,400.0,535.08,10.0,277.11,535.08,0.25,2.8519279032626055e-05,100000.0,900.0,1.0,225.0,112500.0,100000.0
2024-07-10 08:45:00+00:00,1000.0,400.0,277.11,10.0,277.11,369.0,0.25,2.8519279032626055e-05,100000.0,900.0,1.0,225.0,112500.0,100000.0
2024-07-10 09:00:00+00:00,1000.0,400.0,277.11,10.0,277.11,366.0,0.25,2.8519279032626055e-05,100000.0,900.0,1.0,225.0,112500.0,100000.0
2024-07-10 09:15:00+00:00,1000.0,400.0,234.4,10.0,234.4,367.0,0.25,2.8519279032626055e-05,100000.0,900.0,1.0,225.0,112500.0,100000.0
2024-07-10 09:30:00+00:00,1000.0,400.0,234.4,10.0,234.4,365.0,0.25,2.8519279032626055e-05,100000.0,900.0,1.0,225.0,112500.0,100000.0
2024-07-10 09:45:00+00:00,1000.0,400.0,234.4,10.0,234.4,364.0,0.25,2.8519279032626055e-05,100000.0,900.0,1.0,225.0,112500.0,100000.0
2024-07-10 10:00:00+00:00,1000.0,400.0,234.4,10.0,234.4,362.0,0.25,2.8519279032626055e-05,100000.0,900.0,1.0,225.0,112500.0,100000.0
2024-07-10 10:15:00+00:00,1000.0,400.0,63.33,10.0,140.94,63.33,0.25,2.8519279032626055e-05,100000.0,900.0,1.0,225.0,112500.0,100000.0
2024-07-10 10:30:00+00:00,1000.0,400.0,58.16,10.0,140.94,58.16,0.25,2.8519279032626055e-05,100000.0,900.0,1.0,225.0,112500.0,100000.0
2024-07-10 10:45:00+00:00,1000.0,400.0,58.16,10.0,140.94,58.16,0.25,2.8519279032626055e-05,100000.0,900.0,1.0,225.0,112500.0,100000.0
2024-07-10 11:00:00+00:00,1000.0,400.0,74.16,10.0,140.94,74.16,0.25,2.8519279032626055e-05,100000.0,900.0,1.0,225.0,112500.0,100000.0
2024-07-10 11:15:00+00:00,1000.0,400.0,0.04,10.0,144.31,0.04,0.25,2.8519279032626055e-05,100000.0,900.0,1.0,225.0,112500.0,100000.0
2024-07-10 11:30:00+00:00,1000.0,400.0,23.36,10.0,144.31,23.36,0.25,2.8519279032626055e-05,100000.0,900.0,1.0,225.0,112500.0,100000.0
2024-07-10 11:45:00+00:00,1000.0,400.0,84.44,10.0,144.31,84.44,0.25,2.8519279032626055e-05,100000.0,900.0,1.0,225.0,112500.0,100000.0
2024-07-10 12:00:00+00:00,1000.0,400.0,89.33,10.0,144.31,89.33,0.25,2.8519279032626055e-05,100000.0,900.0,1.0,225.0,112500.0,100000.0
2024-07-10 12:15:00+00:00,1000.0,400.0,89.33,10.0,192.7,89.33,0.25,2.8519279032626055e-05,100000.0,900.0,1.0,225.0,112500.0,100000.0
2024-07-10 12:30:00+00:00,1000.0,400.0,81.32,10.0,192.7,81.32,0.25,2.8519279032626055e-05,100000.0,900.0,1.0,225.0,112500.0,100000.0
2024-07-10 12:45:00+00:00,1000.0,400.0,192.7,10.0,192.7,363.0,0.25,2.8519279032626055e-05,100000.0,900.0,1.0,225.0,112500.0,100000.0
2024-07-10 13:00:00+00:00,1000.0,400.0,192.7,10.0,192.7,450.34,0.25,2.8519279032626055e-05,100000.0,900.0,1.0,225.0,112500.0,100000.0
2024-07-10 13:15:00+00:00,1000.0,400.0,296.0,10.0,296.0,392.31,0.25,2.8519279032626055e-05,100000.0,900.0,1.0,225.0,112500.0,100000.0
2024-07-10 13:30:00+00:00,1000.0,400.0,379.61,10.0,296.0,379.61,0.25,2.8519279032626055e-05,100000.0,900.0,1.0,225.0,112500.0,100000.0
2024-07-10 13:45:00+00:00,1000.0,400.0,545.58,10.0,296.0,545.58,0.25,2.8519279032626055e-05,100000.0,900.0,1.0,225.0,112500.0,100000.0
2024-07-10 14:00:00+00:00,1000.0,400.0,564.0,10.0,296.0,564.0,0.25,2.8519279032626055e-05,100000.0,900.0,1.0,225.0,112500.0,100000.0
2024-07-10 14:15:00+00:00,1000.0,400.0,544.34,10.0,321.75,544.34,0.25,2.8519279032626055e-05,100000.0,900.0,1.0,225.0,112500.0,100000.0
2024-07-10 14:30:00+00:00,1000.0,400.0,321.75,10.0,321.75,508.75,0.25,2.8519279032626055e-05,100000.0,900.0,1.0,225.0,112500.0,100000.0
2024-07-10 14:45:00+00:00,1000.0,400.0,563.0,10.0,321.75,563.0,0.25,2.8519279032626055e-05,100000.0,900.0,1.0,225.0,112500.0,100000.0
2024-07-10 15:00:00+00:00,1000.0,400.0,569.0,10.0,321.75,569.0,0.25,2.8519279032626055e-05,100000.0,900.0,1.0,225.0,112500.0,100000.0
2024-07-10 15:15:00+00:00,1000.0,400.0,534.34,0.0,475.57,534.34,0.25,2.8519279032626055e-05,100000.0,900.0,1.0,225.0,112500.0,100000.0
2024-07-10 15:30:00+00:00,101.75,400.0,533.08,0.0,475.57,533.08,0.25,2.8519279032626055e-05,10175.0,1.7500205016318233,0.9998489190976544,0.43750512540795583,218.7525627039779,218.7525627039779
2024-07-10 15:45:00+00:00,81.85,400.0,587.0,0.0,475.57,587.0,0.25,2.8519279032626055e-05,8184.999999999999,0.0,0.0,0.0,0.0,0.0
2024-07-10 16:00:00+00:00,1000.0,400.0,606.73,10.0,475.57,606.73,0.25,2.8519279032626055e-05,100000.0,900.0,1.0,225.0,112500.0,100000.0
2024-07-10 16:15:00+00:00,1000.0,400.0,670.49,10.0,670.49,634.85,0.25,2.8519279032626055e-05,100000.0,900.0,1.0,225.0,112500.0,100000.0
2024-07-10 16:30:00+00:00,40.91,400.0,670.49,10.0,670.49,634.85,0.25,2.8519279032626055e-05,4090.9999999999995,0.0,0.0,0.0,0.0,0.0
2024-07-10 16:45:00+00:00,40.91,400.0,776.23,54.23,670.49,776.23,0.25,2.8519279032626055e-05,4090.9999999999995,0.0,0.0,0.0,0.0,0.0
2024-07-10 17:00:00+00:00,40.91,400.0,815.44,88.44,670.49,815.44,0.25,2.8519279032626055e-05,4090.9999999999995,0.0,0.0,0.0,0.0,0.0
2024-07-10 17:15:00+00:00,92.27,400.0,1034.96,20.27,1034.96,915.27,0.25,2.8519279032626055e-05,9227.0,7.847712959339136e-64,4.737637181087779e-62,1.961928239834784e-64,9.80964119917392e-62,9.80964119917392e-62
2024-07-10 17:30:00+00:00,38.78,400.0,1034.96,41.27,1034.96,967.9,0.25,2.8519279032626055e-05,3878.0,0.0,0.0,0.0,0.0,0.0
2024-07-10 17:45:00+00:00,38.78,400.0,1034.96,95.35,1034.96,1021.98,0.25,2.8519279032626055e-05,3878.0,0.0,0.0,0.0,0.0,0.0
2024-07-10 18:00:00+00:00,38.78,400.0,1066.92,129.48,1034.96,1066.92,0.25,2.8519279032626055e-05,3878.0,0.0,0.0,0.0,0.0,0.0
2024-07-10 18:15:00+00:00,30.26,400.0,1210.71,179.2,1172.41,1210.71,0.25,2.8519279032626055e-05,3026.0,0.0,0.0,0.0,0.0,0.0
2024-07-10 18:30:00+00:00,30.26,400.0,1186.77,157.26,1172.41,1186.77,0.25,2.8519279032626055e-05,3026.0,0.0,0.0,0.0,0.0,0.0
2024-07-10 18:45:00+00:00,30.26,400.0,1172.41,121.2,1172.41,1147.71,0.25,2.8519279032626055e-05,3026.0,0.0,0.0,0.0,0.0,0.0
2024-07-10 19:00:00+00:00,30.36,400.0,1172.41,121.28,1172.41,1148.79,0.25,2.8519279032626055e-05,3036.0,0.0,0.0,0.0,0.0,0.0
2024-07-10 19:15:00+00:00,30.26,400.0,1044.59,76.44,1044.59,1007.0,0.25,2.8519279032626055e-05,3026.0,0.0,0.0,0.0,0.0,0.0
2024-07-10 19:30:00+00:00,30.26,400.0,1044.59,97.04,1044.59,1027.6,0.25,2.8519279032626055e-05,3026.0,0.0,0.0,0.0,0.0,0.0
2024-07-10 19:45:00+00:00,30.26,400.0,1044.59,33.65,1044.59,942.65,0.25,2.8519279032626055e-05,3026.0,0.0,0.0,0.0,0.0,0.0
2024-07-10 20:00:00+00:00,71.54,400.0,1044.59,10.03,1044.59,937.58,0.25,2.8519279032626055e-05,7154.000000000001,0.0,0.0,0.0,0.0,0.0
2024-07-10 20:15:00+00:00,91.89,400.0,768.0,10.0,693.68,768.0,0.25,2.8519279032626055e-05,9189.0,3.3305772775084885e-70,2.4543991639958678e-68,8.326443193771221e-71,4.163221596885611e-68,4.163221596885611e-68
2024-07-10 20:30:00+00:00,91.89,400.0,761.0,10.0,693.68,761.0,0.25,2.8519279032626055e-05,9189.0,3.330547258415357e-70,2.454424601095431e-68,8.326368146038392e-71,4.163184073019196e-68,4.163184073019196e-68
2024-07-10 20:45:00+00:00,91.89,400.0,711.65,10.0,693.68,711.65,0.25,2.8519279032626055e-05,9189.0,3.330335595338254e-70,2.454603940102513e-68,8.325838988345635e-71,4.162919494172818e-68,4.162919494172818e-68
2024-07-10 21:00:00+00:00,91.89,400.0,693.68,10.0,693.68,630.02,0.25,2.8519279032626055e-05,9189.0,3.2857871477572115e-70,2.4917431166266287e-68,8.214467869393029e-71,4.107233934696514e-68,4.107233934696514e-68
2024-07-10 21:15:00+00:00,95.02,400.0,620.62,10.0,577.81,620.62,0.25,2.8519279032626055e-05,9502.0,1.1182844364645356e-27,3.731338058263532e-26,2.795711091161339e-28,1.3978555455806695e-25,1.3978555455806695e-25
2024-07-10 21:30:00+00:00,54.31,400.0,620.0,10.0,577.81,620.0,0.25,2.8519279032626055e-05,5431.0,0.0,0.0,0.0,0.0,0.0
2024-07-10 21:45:00+00:00,54.31,400.0,610.58,10.0,577.81,610.58,0.25,2.8519279032626055e-05,5431.0,0.0,0.0,0.0,0.0,0.0
2024-07-10 22:00:00+00:00,54.31,400.0,577.81,10.0,577.81,546.21,0.25,2.8519279032626055e-05,5431.0,0.0,0.0,0.0,0.0,0.0
2024-07-10 22:15:00+00:00,69.41,400.0,521.53,10.0,521.53,518.16,0.25,2.8519279032626055e-05,6941.0,0.0,0.0,0.0,0.0,0.0
2024-07-10 22:30:00+00:00,69.41,400.0,521.53,10.0,521.53,488.98,0.25,2.8519279032626055e-05,6941.0,0.0,0.0,0.0,0.0,0.0
2024-07-10 22:45:00+00:00,70.41,400.0,521.53,10.0,521.53,488.98,0.25,2.8519279032626055e-05,7041.0,0.0,0.0,0.0,0.0,0.0
2024-07-10 23:00:00+00:00,70.41,400.0,535.72,10.0,521.53,535.72,0.25,2.8519279032626055e-05,7041.0,0.0,0.0,0.0,0.0,0.0
2024-07-10 23:15:00+00:00,69.91,400.0,538.22,10.0,433.5,538.22,0.25,2.8519279032626055e-05,6991.0,0.0,0.0,0.0,0.0,0.0
2024-07-10 23:30:00+00:00,68.91,400.0,561.0,10.0,433.5,561.0,0.25,2.8519279032626055e-05,6891.0,0.0,0.0,0.0,0.0,0.0
2024-07-10 23:45:00+00:00,68.91,400.0,564.0,10.0,433.5,564.0,0.25,2.8519279032626055e-05,6891.0,0.0,0.0,0.0,0.0,0.0
2024-07-11 00:00:00+00:00,69.91,400.0,561.0,10.0,433.5,561.0,0.25,2.8519279032626055e-05,6991.0,0.0,0.0,0.0,0.0,0.0
2024-07-11 00:15:00+00:00,66.73,400.0,552.0,10.0,400.33,552.0,0.25,2.8519279032626055e-05,6673.0,0.0,0.0,0.0,0.0,0.0
2024-07-11 00:30:00+00:00,66.73,400.0,535.72,10.0,400.33,535.72,0.25,2.8519279032626055e-05,6673.0,0.0,0.0,0.0,0.0,0.0
2024-07-11 00:45:00+00:00,66.73,400.0,445.2,10.0,400.33,445.2,0.25,2.8519279032626055e-05,6673.0,0.0,0.0,0.0,0.0,0.0
2024-07-11 01:00:00+00:00,66.73,400.0,441.65,10.0,400.33,441.65,0.25,2.8519279032626055e-05,6673.0,0.0,0.0,0.0,0.0,0.0
2024-07-11 01:15:00+00:00,63.16,400.0,441.65,10.0,390.54,441.65,0.25,2.8519279032626055e-05,6316.0,0.0,0.0,0.0,0.0,0.0
2024-07-11 01:30:00+00:00,38.58,400.0,438.11,10.0,390.54,438.11,0.25,2.8519279032626055e-05,3858.0,0.0,0.0,0.0,0.0,0.0
2024-07-11 01:45:00+00:00,38.58,400.0,438.11,10.0,390.54,438.11,0.25,2.8519279032626055e-05,3858.0,0.0,0.0,0.0,0.0,0.0
2024-07-11 02:00:00+00:00,38.58,400.0,431.13,10.0,390.54,431.13,0.25,2.8519279032626055e-05,3858.0,0.0,0.0,0.0,0.0,0.0
2024-07-11 02:15:00+00:00,38.58,400.0,355.0,0.0,391.56,355.0,0.25,2.8519279032626055e-05,3858.0,0.0,0.0,0.0,0.0,0.0
2024-07-11 02:30:00+00:00,38.58,400.0,431.08,0.0,391.56,431.08,0.25,2.8519279032626055e-05,3858.0,0.0,0.0,0.0,0.0,0.0
2024-07-11 02:45:00+00:00,38.58,400.0,431.08,0.0,391.56,431.08,0.25,2.8519279032626055e-05,3858.0,0.0,0.0,0.0,0.0,0.0
2024-07-11 03:00:00+00:00,54.56,400.0,441.11,10.0,391.56,441.11,0.25,2.8519279032626055e-05,5456.0,0.0,0.0,0.0,0.0,0.0
2024-07-11 03:15:00+00:00,54.7,400.0,441.44,0.0,393.48,441.44,0.25,2.8519279032626055e-05,5470.0,0.0,0.0,0.0,0.0,0.0
2024-07-11 03:30:00+00:00,54.7,400.0,441.43,0.0,393.48,441.43,0.25,2.8519279032626055e-05,5470.0,0.0,0.0,0.0,0.0,0.0
2024-07-11 03:45:00+00:00,54.7,400.0,441.44,0.0,393.48,441.44,0.25,2.8519279032626055e-05,5470.0,0.0,0.0,0.0,0.0,0.0
2024-07-11 04:00:00+00:00,54.7,400.0,513.35,0.0,393.48,513.35,0.25,2.8519279032626055e-05,5470.0,0.0,0.0,0.0,0.0,0.0
2024-07-11 04:15:00+00:00,66.16,400.0,540.8,0.0,540.8,526.97,0.25,2.8519279032626055e-05,6616.0,0.0,0.0,0.0,0.0,0.0
2024-07-11 04:30:00+00:00,66.16,400.0,540.8,0.0,540.8,528.53,0.25,2.8519279032626055e-05,6616.0,0.0,0.0,0.0,0.0,0.0
2024-07-11 04:45:00+00:00,66.16,400.0,553.78,0.0,540.8,553.78,0.25,2.8519279032626055e-05,6616.0,0.0,0.0,0.0,0.0,0.0
2024-07-11 05:00:00+00:00,66.16,400.0,604.71,0.0,540.8,604.71,0.25,2.8519279032626055e-05,6616.0,0.0,0.0,0.0,0.0,0.0
2024-07-11 05:15:00+00:00,60.91,400.0,684.3,10.0,511.33,684.3,0.25,2.8519279032626055e-05,6091.0,0.0,0.0,0.0,0.0,0.0
2024-07-11 05:30:00+00:00,60.91,400.0,687.13,10.0,511.33,687.13,0.25,2.8519279032626055e-05,6091.0,0.0,0.0,0.0,0.0,0.0
2024-07-11 05:45:00+00:00,60.91,400.0,686.3,10.0,511.33,686.3,0.25,2.8519279032626055e-05,6091.0,0.0,0.0,0.0,0.0,0.0
2024-07-11 06:00:00+00:00,60.91,400.0,678.3,10.0,511.33,678.3,0.25,2.8519279032626055e-05,6091.0,0.0,0.0,0.0,0.0,0.0
2024-07-11 06:15:00+00:00,38.58,400.0,540.72,10.0,463.14,540.72,0.25,2.8519279032626055e-05,3858.0,0.0,0.0,0.0,0.0,0.0
2024-07-11 06:30:00+00:00,38.58,400.0,463.14,10.0,463.14,388.7,0.25,2.8519279032626055e-05,3858.0,0.0,0.0,0.0,0.0,0.0
2024-07-11 06:45:00+00:00,38.58,400.0,461.0,10.0,463.14,461.0,0.25,2.8519279032626055e-05,3858.0,0.0,0.0,0.0,0.0,0.0
2024-07-11 07:00:00+00:00,38.58,400.0,399.41,10.0,463.14,399.41,0.25,2.8519279032626055e-05,3858.0,0.0,0.0,0.0,0.0,0.0
2024-07-11 07:15:00+00:00,38.58,400.0,412.89,10.0,524.68,412.89,0.25,2.8519279032626055e-05,3858.0,0.0,0.0,0.0,0.0,0.0
2024-07-11 07:30:00+00:00,38.58,400.0,413.0,10.0,524.68,413.0,0.25,2.8519279032626055e-05,3858.0,0.0,0.0,0.0,0.0,0.0
2024-07-11 07:45:00+00:00,38.58,400.0,405.86,10.0,524.68,405.86,0.25,2.8519279032626055e-05,3858.0,0.0,0.0,0.0,0.0,0.0
2024-07-11 08:00:00+00:00,38.58,400.0,,,,,0.25,2.8519279032626055e-05,3858.0,0.0,0.0,0.0,0.0,0.0
2024-07-11 08:15:00+00:00,88.49,400.0,,,,,0.25,2.8519279032626055e-05,8849.0,1.814811307705254e-143,1.9294983641784595e-140,4.537028269263135e-144,2.2685141346315676e-141,2.2685141346315676e-141
2024-07-11 08:30:00+00:00,88.49,400.0,,,,,0.25,2.8519279032626055e-05,8849.0,1.814811307705254e-143,1.9294983641784595e-140,4.537028269263135e-144,2.2685141346315676e-141,2.2685141346315676e-141
2024-07-11 08:45:00+00:00,88.49,400.0,,,,,0.25,2.8519279032626055e-05,8849.0,1.814811307705254e-143,1.9294983641784595e-140,4.537028269263135e-144,2.2685141346315676e-141,2.2685141346315676e-141
2024-07-11 09:00:00+00:00,88.49,400.0,,,,,0.25,2.8519279032626055e-05,8849.0,1.814811307705254e-143,1.9294983641784595e-140,4.537028269263135e-144,2.2685141346315676e-141,2.2685141346315676e-141
2024-07-11 09:15:00+00:00,92.44,400.0,,,,,0.25,2.8519279032626055e-05,9244.0,3.338064454531478e-61,3.112799918690145e-59,8.345161136328694e-62,4.172580568164347e-59,4.172580568164347e-59
2024-07-11 09:30:00+00:00,92.44,400.0,,,,,0.25,2.8519279032626055e-05,9244.0,3.338064454531478e-61,3.112799918690145e-59,8.345161136328694e-62,4.172580568164347e-59,4.172580568164347e-59
2024-07-11 09:45:00+00:00,92.44,400.0,,,,,0.25,2.8519279032626055e-05,9244.0,3.338064454531478e-61,3.112799918690145e-59,8.345161136328694e-62,4.172580568164347e-59,4.172580568164347e-59
2024-07-11 10:00:00+00:00,92.44,400.0,,,,,0.25,2.8519279032626055e-05,9244.0,3.338064454531478e-61,3.112799918690145e-59,8.345161136328694e-62,4.172580568164347e-59,4.172580568164347e-59
2024-07-11 10:15:00+00:00,101.56,400.0,,,,,0.25,2.8519279032626055e-05,10156.0,1.5600912660311081,0.9993919674349862,0.39002281650777704,195.01140825388853,195.01140825388853
2024-07-11 10:30:00+00:00,101.56,400.0,,,,,0.25,2.8519279032626055e-05,10156.0,1.5600912660311081,0.9993919674349862,0.39002281650777704,195.01140825388853,195.01140825388853
2024-07-11 10:45:00+00:00,101.56,400.0,,,,,0.25,2.8519279032626055e-05,10156.0,1.5600912660311081,0.9993919674349862,0.39002281650777704,195.01140825388853,195.01140825388853
2024-07-11 11:00:00+00:00,101.56,400.0,,,,,0.25,2.8519279032626055e-05,10156.0,1.5600912660311081,0.9993919674349862,0.39002281650777704,195.01140825388853,195.01140825388853
