dt,mw_procured,Hours_in_interval,mw_available,revenue_band_1,capacity_revenue_baseline,price_pln_per_mw_h,budget_envelope,capacity_revenue_capped,bound_flag,p_acc_K1
2024-06-30 22:00:00+00:00,400.0,0.25,50.0,1154.1177200261716,1154.1177200261716,178.85,2235.625,1154.1177200261716,0,0.3077647253403124
2024-06-30 22:15:00+00:00,400.0,0.25,50.0,752.9277323614602,752.9277323614602,68.91,861.375,752.9277323614602,0,0.20078072862972274
2024-06-30 22:30:00+00:00,400.0,0.25,50.0,753.0003083531825,753.0003083531825,68.91,861.375,753.0003083531825,0,0.20080008222751533
2024-06-30 22:45:00+00:00,400.0,0.25,50.0,755.8860529841088,755.8860529841088,68.91,861.375,755.8860529841088,0,0.2015696141290957
2024-06-30 23:00:00+00:00,400.0,0.25,50.0,757.3833697527724,757.3833697527724,68.91,861.375,757.3833697527724,0,0.2019688986007393
2024-06-30 23:15:00+00:00,400.0,0.25,50.0,890.1443148211447,890.1443148211447,133.18,1664.75,890.1443148211447,0,0.2373718172856386
2024-06-30 23:30:00+00:00,400.0,0.25,50.0,890.1443148211447,890.1443148211447,133.18,1664.75,890.1443148211447,0,0.2373718172856386
2024-06-30 23:45:00+00:00,400.0,0.25,50.0,890.2367256199135,890.2367256199135,133.18,1664.75,890.2367256199135,0,0.23739646016531024
2024-07-01 00:00:00+00:00,400.0,0.25,50.0,993.5364650904427,993.5364650904427,133.18,1664.75,993.5364650904427,0,0.2649430573574514
2024-07-01 00:15:00+00:00,400.0,0.25,50.0,1137.5128296294085,1137.5128296294085,135.18,1689.75,1137.5128296294085,0,0.30333675456784226
2024-07-01 00:30:00+00:00,400.0,0.25,50.0,1137.5128296294085,1137.5128296294085,135.18,1689.75,1137.5128296294085,0,0.30333675456784226
2024-07-01 00:45:00+00:00,400.0,0.25,50.0,1137.549393091107,1137.549393091107,135.18,1689.75,1137.549393091107,0,0.30334650482429526
2024-07-01 01:00:00+00:00,400.0,0.25,50.0,1137.5128296294085,1137.5128296294085,135.18,1689.75,1137.5128296294085,0,0.30333675456784226
2024-07-01 01:15:00+00:00,400.0,0.25,50.0,1267.9366659809843,1267.9366659809843,131.98,1649.7499999999998,1267.9366659809843,0,0.3381164442615958
2024-07-01 01:30:00+00:00,400.0,0.25,50.0,1267.9366659809843,1267.9366659809843,131.98,1649.7499999999998,1267.9366659809843,0,0.3381164442615958
2024-07-01 01:45:00+00:00,400.0,0.25,50.0,1267.9366659809843,1267.9366659809843,131.98,1649.7499999999998,1267.9366659809843,0,0.3381164442615958
2024-07-01 02:00:00+00:00,400.0,0.25,50.0,1268.149051317514,1268.149051317514,131.98,1649.7499999999998,1268.149051317514,0,0.3381730803513371
2024-07-01 02:15:00+00:00,400.0,0.25,50.0,1286.5550199938705,1286.5550199938705,147.78,1847.25,1286.5550199938705,0,0.3430813386650321
2024-07-01 02:30:00+00:00,400.0,0.25,50.0,1288.1618220480186,1288.1618220480186,147.78,1847.25,1288.1618220480186,0,0.343509819212805
2024-07-01 02:45:00+00:00,400.0,0.25,50.0,1288.2274307698278,1288.2274307698278,147.78,1847.25,1288.2274307698278,0,0.3435273148719541
2024-07-01 03:00:00+00:00,400.0,0.25,50.0,1288.1836914822672,1288.1836914822672,147.78,1847.25,1288.1836914822672,0,0.34351565106193793
2024-07-01 03:15:00+00:00,400.0,0.25,50.0,1262.0259602390556,1262.0259602390556,129.67,1620.8749999999998,1262.0259602390556,0,0.33654025606374816
2024-07-01 03:30:00+00:00,400.0,0.25,50.0,1262.0259602390556,1262.0259602390556,129.67,1620.8749999999998,1262.0259602390556,0,0.33654025606374816
2024-07-01 03:45:00+00:00,400.0,0.25,50.0,1261.8957719686443,1261.8957719686443,129.67,1620.8749999999998,1261.8957719686443,0,0.3365055391916385
2024-07-01 04:00:00+00:00,400.0,0.25,50.0,1258.8757893527572,1258.8757893527572,129.67,1620.8749999999998,1258.8757893527572,0,0.3357002104940686
2024-07-01 04:15:00+00:00,400.0,0.25,50.0,695.5319032246838,695.5319032246838,68.91,861.375,695.5319032246838,0,0.185475174193249
2024-07-01 04:30:00+00:00,400.0,0.25,50.0,695.5319032246838,695.5319032246838,68.91,861.375,695.5319032246838,0,0.185475174193249
2024-07-01 04:45:00+00:00,400.0,0.25,50.0,649.8613929897398,649.8613929897398,68.91,861.375,649.8613929897398,0,0.17329637146393062
2024-07-01 05:00:00+00:00,400.0,0.25,50.0,533.1729559040016,533.1729559040016,68.91,861.375,533.1729559040016,0,0.14217945490773376
2024-07-01 05:15:00+00:00,400.0,0.25,50.0,492.5099716342923,492.5099716342923,68.91,861.375,492.5099716342923,0,0.1313359924358113
2024-07-01 05:30:00+00:00,400.0,0.25,50.0,491.043840973522,491.043840973522,68.91,861.375,491.043840973522,0,0.13094502425960586
2024-07-01 05:45:00+00:00,400.0,0.25,50.0,492.05932162821125,492.05932162821125,68.91,861.375,492.05932162821125,0,0.13121581910085633
2024-07-01 06:00:00+00:00,400.0,0.25,50.0,492.21870697836675,492.21870697836675,68.91,861.375,492.21870697836675,0,0.1312583218608978
2024-07-01 06:15:00+00:00,400.0,0.25,50.0,494.51763601705477,494.51763601705477,68.91,861.375,494.51763601705477,0,0.13187136960454793
2024-07-01 06:30:00+00:00,400.0,0.25,50.0,494.51763601705477,494.51763601705477,68.91,861.375,494.51763601705477,0,0.13187136960454793
2024-07-01 06:45:00+00:00,400.0,0.25,50.0,494.79713184266626,494.79713184266626,68.91,861.375,494.79713184266626,0,0.131945901824711
2024-07-01 07:00:00+00:00,400.0,0.25,50.0,495.1905160809392,495.1905160809392,68.91,861.375,495.1905160809392,0,0.13205080428825045
2024-07-01 07:15:00+00:00,400.0,0.25,50.0,499.94413665049365,499.94413665049365,68.91,861.375,499.94413665049365,0,0.13331843644013164
2024-07-01 07:30:00+00:00,400.0,0.25,50.0,583.4630844746257,583.4630844746257,68.91,861.375,583.4630844746257,0,0.15559015585990021
2024-07-01 07:45:00+00:00,400.0,0.25,50.0,668.6687801343146,668.6687801343146,68.91,861.375,668.6687801343146,0,0.17831167470248388
2024-07-01 08:00:00+00:00,400.0,0.25,50.0,610.7762375424655,610.7762375424655,68.91,861.375,610.7762375424655,0,0.16287366334465747
2024-07-01 08:15:00+00:00,400.0,0.25,50.0,691.2205329482722,691.2205329482722,68.91,861.375,691.2205329482722,0,0.1843254754528726
2024-07-01 08:30:00+00:00,400.0,0.25,50.0,697.9820676800575,697.9820676800575,68.91,861.375,697.9820676800575,0,0.18612855138134865
2024-07-01 08:45:00+00:00,400.0,0.25,50.0,691.9317181284958,691.9317181284958,68.91,861.375,691.9317181284958,0,0.18451512483426558
2024-07-01 09:00:00+00:00,400.0,0.25,50.0,689.3731554531579,689.3731554531579,68.91,861.375,689.3731554531579,0,0.18383284145417544
2024-07-01 09:15:00+00:00,400.0,0.25,50.0,674.8395491730691,674.8395491730691,68.91,861.375,674.8395491730691,0,0.17995721311281843
2024-07-01 09:30:00+00:00,400.0,0.25,50.0,702.3506783756998,702.3506783756998,68.91,861.375,702.3506783756998,0,0.18729351423351992
2024-07-01 09:45:00+00:00,400.0,0.25,50.0,700.5208563014794,700.5208563014794,68.91,861.375,700.5208563014794,0,0.18680556168039453
2024-07-01 10:00:00+00:00,400.0,0.25,50.0,700.5208563014794,700.5208563014794,68.91,861.375,700.5208563014794,0,0.18680556168039453
2024-07-01 10:15:00+00:00,400.0,0.25,50.0,825.4048182621526,825.4048182621526,89.49,1118.625,825.4048182621526,0,0.22010795153657403
2024-07-01 10:30:00+00:00,400.0,0.25,50.0,825.4048182621526,825.4048182621526,89.49,1118.625,825.4048182621526,0,0.22010795153657403
2024-07-01 10:45:00+00:00,400.0,0.25,50.0,825.4048182621526,825.4048182621526,89.49,1118.625,825.4048182621526,0,0.22010795153657403
2024-07-01 11:00:00+00:00,400.0,0.25,50.0,825.4048182621526,825.4048182621526,89.49,1118.625,825.4048182621526,0,0.22010795153657403
2024-07-01 11:15:00+00:00,400.0,0.25,50.0,861.4919490819186,861.4919490819186,88.64,1108.0,861.4919490819186,0,0.22973118642184498
2024-07-01 11:30:00+00:00,400.0,0.25,50.0,861.4919490819186,861.4919490819186,88.64,1108.0,861.4919490819186,0,0.22973118642184498
2024-07-01 11:45:00+00:00,400.0,0.25,50.0,1142.9703722686818,1142.9703722686818,88.64,1108.0,1108.0,1,0.3047920992716485
2024-07-01 12:00:00+00:00,400.0,0.25,50.0,834.0705038374505,834.0705038374505,88.64,1108.0,834.0705038374505,0,0.22241880102332012
2024-07-01 12:15:00+00:00,400.0,0.25,50.0,585.7173971182685,585.7173971182685,68.91,861.375,585.7173971182685,0,0.15619130589820496
2024-07-01 12:30:00+00:00,400.0,0.25,50.0,585.8072479409208,585.8072479409208,68.91,861.375,585.8072479409208,0,0.15621526611757885
2024-07-01 12:45:00+00:00,400.0,0.25,50.0,584.950261728076,584.950261728076,68.91,861.375,584.950261728076,0,0.15598673646082029
2024-07-01 13:00:00+00:00,400.0,0.25,50.0,584.950261728076,584.950261728076,68.91,861.375,584.950261728076,0,0.15598673646082029
2024-07-01 13:15:00+00:00,400.0,0.25,50.0,735.5631578666926,735.5631578666926,68.91,861.375,735.5631578666926,0,0.196150175431118
2024-07-01 13:30:00+00:00,400.0,0.25,50.0,735.5631578666926,735.5631578666926,68.91,861.375,735.5631578666926,0,0.196150175431118
2024-07-01 13:45:00+00:00,400.0,0.25,50.0,734.6745019677718,734.6745019677718,68.91,861.375,734.6745019677718,0,0.19591320052473915
2024-07-01 14:00:00+00:00,400.0,0.25,50.0,734.6087502324225,734.6087502324225,68.91,861.375,734.6087502324225,0,0.195895666728646
2024-07-01 14:15:00+00:00,400.0,0.25,50.0,240.0827220411389,240.0827220411389,68.91,861.375,240.0827220411389,0,0.06402205921097037
2024-07-01 14:30:00+00:00,400.0,0.25,50.0,240.0827220411389,240.0827220411389,68.91,861.375,240.0827220411389,0,0.06402205921097037
2024-07-01 14:45:00+00:00,400.0,0.25,50.0,240.03571570032162,240.03571570032162,68.91,861.375,240.03571570032162,0,0.06400952418675243
2024-07-01 15:00:00+00:00,400.0,0.25,50.0,239.5368918022034,239.5368918022034,68.91,861.375,239.5368918022034,0,0.06387650448058757
2024-07-01 15:15:00+00:00,400.0,0.25,50.0,126.46565196859527,126.46565196859527,68.91,861.375,126.46565196859527,0,0.03372417385829207
2024-07-01 15:30:00+00:00,400.0,0.25,50.0,126.37433339478297,126.37433339478297,68.91,861.375,126.37433339478297,0,0.03369982223860879
2024-07-01 15:45:00+00:00,400.0,0.25,50.0,126.19083600312233,126.19083600312233,68.91,861.375,126.19083600312233,0,0.03365088960083262
2024-07-01 16:00:00+00:00,400.0,0.25,50.0,125.74757580365996,125.74757580365996,68.91,861.375,125.74757580365996,0,0.03353268688097599
2024-07-01 16:15:00+00:00,400.0,0.25,50.0,9.381191888157419,9.381191888157419,68.91,861.375,9.381191888157419,0,0.002501651170175312
2024-07-01 16:30:00+00:00,400.0,0.25,50.0,9.378883714606795,9.378883714606795,68.91,861.375,9.378883714606795,0,0.0025010356572284786
2024-07-01 16:45:00+00:00,400.0,0.25,50.0,267.6076711245513,267.6076711245513,68.91,861.375,267.6076711245513,0,0.07136204563321369
2024-07-01 17:00:00+00:00,400.0,0.25,50.0,186.87467479108085,186.87467479108085,68.91,861.375,186.87467479108085,0,0.049833246610954895
2024-07-01 17:15:00+00:00,400.0,0.25,50.0,659.917956043478,659.917956043478,68.91,861.375,659.917956043478,0,0.1759781216115941
2024-07-01 17:30:00+00:00,400.0,0.25,50.0,118.89064826133236,118.89064826133236,68.91,861.375,118.89064826133236,0,0.03170417286968863
2024-07-01 17:45:00+00:00,400.0,0.25,50.0,51.33606024624662,51.33606024624662,1000.0,12500.0,51.33606024624662,0,0.013689616065665766
2024-07-01 18:00:00+00:00,400.0,0.25,50.0,14.256385972596236,14.256385972596236,1000.0,12500.0,14.256385972596236,0,0.003801702926025663
2024-07-01 18:15:00+00:00,400.0,0.25,50.0,12.52298810711025,12.52298810711025,35.65,445.625,12.52298810711025,0,0.0033394634952294
2024-07-01 18:30:00+00:00,400.0,0.25,50.0,12.52298810711025,12.52298810711025,1000.0,12500.0,12.52298810711025,0,0.0033394634952294
2024-07-01 18:45:00+00:00,400.0,0.25,50.0,12.515367893015522,12.515367893015522,1000.0,12500.0,12.515367893015522,0,0.0033374314381374726
2024-07-01 19:00:00+00:00,400.0,0.25,50.0,11.124673252687067,11.124673252687067,1000.0,12500.0,11.124673252687067,0,0.0029665795340498846
2024-07-01 19:15:00+00:00,400.0,0.25,50.0,49.07498527898985,49.07498527898985,1000.0,12500.0,49.07498527898985,0,0.013086662741063959
2024-07-01 19:30:00+00:00,400.0,0.25,50.0,64.84307714809262,64.84307714809262,1000.0,12500.0,64.84307714809262,0,0.017291487239491365
2024-07-01 19:45:00+00:00,400.0,0.25,50.0,65.60735966105777,65.60735966105777,1000.0,12500.0,65.60735966105777,0,0.017495295909615405
2024-07-01 20:00:00+00:00,400.0,0.25,50.0,226.79977673024348,226.79977673024348,1000.0,12500.0,226.79977673024348,0,0.06047994046139826
2024-07-01 20:15:00+00:00,400.0,0.25,50.0,302.9439854689481,302.9439854689481,1000.0,12500.0,302.9439854689481,0,0.08078506279171949
2024-07-01 20:30:00+00:00,400.0,0.25,50.0,288.62051533924796,288.62051533924796,1000.0,12500.0,288.62051533924796,0,0.07696547075713278
2024-07-01 20:45:00+00:00,400.0,0.25,50.0,573.6323835392193,573.6323835392193,1000.0,12500.0,573.6323835392193,0,0.15296863561045848
2024-07-01 21:00:00+00:00,400.0,0.25,50.0,824.012245463263,824.012245463263,1000.0,12500.0,824.012245463263,0,0.21973659879020346
2024-07-01 21:15:00+00:00,400.0,0.25,50.0,577.0628578246101,577.0628578246101,71.89,898.625,577.0628578246101,0,0.15388342875322936
2024-07-01 21:30:00+00:00,400.0,0.25,50.0,642.6199255974685,642.6199255974685,71.89,898.625,642.6199255974685,0,0.17136531349265827
2024-07-01 21:45:00+00:00,400.0,0.25,50.0,944.3155727643185,944.3155727643185,71.89,898.625,898.625,1,0.25181748607048493
2024-07-01 22:00:00+00:00,400.0,0.25,50.0,537.924519223711,537.924519223711,71.89,898.625,537.924519223711,0,0.14344653845965627
2024-07-01 22:15:00+00:00,400.0,0.25,50.0,442.0131936021537,442.0131936021537,160.13,2001.625,442.0131936021537,0,0.11787018496057433
2024-07-01 22:30:00+00:00,400.0,0.25,50.0,440.2412673140413,440.2412673140413,160.13,2001.625,440.2412673140413,0,0.11739767128374434
2024-07-01 22:45:00+00:00,400.0,0.25,50.0,737.498397484082,737.498397484082,160.13,2001.625,737.498397484082,0,0.19666623932908855
2024-07-01 23:00:00+00:00,400.0,0.25,50.0,304.99970267488436,304.99970267488436,160.13,2001.625,304.99970267488436,0,0.08133325404663583
2024-07-01 23:15:00+00:00,400.0,0.25,50.0,682.3819049807823,682.3819049807823,149.51,1868.875,682.3819049807823,0,0.1819685079948753
2024-07-01 23:30:00+00:00,400.0,0.25,50.0,817.5367435260941,817.5367435260941,149.51,1868.875,817.5367435260941,0,0.2180097982736251
2024-07-01 23:45:00+00:00,400.0,0.25,50.0,982.7469635864772,982.7469635864772,149.51,1868.875,982.7469635864772,0,0.26206585695639395
2024-07-02 00:00:00+00:00,400.0,0.25,50.0,478.5931851072794,478.5931851072794,149.51,1868.875,478.5931851072794,0,0.12762484936194118
2024-07-02 00:15:00+00:00,400.0,0.25,50.0,569.7447478288225,569.7447478288225,143.84,1798.0,569.7447478288225,0,0.15193193275435268
2024-07-02 00:30:00+00:00,400.0,0.25,50.0,1012.2700845815576,1012.2700845815576,143.84,1798.0,1012.2700845815576,0,0.2699386892217487
2024-07-02 00:45:00+00:00,400.0,0.25,50.0,1091.1252300864712,1091.1252300864712,143.84,1798.0,1091.1252300864712,0,0.290966728023059
2024-07-02 01:00:00+00:00,400.0,0.25,50.0,569.7727095295062,569.7727095295062,143.84,1798.0,569.7727095295062,0,0.15193938920786831
2024-07-02 01:15:00+00:00,400.0,0.25,50.0,1019.3818935376521,1019.3818935376521,140.99,1762.375,1019.3818935376521,0,0.27183517161004056
2024-07-02 01:30:00+00:00,400.0,0.25,50.0,669.599519484305,669.599519484305,140.99,1762.375,669.599519484305,0,0.17855987186248135
2024-07-02 01:45:00+00:00,400.0,0.25,50.0,670.6831915066044,670.6831915066044,140.99,1762.375,670.6831915066044,0,0.17884885106842785
2024-07-02 02:00:00+00:00,400.0,0.25,50.0,670.6943787399708,670.6943787399708,140.99,1762.375,670.6943787399708,0,0.17885183433065888
2024-07-02 02:15:00+00:00,400.0,0.25,50.0,765.308248210496,765.308248210496,134.33,1679.1250000000002,765.308248210496,0,0.20408219952279893
2024-07-02 02:30:00+00:00,400.0,0.25,50.0,765.0313108876558,765.0313108876558,134.33,1679.1250000000002,765.0313108876558,0,0.20400834957004155
2024-07-02 02:45:00+00:00,400.0,0.25,50.0,765.2914011689601,765.2914011689601,134.33,1679.1250000000002,765.2914011689601,0,0.20407770697838934
2024-07-02 03:00:00+00:00,400.0,0.25,50.0,1127.7518501544457,1127.7518501544457,134.33,1679.1250000000002,1127.7518501544457,0,0.3007338267078522
2024-07-02 03:15:00+00:00,400.0,0.25,50.0,721.4214222167195,721.4214222167195,136.33,1704.1250000000002,721.4214222167195,0,0.19237904592445854
2024-07-02 03:30:00+00:00,400.0,0.25,50.0,722.9113501491839,722.9113501491839,136.33,1704.1250000000002,722.9113501491839,0,0.19277636003978238
2024-07-02 03:45:00+00:00,400.0,0.25,50.0,721.4539368788622,721.4539368788622,136.33,1704.1250000000002,721.4539368788622,0,0.19238771650102993
2024-07-02 04:00:00+00:00,400.0,0.25,50.0,721.4051652216785,721.4051652216785,136.33,1704.1250000000002,721.4051652216785,0,0.19237471072578094
2024-07-02 04:15:00+00:00,400.0,0.25,50.0,452.4259411053658,452.4259411053658,157.84,1973.0,452.4259411053658,0,0.12064691762809754
2024-07-02 04:30:00+00:00,400.0,0.25,50.0,447.47906710399536,447.47906710399536,157.84,1973.0,447.47906710399536,0,0.11932775122773209
2024-07-02 04:45:00+00:00,400.0,0.25,50.0,771.3663185672057,771.3663185672057,157.84,1973.0,771.3663185672057,0,0.20569768495125484
2024-07-02 05:00:00+00:00,400.0,0.25,50.0,609.5122797559932,609.5122797559932,157.84,1973.0,609.5122797559932,0,0.16253660793493152
2024-07-02 05:15:00+00:00,400.0,0.25,50.0,985.3856800917969,985.3856800917969,176.05,2200.625,985.3856800917969,0,0.26276951469114584
2024-07-02 05:30:00+00:00,400.0,0.25,50.0,985.3856800917969,985.3856800917969,176.05,2200.625,985.3856800917969,0,0.26276951469114584
2024-07-02 05:45:00+00:00,400.0,0.25,50.0,984.6238115515376,984.6238115515376,176.05,2200.625,984.6238115515376,0,0.2625663497470767
2024-07-02 06:00:00+00:00,400.0,0.25,50.0,551.4384319490717,551.4384319490717,176.05,2200.625,551.4384319490717,0,0.14705024851975246
2024-07-02 06:15:00+00:00,400.0,0.25,50.0,524.8124640535234,524.8124640535234,175.05,2188.125,524.8124640535234,0,0.13994999041427292
2024-07-02 06:30:00+00:00,400.0,0.25,50.0,525.8506341898742,525.8506341898742,175.05,2188.125,525.8506341898742,0,0.14022683578396644
2024-07-02 06:45:00+00:00,400.0,0.25,50.0,527.4809921997689,527.4809921997689,175.05,2188.125,527.4809921997689,0,0.14066159791993837
2024-07-02 07:00:00+00:00,400.0,0.25,50.0,527.2728625996671,527.2728625996671,175.05,2188.125,527.2728625996671,0,0.14060609669324453
2024-07-02 07:15:00+00:00,400.0,0.25,50.0,972.3246363633034,972.3246363633034,162.67,2033.3749999999998,972.3246363633034,0,0.2592865696968809
2024-07-02 07:30:00+00:00,400.0,0.25,50.0,972.581352872705,972.581352872705,162.67,2033.3749999999998,972.581352872705,0,0.2593550274327213
2024-07-02 07:45:00+00:00,400.0,0.25,50.0,976.9254035206827,976.9254035206827,162.67,2033.3749999999998,976.9254035206827,0,0.26051344093884876
2024-07-02 08:00:00+00:00,400.0,0.25,50.0,978.7955400948414,978.7955400948414,162.67,2033.3749999999998,978.7955400948414,0,0.26101214402529105
2024-07-02 08:15:00+00:00,400.0,0.25,50.0,1370.8758108405016,1370.8758108405016,189.77,2372.125,1370.8758108405016,0,0.3655668828908004
2024-07-02 08:30:00+00:00,400.0,0.25,50.0,1372.0146973706906,1372.0146973706906,189.77,2372.125,1372.0146973706906,0,0.36587058596551747
2024-07-02 08:45:00+00:00,400.0,0.25,50.0,1372.296728404468,1372.296728404468,162.59,2032.375,1372.296728404468,0,0.36594579424119145
2024-07-02 09:00:00+00:00,400.0,0.25,50.0,1372.296728404468,1372.296728404468,189.77,2372.125,1372.296728404468,0,0.36594579424119145
2024-07-02 09:15:00+00:00,400.0,0.25,50.0,1531.1004033807035,1531.1004033807035,199.77,2497.125,1531.1004033807035,0,0.408293440901521
2024-07-02 09:30:00+00:00,400.0,0.25,50.0,1531.1234923870638,1531.1234923870638,199.77,2497.125,1531.1234923870638,0,0.4082995979698837
2024-07-02 09:45:00+00:00,400.0,0.25,50.0,1530.3632160728498,1530.3632160728498,199.77,2497.125,1530.3632160728498,0,0.4080968576194266
2024-07-02 10:00:00+00:00,400.0,0.25,50.0,1529.0035836999944,1529.0035836999944,199.77,2497.125,1529.0035836999944,0,0.4077342889866652
2024-07-02 10:15:00+00:00,400.0,0.25,50.0,1558.522632314195,1558.522632314195,1000.0,12500.0,1558.522632314195,0,0.41560603528378537
2024-07-02 10:30:00+00:00,400.0,0.25,50.0,1557.9430139886601,1557.9430139886601,1000.0,12500.0,1557.9430139886601,0,0.41545147039697605
2024-07-02 10:45:00+00:00,400.0,0.25,50.0,1557.2626046835412,1557.2626046835412,1000.0,12500.0,1557.2626046835412,0,0.41527002791561096
2024-07-02 11:00:00+00:00,400.0,0.25,50.0,1557.363444719441,1557.363444719441,1000.0,12500.0,1557.363444719441,0,0.4152969185918509
2024-07-02 11:15:00+00:00,400.0,0.25,50.0,1596.2448613953268,1596.2448613953268,1000.0,12500.0,1596.2448613953268,0,0.42566529637208717
2024-07-02 11:30:00+00:00,400.0,0.25,50.0,1596.621254045623,1596.621254045623,1000.0,12500.0,1596.621254045623,0,0.4257656677454994
2024-07-02 11:45:00+00:00,400.0,0.25,50.0,1599.3695819180855,1599.3695819180855,1000.0,12500.0,1599.3695819180855,0,0.42649855517815616
2024-07-02 12:00:00+00:00,400.0,0.25,50.0,1600.1378390791103,1600.1378390791103,1000.0,12500.0,1600.1378390791103,0,0.4267034237544294
2024-07-02 12:15:00+00:00,400.0,0.25,50.0,1731.78548912622,1731.78548912622,1000.0,12500.0,1731.78548912622,0,0.46180946376699206
2024-07-02 12:30:00+00:00,400.0,0.25,50.0,1731.8327085220592,1731.8327085220592,1000.0,12500.0,1731.8327085220592,0,0.4618220556058824
2024-07-02 12:45:00+00:00,400.0,0.25,50.0,1731.8685953588733,1731.8685953588733,1000.0,12500.0,1731.8685953588733,0,0.4618316254290329
2024-07-02 13:00:00+00:00,400.0,0.25,50.0,1723.6872786501062,1723.6872786501062,1000.0,12500.0,1723.6872786501062,0,0.45964994097336165
2024-07-02 13:15:00+00:00,400.0,0.25,50.0,1169.1122465663752,1169.1122465663752,1000.0,12500.0,1169.1122465663752,0,0.3117632657510334
2024-07-02 13:30:00+00:00,400.0,0.25,50.0,1020.4360208395393,1020.4360208395393,1000.0,12500.0,1020.4360208395393,0,0.27211627222387713
2024-07-02 13:45:00+00:00,400.0,0.25,50.0,897.8209078252834,897.8209078252834,1000.0,12500.0,897.8209078252834,0,0.23941890875340888
2024-07-02 14:00:00+00:00,400.0,0.25,50.0,970.9293756721249,970.9293756721249,1000.0,12500.0,970.9293756721249,0,0.25891450017923334
2024-07-02 14:15:00+00:00,400.0,0.25,50.0,1137.838579413038,1137.838579413038,1000.0,12500.0,1137.838579413038,0,0.3034236211768101
2024-07-02 14:30:00+00:00,400.0,0.25,50.0,1112.3416931984207,1112.3416931984207,1000.0,12500.0,1112.3416931984207,0,0.29662445151957884
2024-07-02 14:45:00+00:00,400.0,0.25,50.0,342.6270988244282,342.6270988244282,1000.0,12500.0,342.6270988244282,0,0.09136722635318084
2024-07-02 15:00:00+00:00,400.0,0.25,50.0,1439.8391047491068,1439.8391047491068,1000.0,12500.0,1439.8391047491068,0,0.3839570945997618
2024-07-02 15:15:00+00:00,400.0,0.25,50.0,1165.4951784182617,1165.4951784182617,1000.0,12500.0,1165.4951784182617,0,0.3107987142448698
2024-07-02 15:30:00+00:00,400.0,0.25,50.0,1165.7578790340658,1165.7578790340658,1000.0,12500.0,1165.7578790340658,0,0.31086876774241756
2024-07-02 15:45:00+00:00,400.0,0.25,50.0,1165.4111868442872,1165.4111868442872,1000.0,12500.0,1165.4111868442872,0,0.3107763164918099
2024-07-02 16:00:00+00:00,400.0,0.25,50.0,1345.0080485612093,1345.0080485612093,1000.0,12500.0,1345.0080485612093,0,0.3586688129496558
2024-07-02 16:15:00+00:00,400.0,0.25,50.0,251.335151799202,251.335151799202,1000.0,12500.0,251.335151799202,0,0.06702270714645386
2024-07-02 16:30:00+00:00,400.0,0.25,50.0,252.16257047290912,252.16257047290912,161.4,2017.5,252.16257047290912,0,0.0672433521261091
2024-07-02 16:45:00+00:00,400.0,0.25,50.0,250.83354338391027,250.83354338391027,161.4,2017.5,250.83354338391027,0,0.06688894490237607
2024-07-02 17:00:00+00:00,400.0,0.25,50.0,248.53227225536153,248.53227225536153,161.4,2017.5,248.53227225536153,0,0.06627527260142974
2024-07-02 17:15:00+00:00,400.0,0.25,50.0,883.1435019566691,883.1435019566691,217.16,2714.5,883.1435019566691,0,0.23550493385511173
2024-07-02 17:30:00+00:00,400.0,0.25,50.0,882.828000657711,882.828000657711,68.89,861.125,861.125,1,0.23542080017538958
2024-07-02 17:45:00+00:00,400.0,0.25,50.0,881.9875164077637,881.9875164077637,68.89,861.125,861.125,1,0.23519667104207032
2024-07-02 18:00:00+00:00,400.0,0.25,50.0,558.0860340609056,558.0860340609056,68.89,861.125,558.0860340609056,0,0.1488229424162415
2024-07-02 18:15:00+00:00,400.0,0.25,50.0,530.4267519505486,530.4267519505486,68.89,861.125,530.4267519505486,0,0.14144713385347962
2024-07-02 18:30:00+00:00,400.0,0.25,50.0,530.8688863234273,530.8688863234273,14.57,182.125,182.125,1,0.14156503635291395
2024-07-02 18:45:00+00:00,400.0,0.25,50.0,530.3282820921326,530.3282820921326,285.92,3574.0,530.3282820921326,0,0.1414208752245687
2024-07-02 19:00:00+00:00,400.0,0.25,50.0,529.6743517700156,529.6743517700156,285.92,3574.0,529.6743517700156,0,0.1412464938053375
2024-07-02 19:15:00+00:00,400.0,0.25,50.0,872.6574321071657,872.6574321071657,264.54,3306.7500000000005,872.6574321071657,0,0.23270864856191087
2024-07-02 19:30:00+00:00,400.0,0.25,50.0,895.049140934319,895.049140934319,264.54,3306.7500000000005,895.049140934319,0,0.23867977091581838
2024-07-02 19:45:00+00:00,400.0,0.25,50.0,896.2913957920597,896.2913957920597,264.54,3306.7500000000005,896.2913957920597,0,0.23901103887788255
2024-07-02 20:00:00+00:00,400.0,0.25,50.0,897.4126110990422,897.4126110990422,264.54,3306.7500000000005,897.4126110990422,0,0.23931002962641124
2024-07-02 20:15:00+00:00,400.0,0.25,50.0,800.8852040910315,800.8852040910315,192.35,2404.375,800.8852040910315,0,0.21356938775760836
2024-07-02 20:30:00+00:00,400.0,0.25,50.0,801.6073304005342,801.6073304005342,192.35,2404.375,801.6073304005342,0,0.21376195477347582
2024-07-02 20:45:00+00:00,400.0,0.25,50.0,797.1200198780482,797.1200198780482,192.35,2404.375,797.1200198780482,0,0.21256533863414617
2024-07-02 21:00:00+00:00,400.0,0.25,50.0,799.0524244881874,799.0524244881874,192.35,2404.375,799.0524244881874,0,0.21308064653018333
2024-07-02 21:15:00+00:00,400.0,0.25,50.0,975.0693047204942,975.0693047204942,156.51,1956.375,975.0693047204942,0,0.26001848125879845
2024-07-02 21:30:00+00:00,400.0,0.25,50.0,891.6414983919892,891.6414983919892,156.51,1956.375,891.6414983919892,0,0.23777106623786382
2024-07-02 21:45:00+00:00,400.0,0.25,50.0,1005.2257913661937,1005.2257913661937,156.51,1956.375,1005.2257913661937,0,0.268060211030985
2024-07-02 22:00:00+00:00,400.0,0.25,50.0,1031.9574372671443,1031.9574372671443,156.51,1956.375,1031.9574372671443,0,0.27518864993790515
2024-07-02 22:15:00+00:00,400.0,0.25,50.0,1019.5512978570735,1019.5512978570735,41.62,520.25,520.25,1,0.2718803460952196
2024-07-02 22:30:00+00:00,400.0,0.25,50.0,1470.5481326024083,1470.5481326024083,59.4,742.5,742.5,1,0.39214616869397556
2024-07-02 22:45:00+00:00,400.0,0.25,50.0,1019.5907505351058,1019.5907505351058,59.4,742.5,742.5,1,0.2718908668093616
2024-07-02 23:00:00+00:00,400.0,0.25,50.0,1013.6924589575067,1013.6924589575067,59.4,742.5,742.5,1,0.2703179890553351
2024-07-02 23:15:00+00:00,400.0,0.25,50.0,1203.5120870533326,1203.5120870533326,165.4,2067.5,1203.5120870533326,0,0.3209365565475554
2024-07-02 23:30:00+00:00,400.0,0.25,50.0,1203.560196324803,1203.560196324803,114.75,1434.375,1203.560196324803,0,0.32094938568661413
2024-07-02 23:45:00+00:00,400.0,0.25,50.0,1203.5995784047784,1203.5995784047784,114.75,1434.375,1203.5995784047784,0,0.3209598875746076
2024-07-03 00:00:00+00:00,400.0,0.25,50.0,1203.60277156994,1203.60277156994,114.75,1434.375,1203.60277156994,0,0.3209607390853173
2024-07-03 00:15:00+00:00,400.0,0.25,50.0,1200.6318259489774,1200.6318259489774,100.58,1257.25,1200.6318259489774,0,0.3201684869197273
2024-07-03 00:30:00+00:00,400.0,0.25,50.0,1200.6743579126403,1200.6743579126403,100.58,1257.25,1200.6743579126403,0,0.32017982877670403
2024-07-03 00:45:00+00:00,400.0,0.25,50.0,1200.6743579126403,1200.6743579126403,100.58,1257.25,1200.6743579126403,0,0.32017982877670403
2024-07-03 01:00:00+00:00,400.0,0.25,50.0,1201.5844801681237,1201.5844801681237,101.56,1269.5,1201.5844801681237,0,0.32042252804483295
2024-07-03 01:15:00+00:00,400.0,0.25,50.0,1206.501694004703,1206.501694004703,106.16,1327.0,1206.501694004703,0,0.32173378506792083
2024-07-03 01:30:00+00:00,400.0,0.25,50.0,1205.7534148074715,1205.7534148074715,41.62,520.25,520.25,1,0.32153424394865904
2024-07-03 01:45:00+00:00,400.0,0.25,50.0,1205.710807905166,1205.710807905166,41.62,520.25,520.25,1,0.32152288210804425
2024-07-03 02:00:00+00:00,400.0,0.25,50.0,1205.6042933886981,1205.6042933886981,106.16,1327.0,1205.6042933886981,0,0.3214944782369862
2024-07-03 02:15:00+00:00,400.0,0.25,50.0,1192.1164516918334,1192.1164516918334,122.75,1534.375,1192.1164516918334,0,0.3178977204511556
2024-07-03 02:30:00+00:00,400.0,0.25,50.0,1192.1164516918334,1192.1164516918334,107.56,1344.5,1192.1164516918334,0,0.3178977204511556
2024-07-03 02:45:00+00:00,400.0,0.25,50.0,1192.1164516918334,1192.1164516918334,122.75,1534.375,1192.1164516918334,0,0.3178977204511556
2024-07-03 03:00:00+00:00,400.0,0.25,50.0,1192.1164516918334,1192.1164516918334,107.56,1344.5,1192.1164516918334,0,0.3178977204511556
2024-07-03 03:15:00+00:00,400.0,0.25,50.0,1242.8843716882589,1242.8843716882589,108.75,1359.375,1242.8843716882589,0,0.33143583245020236
2024-07-03 03:30:00+00:00,400.0,0.25,50.0,1242.9216850891403,1242.9216850891403,108.75,1359.375,1242.9216850891403,0,0.33144578269043745
2024-07-03 03:45:00+00:00,400.0,0.25,50.0,1242.9216850891403,1242.9216850891403,108.75,1359.375,1242.9216850891403,0,0.33144578269043745
2024-07-03 04:00:00+00:00,400.0,0.25,50.0,1242.9564106780374,1242.9564106780374,159.4,1992.5,1242.9564106780374,0,0.3314550428474766
2024-07-03 04:15:00+00:00,400.0,0.25,50.0,991.2688644384629,991.2688644384629,118.93,1486.625,991.2688644384629,0,0.2643383638502568
2024-07-03 04:30:00+00:00,400.0,0.25,50.0,988.6671907926047,988.6671907926047,98.93,1236.625,988.6671907926047,0,0.2636445842113613
2024-07-03 04:45:00+00:00,400.0,0.25,50.0,987.0778960385536,987.0778960385536,98.93,1236.625,987.0778960385536,0,0.2632207722769476
2024-07-03 05:00:00+00:00,400.0,0.25,50.0,987.1167100615459,987.1167100615459,1000.0,12500.0,987.1167100615459,0,0.2632311226830789
2024-07-03 05:15:00+00:00,400.0,0.25,50.0,865.1460623263561,865.1460623263561,125.62,1570.25,865.1460623263561,0,0.2307056166203616
2024-07-03 05:30:00+00:00,400.0,0.25,50.0,864.3945004292457,864.3945004292457,85.3,1066.25,864.3945004292457,0,0.2305052001144655
2024-07-03 05:45:00+00:00,400.0,0.25,50.0,865.1098951097418,865.1098951097418,85.3,1066.25,865.1098951097418,0,0.2306959720292645
2024-07-03 06:00:00+00:00,400.0,0.25,50.0,865.1822303876306,865.1822303876306,85.3,1066.25,865.1822303876306,0,0.2307152614367015
2024-07-03 06:15:00+00:00,400.0,0.25,50.0,898.9392910129718,898.9392910129718,79.4,992.5000000000001,898.9392910129718,0,0.2397171442701258
2024-07-03 06:30:00+00:00,400.0,0.25,50.0,899.177393525728,899.177393525728,79.4,992.5000000000001,899.177393525728,0,0.23978063827352747
2024-07-03 06:45:00+00:00,400.0,0.25,50.0,899.2365088675872,899.2365088675872,79.4,992.5000000000001,899.2365088675872,0,0.2397964023646899
2024-07-03 07:00:00+00:00,400.0,0.25,50.0,898.9372592544132,898.9372592544132,1000.0,12500.0,898.9372592544132,0,0.23971660246784354
2024-07-03 07:15:00+00:00,400.0,0.25,50.0,935.58629188844,935.58629188844,1000.0,12500.0,935.58629188844,0,0.24948967783691733
2024-07-03 07:30:00+00:00,400.0,0.25,50.0,994.4279132094548,994.4279132094548,129.73,1621.6249999999998,994.4279132094548,0,0.2651807768558546
2024-07-03 07:45:00+00:00,400.0,0.25,50.0,1200.7897829776748,1200.7897829776748,129.73,1621.6249999999998,1200.7897829776748,0,0.3202106087940466
2024-07-03 08:00:00+00:00,400.0,0.25,50.0,1200.8323172811213,1200.8323172811213,129.73,1621.6249999999998,1200.8323172811213,0,0.32022195127496567
2024-07-03 08:15:00+00:00,400.0,0.25,50.0,1292.6472596610674,1292.6472596610674,199.4,2492.5,1292.6472596610674,0,0.34470593590961796
2024-07-03 08:30:00+00:00,400.0,0.25,50.0,1293.3870498723923,1293.3870498723923,199.4,2492.5,1293.3870498723923,0,0.3449032132993046
2024-07-03 08:45:00+00:00,400.0,0.25,50.0,1292.5780629882934,1292.5780629882934,132.58,1657.2500000000002,1292.5780629882934,0,0.34468748346354494
2024-07-03 09:00:00+00:00,400.0,0.25,50.0,1242.6894606248225,1242.6894606248225,199.4,2492.5,1242.6894606248225,0,0.33138385616661936
2024-07-03 09:15:00+00:00,400.0,0.25,50.0,1112.2973268329918,1112.2973268329918,204.4,2555.0,1112.2973268329918,0,0.2966126204887978
2024-07-03 09:30:00+00:00,400.0,0.25,50.0,1110.6031674691924,1110.6031674691924,204.4,2555.0,1110.6031674691924,0,0.29616084465845127
2024-07-03 09:45:00+00:00,400.0,0.25,50.0,982.9739598011545,982.9739598011545,204.4,2555.0,982.9739598011545,0,0.26212638928030785
2024-07-03 10:00:00+00:00,400.0,0.25,50.0,919.3995390335131,919.3995390335131,204.4,2555.0,919.3995390335131,0,0.2451732104089368
2024-07-03 10:15:00+00:00,400.0,0.25,50.0,1046.9215323436524,1046.9215323436524,218.85,2735.625,1046.9215323436524,0,0.27917907529164065
2024-07-03 10:30:00+00:00,400.0,0.25,50.0,1263.9158321942898,1263.9158321942898,218.85,2735.625,1263.9158321942898,0,0.33704422191847727
2024-07-03 10:45:00+00:00,400.0,0.25,50.0,1292.8547246174978,1292.8547246174978,218.85,2735.625,1292.8547246174978,0,0.34476125989799944
2024-07-03 11:00:00+00:00,400.0,0.25,50.0,1293.7754901207352,1293.7754901207352,218.85,2735.625,1293.7754901207352,0,0.3450067973655294
2024-07-03 11:15:00+00:00,400.0,0.25,50.0,1312.0396344467192,1312.0396344467192,211.69,2646.125,1312.0396344467192,0,0.34987723585245845
2024-07-03 11:30:00+00:00,400.0,0.25,50.0,1307.7028253314622,1307.7028253314622,211.69,2646.125,1307.7028253314622,0,0.34872075342172326
2024-07-03 11:45:00+00:00,400.0,0.25,50.0,1307.9106557485436,1307.9106557485436,211.69,2646.125,1307.9106557485436,0,0.3487761748662783
2024-07-03 12:00:00+00:00,400.0,0.25,50.0,1312.5013944980028,1312.5013944980028,211.69,2646.125,1312.5013944980028,0,0.3500003718661341
2024-07-03 12:15:00+00:00,400.0,0.25,50.0,1277.6708018917366,1277.6708018917366,187.4,2342.5,1277.6708018917366,0,0.3407122138377964
2024-07-03 12:30:00+00:00,400.0,0.25,50.0,1277.2369758115735,1277.2369758115735,187.4,2342.5,1277.2369758115735,0,0.3405965268830863
2024-07-03 12:45:00+00:00,400.0,0.25,50.0,1271.3764846293734,1271.3764846293734,187.4,2342.5,1271.3764846293734,0,0.3390337292344996
2024-07-03 13:00:00+00:00,400.0,0.25,50.0,1229.1114872838286,1229.1114872838286,187.4,2342.5,1229.1114872838286,0,0.3277630632756876
2024-07-03 13:15:00+00:00,400.0,0.25,50.0,1113.1440109079997,1113.1440109079997,59.75,746.875,746.875,1,0.2968384029087999
2024-07-03 13:30:00+00:00,400.0,0.25,50.0,1113.0133819747073,1113.0133819747073,110.4,1380.0,1113.0133819747073,0,0.2968035685265886
2024-07-03 13:45:00+00:00,400.0,0.25,50.0,1112.5526367426708,1112.5526367426708,59.75,746.875,746.875,1,0.29668070313137884
2024-07-03 14:00:00+00:00,400.0,0.25,50.0,1047.1173272525054,1047.1173272525054,110.4,1380.0,1047.1173272525054,0,0.2792312872673348
2024-07-03 14:15:00+00:00,400.0,0.25,50.0,1290.9953903933622,1290.9953903933622,120.51,1506.375,1290.9953903933622,0,0.3442654374382299
2024-07-03 14:30:00+00:00,400.0,0.25,50.0,1268.9613337153844,1268.9613337153844,87.1,1088.75,1088.75,1,0.33838968899076916
2024-07-03 14:45:00+00:00,400.0,0.25,50.0,1236.2378803068075,1236.2378803068075,87.1,1088.75,1088.75,1,0.32966343474848203
2024-07-03 15:00:00+00:00,400.0,0.25,50.0,947.2837742456711,947.2837742456711,87.1,1088.75,947.2837742456711,0,0.2526090064655123
2024-07-03 15:15:00+00:00,400.0,0.25,50.0,1079.4322363303995,1079.4322363303995,68.89,861.125,861.125,1,0.2878485963547732
2024-07-03 15:30:00+00:00,400.0,0.25,50.0,1160.1256850368686,1160.1256850368686,124.46,1555.75,1160.1256850368686,0,0.30936684934316494
2024-07-03 15:45:00+00:00,400.0,0.25,50.0,1055.7206606944299,1055.7206606944299,68.89,861.125,861.125,1,0.2815255095185146
2024-07-03 16:00:00+00:00,400.0,0.25,50.0,978.6188640431396,978.6188640431396,68.89,861.125,861.125,1,0.2609650304115039
2024-07-03 16:15:00+00:00,400.0,0.25,50.0,352.52528609375753,352.52528609375753,144.99,1812.375,352.52528609375753,0,0.09400674295833533
2024-07-03 16:30:00+00:00,400.0,0.25,50.0,352.4938780541438,352.4938780541438,144.99,1812.375,352.4938780541438,0,0.09399836748110502
2024-07-03 16:45:00+00:00,400.0,0.25,50.0,446.8949360666075,446.8949360666075,68.89,861.125,446.8949360666075,0,0.11917198295109532
2024-07-03 17:00:00+00:00,400.0,0.25,50.0,349.2616799514725,349.2616799514725,68.89,861.125,349.2616799514725,0,0.09313644798705933
2024-07-03 17:15:00+00:00,400.0,0.25,50.0,166.78893582132662,166.78893582132662,68.89,861.125,166.78893582132662,0,0.044477049552353765
2024-07-03 17:30:00+00:00,400.0,0.25,50.0,166.82935769771768,166.82935769771768,41.62,520.25,166.82935769771768,0,0.04448782871939139
2024-07-03 17:45:00+00:00,400.0,0.25,50.0,166.7558337267075,166.7558337267075,41.62,520.25,166.7558337267075,0,0.044468222327122
2024-07-03 18:00:00+00:00,400.0,0.25,50.0,265.68175065761477,265.68175065761477,41.62,520.25,265.68175065761477,0,0.07084846684203061
2024-07-03 18:15:00+00:00,400.0,0.25,50.0,60.250539711874794,60.250539711874794,14.46,180.75,60.250539711874794,0,0.01606681058983328
2024-07-03 18:30:00+00:00,400.0,0.25,50.0,60.29005303171755,60.29005303171755,14.46,180.75,60.29005303171755,0,0.01607734747512468
2024-07-03 18:45:00+00:00,400.0,0.25,50.0,60.27722190811019,60.27722190811019,14.46,180.75,60.27722190811019,0,0.016073925842162717
2024-07-03 19:00:00+00:00,400.0,0.25,50.0,60.276290129958056,60.276290129958056,14.46,180.75,60.276290129958056,0,0.016073677367988815
2024-07-03 19:15:00+00:00,400.0,0.25,50.0,187.75545821199754,187.75545821199754,41.62,520.25,187.75545821199754,0,0.050068122189866004
2024-07-03 19:30:00+00:00,400.0,0.25,50.0,187.84945605326274,187.84945605326274,41.62,520.25,187.84945605326274,0,0.05009318828087006
2024-07-03 19:45:00+00:00,400.0,0.25,50.0,187.9563927199761,187.9563927199761,68.89,861.125,187.9563927199761,0,0.050121704725326954
2024-07-03 20:00:00+00:00,400.0,0.25,50.0,187.9600789381547,187.9600789381547,222.83,2785.375,187.9600789381547,0,0.05012268771684125
2024-07-03 20:15:00+00:00,400.0,0.25,50.0,302.5388479151235,302.5388479151235,189.28,2366.0,302.5388479151235,0,0.0806770261106996
2024-07-03 20:30:00+00:00,400.0,0.25,50.0,603.0128830291391,603.0128830291391,41.62,520.25,520.25,1,0.1608034354744371
2024-07-03 20:45:00+00:00,400.0,0.25,50.0,304.11674407369304,304.11674407369304,41.62,520.25,304.11674407369304,0,0.08109779841965148
2024-07-03 21:00:00+00:00,400.0,0.25,50.0,304.5345347122122,304.5345347122122,186.8,2335.0,304.5345347122122,0,0.08120920925658992
2024-07-03 21:15:00+00:00,400.0,0.25,50.0,833.8192971106336,833.8192971106336,139.92,1748.9999999999998,833.8192971106336,0,0.22235181256283565
2024-07-03 21:30:00+00:00,400.0,0.25,50.0,987.2427172227741,987.2427172227741,119.92,1499.0,987.2427172227741,0,0.26326472459273975
2024-07-03 21:45:00+00:00,400.0,0.25,50.0,834.9222318701571,834.9222318701571,41.62,520.25,520.25,1,0.22264592849870857
2024-07-03 22:00:00+00:00,400.0,0.25,50.0,837.7271554817838,837.7271554817838,41.62,520.25,520.25,1,0.2233939081284757
2024-07-03 22:15:00+00:00,400.0,0.25,50.0,990.0638737890363,990.0638737890363,101.12,1264.0,990.0638737890363,0,0.2640170330104097
2024-07-03 22:30:00+00:00,400.0,0.25,50.0,990.0638737890363,990.0638737890363,101.12,1264.0,990.0638737890363,0,0.2640170330104097
2024-07-03 22:45:00+00:00,400.0,0.25,50.0,736.7739034660191,736.7739034660191,101.12,1264.0,736.7739034660191,0,0.19647304092427176
2024-07-03 23:00:00+00:00,400.0,0.25,50.0,738.5900690315383,738.5900690315383,101.12,1264.0,738.5900690315383,0,0.19695735174174356
2024-07-03 23:15:00+00:00,400.0,0.25,50.0,868.9953855936263,868.9953855936263,112.4,1405.0,868.9953855936263,0,0.23173210282496703
2024-07-03 23:30:00+00:00,400.0,0.25,50.0,868.9373749438618,868.9373749438618,112.4,1405.0,868.9373749438618,0,0.23171663331836312
2024-07-03 23:45:00+00:00,400.0,0.25,50.0,869.5482265327231,869.5482265327231,101.76,1272.0,869.5482265327231,0,0.23187952707539283
2024-07-04 00:00:00+00:00,400.0,0.25,50.0,869.5300915489702,869.5300915489702,101.76,1272.0,869.5300915489702,0,0.23187469107972536
2024-07-04 00:15:00+00:00,400.0,0.25,50.0,1201.700610836877,1201.700610836877,132.07,1650.875,1201.700610836877,0,0.3204534962231672
2024-07-04 00:30:00+00:00,400.0,0.25,50.0,1201.7265649101712,1201.7265649101712,132.07,1650.875,1201.7265649101712,0,0.320460417309379
2024-07-04 00:45:00+00:00,400.0,0.25,50.0,1201.7857070337952,1201.7857070337952,132.07,1650.875,1201.7857070337952,0,0.3204761885423454
2024-07-04 01:00:00+00:00,400.0,0.25,50.0,1201.7857070337952,1201.7857070337952,132.07,1650.875,1201.7857070337952,0,0.3204761885423454
2024-07-04 01:15:00+00:00,400.0,0.25,50.0,1232.1649029261157,1232.1649029261157,137.76,1722.0,1232.1649029261157,0,0.32857730744696423
2024-07-04 01:30:00+00:00,400.0,0.25,50.0,1232.1004229534385,1232.1004229534385,148.4,1855.0,1232.1004229534385,0,0.32856011278758357
2024-07-04 01:45:00+00:00,400.0,0.25,50.0,1231.9931742809667,1231.9931742809667,148.4,1855.0,1231.9931742809667,0,0.3285315131415911
2024-07-04 02:00:00+00:00,400.0,0.25,50.0,1231.9931742809667,1231.9931742809667,148.4,1855.0,1231.9931742809667,0,0.3285315131415911
2024-07-04 02:15:00+00:00,400.0,0.25,50.0,1220.8280403986664,1220.8280403986664,144.4,1805.0,1220.8280403986664,0,0.325554144106311
2024-07-04 02:30:00+00:00,400.0,0.25,50.0,1220.8595177087805,1220.8595177087805,144.4,1805.0,1220.8595177087805,0,0.3255625380556748
2024-07-04 02:45:00+00:00,400.0,0.25,50.0,1220.7952786527226,1220.7952786527226,133.76,1672.0,1220.7952786527226,0,0.32554540764072604
2024-07-04 03:00:00+00:00,400.0,0.25,50.0,1220.5383362473613,1220.5383362473613,152.36,1904.5000000000002,1220.5383362473613,0,0.325476889665963
2024-07-04 03:15:00+00:00,400.0,0.25,50.0,1016.1296450737357,1016.1296450737357,173.33,2166.625,1016.1296450737357,0,0.2709679053529962
2024-07-04 03:30:00+00:00,400.0,0.25,50.0,1016.1493383077906,1016.1493383077906,173.33,2166.625,1016.1493383077906,0,0.27097315688207746
2024-07-04 03:45:00+00:00,400.0,0.25,50.0,1016.2084191524369,1016.2084191524369,173.33,2166.625,1016.2084191524369,0,0.2709889117739832
2024-07-04 04:00:00+00:00,400.0,0.25,50.0,1016.2296886760181,1016.2296886760181,173.33,2166.625,1016.2296886760181,0,0.2709945836469382
2024-07-04 04:15:00+00:00,400.0,0.25,50.0,511.0144316357543,511.0144316357543,107.07,1338.375,511.0144316357543,0,0.1362705151028678
2024-07-04 04:30:00+00:00,400.0,0.25,50.0,964.4899460989416,964.4899460989416,107.07,1338.375,964.4899460989416,0,0.25719731895971776
2024-07-04 04:45:00+00:00,400.0,0.25,50.0,827.6084334966862,827.6084334966862,70.89,886.125,827.6084334966862,0,0.220695582265783
2024-07-04 05:00:00+00:00,400.0,0.25,50.0,711.9849508580131,711.9849508580131,107.07,1338.375,711.9849508580131,0,0.18986265356213683
2024-07-04 05:15:00+00:00,400.0,0.25,50.0,774.1785761516848,774.1785761516848,103.36,1292.0,774.1785761516848,0,0.20644762030711594
2024-07-04 05:30:00+00:00,400.0,0.25,50.0,774.1785761516848,774.1785761516848,120.94,1511.75,774.1785761516848,0,0.20644762030711594
2024-07-04 05:45:00+00:00,400.0,0.25,50.0,774.1955391488658,774.1955391488658,120.94,1511.75,774.1955391488658,0,0.2064521437730309
2024-07-04 06:00:00+00:00,400.0,0.25,50.0,817.2429613646528,817.2429613646528,120.94,1511.75,817.2429613646528,0,0.21793145636390743
2024-07-04 06:15:00+00:00,400.0,0.25,50.0,870.49593313525,870.49593313525,34.8,434.99999999999994,434.99999999999994,1,0.23213224883606665
2024-07-04 06:30:00+00:00,400.0,0.25,50.0,871.493015513623,871.493015513623,34.8,434.99999999999994,434.99999999999994,1,0.23239813747029947
2024-07-04 06:45:00+00:00,400.0,0.25,50.0,872.6806125366471,872.6806125366471,34.8,434.99999999999994,434.99999999999994,1,0.23271483000977256
2024-07-04 07:00:00+00:00,400.0,0.25,50.0,872.5657734463113,872.5657734463113,131.59,1644.875,872.5657734463113,0,0.23268420625234965
2024-07-04 07:15:00+00:00,400.0,0.25,50.0,1362.7557591966086,1362.7557591966086,119.53,1494.125,1362.7557591966086,0,0.3634015357857623
2024-07-04 07:30:00+00:00,400.0,0.25,50.0,910.5010242814892,910.5010242814892,227.75,2846.875,910.5010242814892,0,0.24280027314173047
2024-07-04 07:45:00+00:00,400.0,0.25,50.0,1187.2067178880525,1187.2067178880525,227.75,2846.875,1187.2067178880525,0,0.3165884581034807
2024-07-04 08:00:00+00:00,400.0,0.25,50.0,1262.3554153407306,1262.3554153407306,227.75,2846.875,1262.3554153407306,0,0.3366281107575282
2024-07-04 08:15:00+00:00,400.0,0.25,50.0,1238.7632333179872,1238.7632333179872,304.16,3802.0000000000005,1238.7632333179872,0,0.33033686221812997
2024-07-04 08:30:00+00:00,400.0,0.25,50.0,1289.6290414635787,1289.6290414635787,304.16,3802.0000000000005,1289.6290414635787,0,0.343901077723621
2024-07-04 08:45:00+00:00,400.0,0.25,50.0,1735.6585406338443,1735.6585406338443,304.16,3802.0000000000005,1735.6585406338443,0,0.4628422775023585
2024-07-04 09:00:00+00:00,400.0,0.25,50.0,1735.729387199131,1735.729387199131,304.16,3802.0000000000005,1735.729387199131,0,0.4628611699197682
2024-07-04 09:15:00+00:00,400.0,0.25,50.0,1281.9310908247114,1281.9310908247114,260.16,3252.0000000000005,1281.9310908247114,0,0.34184829088658975
2024-07-04 09:30:00+00:00,400.0,0.25,50.0,1036.466472362021,1036.466472362021,260.16,3252.0000000000005,1036.466472362021,0,0.27639105929653895
2024-07-04 09:45:00+00:00,400.0,0.25,50.0,981.3563971173049,981.3563971173049,260.16,3252.0000000000005,981.3563971173049,0,0.26169503923128135
2024-07-04 10:00:00+00:00,400.0,0.25,50.0,979.7875111158742,979.7875111158742,260.16,3252.0000000000005,979.7875111158742,0,0.2612766696308998
2024-07-04 10:15:00+00:00,400.0,0.25,50.0,1572.6581591913493,1572.6581591913493,275.15,3439.3749999999995,1572.6581591913493,0,0.41937550911769317
2024-07-04 10:30:00+00:00,400.0,0.25,50.0,1572.6116945441404,1572.6116945441404,275.15,3439.3749999999995,1572.6116945441404,0,0.4193631185451041
2024-07-04 10:45:00+00:00,400.0,0.25,50.0,1572.588462332979,1572.588462332979,275.15,3439.3749999999995,1572.588462332979,0,0.41935692328879437
2024-07-04 11:00:00+00:00,400.0,0.25,50.0,1572.588462332979,1572.588462332979,275.15,3439.3749999999995,1572.588462332979,0,0.41935692328879437
2024-07-04 11:15:00+00:00,400.0,0.25,50.0,1583.2823614496056,1583.2823614496056,273.39,3417.375,1583.2823614496056,0,0.4222086297198948
2024-07-04 11:30:00+00:00,400.0,0.25,50.0,1583.2823614496056,1583.2823614496056,273.4,3417.4999999999995,1583.2823614496056,0,0.4222086297198948
2024-07-04 11:45:00+00:00,400.0,0.25,50.0,1583.3754262846114,1583.3754262846114,273.4,3417.4999999999995,1583.3754262846114,0,0.4222334470092297
2024-07-04 12:00:00+00:00,400.0,0.25,50.0,1575.4378207979692,1575.4378207979692,273.4,3417.4999999999995,1575.4378207979692,0,0.42011675221279177
2024-07-04 12:15:00+00:00,400.0,0.25,50.0,1084.6992494294227,1084.6992494294227,278.17,3477.125,1084.6992494294227,0,0.2892531331811794
2024-07-04 12:30:00+00:00,400.0,0.25,50.0,1580.2985096105556,1580.2985096105556,278.17,3477.125,1580.2985096105556,0,0.42141293589614814
2024-07-04 12:45:00+00:00,400.0,0.25,50.0,1587.413233112403,1587.413233112403,278.17,3477.125,1587.413233112403,0,0.42331019549664084
2024-07-04 13:00:00+00:00,400.0,0.25,50.0,1587.413233112403,1587.413233112403,278.17,3477.125,1587.413233112403,0,0.42331019549664084
2024-07-04 13:15:00+00:00,400.0,0.25,50.0,1025.305741149287,1025.305741149287,312.17,3902.125,1025.305741149287,0,0.27341486430647655
2024-07-04 13:30:00+00:00,400.0,0.25,50.0,1027.9817790934874,1027.9817790934874,312.17,3902.125,1027.9817790934874,0,0.27412847442492994
2024-07-04 13:45:00+00:00,400.0,0.25,50.0,1000.2587059735977,1000.2587059735977,312.17,3902.125,1000.2587059735977,0,0.2667356549262927
2024-07-04 14:00:00+00:00,400.0,0.25,50.0,1093.9357422898074,1093.9357422898074,312.17,3902.125,1093.9357422898074,0,0.29171619794394865
2024-07-04 14:15:00+00:00,400.0,0.25,50.0,1109.3862865479698,1109.3862865479698,256.56,3207.0,1109.3862865479698,0,0.2958363430794586
2024-07-04 14:30:00+00:00,400.0,0.25,50.0,949.7775082653764,949.7775082653764,256.56,3207.0,949.7775082653764,0,0.25327400220410035
2024-07-04 14:45:00+00:00,400.0,0.25,50.0,1402.2739191186108,1402.2739191186108,256.55,3206.875,1402.2739191186108,0,0.3739397117649629
2024-07-04 15:00:00+00:00,400.0,0.25,50.0,1402.0748094629487,1402.0748094629487,256.55,3206.875,1402.0748094629487,0,0.3738866158567863
2024-07-04 15:15:00+00:00,400.0,0.25,50.0,963.3202757305329,963.3202757305329,218.95,2736.875,963.3202757305329,0,0.25688540686147543
2024-07-04 15:30:00+00:00,400.0,0.25,50.0,963.3202757305329,963.3202757305329,218.95,2736.875,963.3202757305329,0,0.25688540686147543
2024-07-04 15:45:00+00:00,400.0,0.25,50.0,905.5958603913201,905.5958603913201,218.95,2736.875,905.5958603913201,0,0.24149222943768534
2024-07-04 16:00:00+00:00,400.0,0.25,50.0,1102.430749755025,1102.430749755025,218.95,2736.875,1102.430749755025,0,0.2939815332680067
2024-07-04 16:15:00+00:00,400.0,0.25,50.0,317.82250977774623,317.82250977774623,101.45,1268.125,317.82250977774623,0,0.08475266927406566
2024-07-04 16:30:00+00:00,400.0,0.25,50.0,317.618547972006,317.618547972006,101.45,1268.125,317.618547972006,0,0.08469827945920161
2024-07-04 16:45:00+00:00,400.0,0.25,50.0,758.628706452943,758.628706452943,34.8,434.99999999999994,434.99999999999994,1,0.20230098838745147
2024-07-04 17:00:00+00:00,400.0,0.25,50.0,519.8360410766137,519.8360410766137,34.8,434.99999999999994,434.99999999999994,1,0.13862294428709698
2024-07-04 17:15:00+00:00,400.0,0.25,50.0,354.78580889603097,354.78580889603097,34.8,434.99999999999994,354.78580889603097,0,0.09460954903894159
2024-07-04 17:30:00+00:00,400.0,0.25,50.0,272.20853006697325,272.20853006697325,34.8,434.99999999999994,272.20853006697325,0,0.07258894135119287
2024-07-04 17:45:00+00:00,400.0,0.25,50.0,234.19117930276374,234.19117930276374,34.8,434.99999999999994,234.19117930276374,0,0.06245098114740366
2024-07-04 18:00:00+00:00,400.0,0.25,50.0,187.92471295388648,187.92471295388648,34.8,434.99999999999994,187.92471295388648,0,0.050113256787703064
2024-07-04 18:15:00+00:00,400.0,0.25,50.0,228.02017451158494,228.02017451158494,34.8,434.99999999999994,228.02017451158494,0,0.06080537986975598
2024-07-04 18:30:00+00:00,400.0,0.25,50.0,243.40019764511612,243.40019764511612,34.8,434.99999999999994,243.40019764511612,0,0.06490671937203096
2024-07-04 18:45:00+00:00,400.0,0.25,50.0,250.6075160509243,250.6075160509243,14.47,180.875,180.875,1,0.06682867094691314
2024-07-04 19:00:00+00:00,400.0,0.25,50.0,243.40019764511612,243.40019764511612,14.46,180.75,180.75,1,0.06490671937203096
2024-07-04 19:15:00+00:00,400.0,0.25,50.0,521.8611992646338,521.8611992646338,34.8,434.99999999999994,434.99999999999994,1,0.13916298647056902
2024-07-04 19:30:00+00:00,400.0,0.25,50.0,521.6362657071185,521.6362657071185,34.8,434.99999999999994,434.99999999999994,1,0.13910300418856492
2024-07-04 19:45:00+00:00,400.0,0.25,50.0,532.0079390114546,532.0079390114546,70.89,886.125,532.0079390114546,0,0.1418687837363879
2024-07-04 20:00:00+00:00,400.0,0.25,50.0,524.8363238454981,524.8363238454981,34.8,434.99999999999994,434.99999999999994,1,0.13995635302546616
2024-07-04 20:15:00+00:00,400.0,0.25,50.0,920.0765136567844,920.0765136567844,34.8,434.99999999999994,434.99999999999994,1,0.2453537369751425
2024-07-04 20:30:00+00:00,400.0,0.25,50.0,920.0765136567844,920.0765136567844,109.32,1366.5,920.0765136567844,0,0.2453537369751425
2024-07-04 20:45:00+00:00,400.0,0.25,50.0,700.3909401449893,700.3909401449893,109.32,1366.5,700.3909401449893,0,0.18677091737199714
2024-07-04 21:00:00+00:00,400.0,0.25,50.0,702.3907418222225,702.3907418222225,109.32,1366.5,702.3907418222225,0,0.18730419781925933
2024-07-04 21:15:00+00:00,400.0,0.25,50.0,904.4312388601301,904.4312388601301,160.02,2000.2500000000002,904.4312388601301,0,0.24118166369603466
2024-07-04 21:30:00+00:00,400.0,0.25,50.0,905.6653657411719,905.6653657411719,106.33,1329.125,905.6653657411719,0,0.24151076419764583
2024-07-04 21:45:00+00:00,400.0,0.25,50.0,905.7210036224882,905.7210036224882,106.33,1329.125,905.7210036224882,0,0.24152560096599685
2024-07-04 22:00:00+00:00,400.0,0.25,50.0,906.2906568086248,906.2906568086248,101.76,1272.0,906.2906568086248,0,0.24167750848229996
2024-07-04 22:15:00+00:00,400.0,0.25,50.0,1059.1593633590549,1059.1593633590549,110.63,1382.875,1059.1593633590549,0,0.28244249689574796
2024-07-04 22:30:00+00:00,400.0,0.25,50.0,879.8186160610744,879.8186160610744,85.39,1067.375,879.8186160610744,0,0.2346182976162865
2024-07-04 22:45:00+00:00,400.0,0.25,50.0,1059.1593633590549,1059.1593633590549,85.39,1067.375,1059.1593633590549,0,0.28244249689574796
2024-07-04 23:00:00+00:00,400.0,0.25,50.0,774.6294290547592,774.6294290547592,110.63,1382.875,774.6294290547592,0,0.2065678477479358
2024-07-04 23:15:00+00:00,400.0,0.25,50.0,1084.674791631199,1084.674791631199,188.15,2351.875,1084.674791631199,0,0.28924661110165306
2024-07-04 23:30:00+00:00,400.0,0.25,50.0,1090.1448867445931,1090.1448867445931,188.15,2351.875,1090.1448867445931,0,0.29070530313189147
2024-07-04 23:45:00+00:00,400.0,0.25,50.0,1062.5722609505128,1062.5722609505128,188.15,2351.875,1062.5722609505128,0,0.28335260292013675
2024-07-05 00:00:00+00:00,400.0,0.25,50.0,1040.3710904949182,1040.3710904949182,188.15,2351.875,1040.3710904949182,0,0.27743229079864484
2024-07-05 00:15:00+00:00,400.0,0.25,50.0,1016.3890602512616,1016.3890602512616,190.15,2376.875,1016.3890602512616,0,0.2710370827336698
2024-07-05 00:30:00+00:00,400.0,0.25,50.0,1017.0948774539379,1017.0948774539379,190.15,2376.875,1017.0948774539379,0,0.27122530065438344
2024-07-05 00:45:00+00:00,400.0,0.25,50.0,1067.5294808491517,1067.5294808491517,190.15,2376.875,1067.5294808491517,0,0.28467452822644046
2024-07-05 01:00:00+00:00,400.0,0.25,50.0,1078.7232304474755,1078.7232304474755,190.15,2376.875,1078.7232304474755,0,0.2876595281193268
2024-07-05 01:15:00+00:00,400.0,0.25,50.0,1079.5168809090637,1079.5168809090637,186.15,2326.875,1079.5168809090637,0,0.287871168242417
2024-07-05 01:30:00+00:00,400.0,0.25,50.0,1079.5168809090637,1079.5168809090637,186.15,2326.875,1079.5168809090637,0,0.287871168242417
2024-07-05 01:45:00+00:00,400.0,0.25,50.0,1124.4253970935333,1124.4253970935333,186.15,2326.875,1124.4253970935333,0,0.2998467725582755
2024-07-05 02:00:00+00:00,400.0,0.25,50.0,1113.0128513087345,1113.0128513087345,186.15,2326.875,1113.0128513087345,0,0.29680342701566254
2024-07-05 02:15:00+00:00,400.0,0.25,50.0,1229.5018751195198,1229.5018751195198,194.15,2426.875,1229.5018751195198,0,0.32786716669853866
2024-07-05 02:30:00+00:00,400.0,0.25,50.0,1229.5018751195198,1229.5018751195198,194.15,2426.875,1229.5018751195198,0,0.32786716669853866
2024-07-05 02:45:00+00:00,400.0,0.25,50.0,1229.650484164612,1229.650484164612,194.15,2426.875,1229.650484164612,0,0.3279067957772298
2024-07-05 03:00:00+00:00,400.0,0.25,50.0,1229.5757492277332,1229.5757492277332,194.15,2426.875,1229.5757492277332,0,0.32788686646072884
2024-07-05 03:15:00+00:00,400.0,0.25,50.0,955.0818726349064,955.0818726349064,186.15,2326.875,955.0818726349064,0,0.2546884993693084
2024-07-05 03:30:00+00:00,400.0,0.25,50.0,1227.338711570162,1227.338711570162,186.15,2326.875,1227.338711570162,0,0.32729032308537653
2024-07-05 03:45:00+00:00,400.0,0.25,50.0,1225.3674455626317,1225.3674455626317,186.15,2326.875,1225.3674455626317,0,0.32676465215003514
2024-07-05 04:00:00+00:00,400.0,0.25,50.0,1225.2201189344805,1225.2201189344805,207.07,2588.375,1225.2201189344805,0,0.3267253650491948
2024-07-05 04:15:00+00:00,400.0,0.25,50.0,973.4122720660904,973.4122720660904,105.07,1313.375,973.4122720660904,0,0.25957660588429077
2024-07-05 04:30:00+00:00,400.0,0.25,50.0,904.264879250816,904.264879250816,85.15,1064.375,904.264879250816,0,0.24113730113355092
2024-07-05 04:45:00+00:00,400.0,0.25,50.0,753.4315927707166,753.4315927707166,65.21,815.1249999999999,753.4315927707166,0,0.20091509140552444
2024-07-05 05:00:00+00:00,400.0,0.25,50.0,752.9656846007274,752.9656846007274,105.07,1313.375,752.9656846007274,0,0.20079084922686063
2024-07-05 05:15:00+00:00,400.0,0.25,50.0,925.3711244219346,925.3711244219346,216.09,2701.125,925.3711244219346,0,0.24676563317918254
2024-07-05 05:30:00+00:00,400.0,0.25,50.0,924.7485199759066,924.7485199759066,216.09,2701.125,924.7485199759066,0,0.2465996053269084
2024-07-05 05:45:00+00:00,400.0,0.25,50.0,925.1236690306342,925.1236690306342,216.09,2701.125,925.1236690306342,0,0.24669964507483577
2024-07-05 06:00:00+00:00,400.0,0.25,50.0,925.5540653240665,925.5540653240665,216.09,2701.125,925.5540653240665,0,0.24681441741975108
2024-07-05 06:15:00+00:00,400.0,0.25,50.0,1413.1588543010018,1413.1588543010018,260.15,3251.8749999999995,1413.1588543010018,0,0.3768423611469338
2024-07-05 06:30:00+00:00,400.0,0.25,50.0,1414.4458157328431,1414.4458157328431,260.15,3251.8749999999995,1414.4458157328431,0,0.3771855508620915
2024-07-05 06:45:00+00:00,400.0,0.25,50.0,1080.0837912156137,1080.0837912156137,261.15,3264.3749999999995,1080.0837912156137,0,0.2880223443241636
2024-07-05 07:00:00+00:00,400.0,0.25,50.0,940.1655371545284,940.1655371545284,261.15,3264.3749999999995,940.1655371545284,0,0.2507108099078742
2024-07-05 07:15:00+00:00,400.0,0.25,50.0,2251.3922500268227,2251.3922500268227,411.15,5139.375,2251.3922500268227,0,0.6003712666738193
2024-07-05 07:30:00+00:00,400.0,0.25,50.0,1065.938856712915,1065.938856712915,411.15,5139.375,1065.938856712915,0,0.28425036179011065
2024-07-05 07:45:00+00:00,400.0,0.25,50.0,2258.8026093833028,2258.8026093833028,1000.0,12500.0,2258.8026093833028,0,0.602347362502214
2024-07-05 08:00:00+00:00,400.0,0.25,50.0,2260.904301414644,2260.904301414644,1000.0,12500.0,2260.904301414644,0,0.6029078137105718
2024-07-05 08:15:00+00:00,400.0,0.25,50.0,2826.2313138882096,2826.2313138882096,1000.0,12500.0,2826.2313138882096,0,0.7536616837035226
2024-07-05 08:30:00+00:00,400.0,0.25,50.0,2826.1750786780285,2826.1750786780285,1000.0,12500.0,2826.1750786780285,0,0.7536466876474743
2024-07-05 08:45:00+00:00,400.0,0.25,50.0,2826.287547263426,2826.287547263426,1000.0,12500.0,2826.287547263426,0,0.753676679270247
2024-07-05 09:00:00+00:00,400.0,0.25,50.0,2826.2313138882096,2826.2313138882096,1000.0,12500.0,2826.2313138882096,0,0.7536616837035226
2024-07-05 09:15:00+00:00,400.0,0.25,50.0,2858.3936748653264,2858.3936748653264,1000.0,12500.0,2858.3936748653264,0,0.7622383132974203
2024-07-05 09:30:00+00:00,400.0,0.25,50.0,2862.627302329687,2862.627302329687,1000.0,12500.0,2862.627302329687,0,0.7633672806212499
2024-07-05 09:45:00+00:00,400.0,0.25,50.0,2862.283575179935,2862.283575179935,1000.0,12500.0,2862.283575179935,0,0.7632756200479826
2024-07-05 10:00:00+00:00,400.0,0.25,50.0,2862.283575179935,2862.283575179935,1000.0,12500.0,2862.283575179935,0,0.7632756200479826
2024-07-05 10:15:00+00:00,400.0,0.25,50.0,2861.114832620713,2861.114832620713,1000.0,12500.0,2861.114832620713,0,0.7629639553655234
2024-07-05 10:30:00+00:00,400.0,0.25,50.0,2860.624806761606,2860.624806761606,1000.0,12500.0,2860.624806761606,0,0.762833281803095
2024-07-05 10:45:00+00:00,400.0,0.25,50.0,2860.624806761606,2860.624806761606,1000.0,12500.0,2860.624806761606,0,0.762833281803095
2024-07-05 11:00:00+00:00,400.0,0.25,50.0,2860.606443972836,2860.606443972836,1000.0,12500.0,2860.606443972836,0,0.762828385059423
2024-07-05 11:15:00+00:00,400.0,0.25,50.0,2901.4601129205807,2901.4601129205807,1000.0,12500.0,2901.4601129205807,0,0.7737226967788216
2024-07-05 11:30:00+00:00,400.0,0.25,50.0,2901.404122482728,2901.404122482728,1000.0,12500.0,2901.404122482728,0,0.7737077659953941
2024-07-05 11:45:00+00:00,400.0,0.25,50.0,2902.036710846029,2902.036710846029,1000.0,12500.0,2902.036710846029,0,0.7738764562256077
2024-07-05 12:00:00+00:00,400.0,0.25,50.0,2903.0021590829033,2903.0021590829033,1000.0,12500.0,2903.0021590829033,0,0.7741339090887742
2024-07-05 12:15:00+00:00,400.0,0.25,50.0,2871.0980427713357,2871.0980427713357,1000.0,12500.0,2871.0980427713357,0,0.7656261447390229
2024-07-05 12:30:00+00:00,400.0,0.25,50.0,2870.98858018268,2870.98858018268,1000.0,12500.0,2870.98858018268,0,0.7655969547153814
2024-07-05 12:45:00+00:00,400.0,0.25,50.0,2870.0145785399422,2870.0145785399422,1000.0,12500.0,2870.0145785399422,0,0.7653372209439846
2024-07-05 13:00:00+00:00,400.0,0.25,50.0,1987.1854313506194,1987.1854313506194,1000.0,12500.0,1987.1854313506194,0,0.5299161150268319
2024-07-05 13:15:00+00:00,400.0,0.25,50.0,2056.4441864178225,2056.4441864178225,1000.0,12500.0,2056.4441864178225,0,0.548385116378086
2024-07-05 13:30:00+00:00,400.0,0.25,50.0,2056.420642630405,2056.420642630405,1000.0,12500.0,2056.420642630405,0,0.5483788380347747
2024-07-05 13:45:00+00:00,400.0,0.25,50.0,2054.4729439604266,2054.4729439604266,1000.0,12500.0,2054.4729439604266,0,0.5478594517227804
2024-07-05 14:00:00+00:00,400.0,0.25,50.0,2056.420642630405,2056.420642630405,1000.0,12500.0,2056.420642630405,0,0.5483788380347747
2024-07-05 14:15:00+00:00,400.0,0.25,50.0,1459.6673917921578,1459.6673917921578,1000.0,12500.0,1459.6673917921578,0,0.3892446378112421
2024-07-05 14:30:00+00:00,400.0,0.25,50.0,1459.6445934375024,1459.6445934375024,1000.0,12500.0,1459.6445934375024,0,0.38923855825000064
2024-07-05 14:45:00+00:00,400.0,0.25,50.0,1456.14101484825,1456.14101484825,1000.0,12500.0,1456.14101484825,0,0.3883042706262
2024-07-05 15:00:00+00:00,400.0,0.25,50.0,1453.6810917061896,1453.6810917061896,1000.0,12500.0,1453.6810917061896,0,0.38764829112165056
2024-07-05 15:15:00+00:00,400.0,0.25,50.0,963.3662684184407,963.3662684184407,1000.0,12500.0,963.3662684184407,0,0.25689767157825083
2024-07-05 15:30:00+00:00,400.0,0.25,50.0,1081.7125716116625,1081.7125716116625,1000.0,12500.0,1081.7125716116625,0,0.28845668576311
2024-07-05 15:45:00+00:00,400.0,0.25,50.0,937.3633977898187,937.3633977898187,1000.0,12500.0,937.3633977898187,0,0.24996357274395165
2024-07-05 16:00:00+00:00,400.0,0.25,50.0,935.5898205815262,935.5898205815262,1000.0,12500.0,935.5898205815262,0,0.24949061882174028
2024-07-05 16:15:00+00:00,400.0,0.25,50.0,581.7854922326695,581.7854922326695,1000.0,12500.0,581.7854922326695,0,0.15514279792871188
2024-07-05 16:30:00+00:00,400.0,0.25,50.0,581.8138438919906,581.8138438919906,63.37,792.125,581.8138438919906,0,0.1551503583711975
2024-07-05 16:45:00+00:00,400.0,0.25,50.0,579.6767072668526,579.6767072668526,63.37,792.125,579.6767072668526,0,0.1545804552711607
2024-07-05 17:00:00+00:00,400.0,0.25,50.0,578.2556355896176,578.2556355896176,83.37,1042.125,578.2556355896176,0,0.154201502823898
2024-07-05 17:15:00+00:00,400.0,0.25,50.0,644.4029078039467,644.4029078039467,239.19,2989.875,644.4029078039467,0,0.1718407754143858
2024-07-05 17:30:00+00:00,400.0,0.25,50.0,644.333073846316,644.333073846316,26.25,328.125,328.125,1,0.17182215302568427
2024-07-05 17:45:00+00:00,400.0,0.25,50.0,642.9741686976962,642.9741686976962,26.25,328.125,328.125,1,0.17145977831938564
2024-07-05 18:00:00+00:00,400.0,0.25,50.0,642.3795342993044,642.3795342993044,26.25,328.125,328.125,1,0.17130120914648117
2024-07-05 18:15:00+00:00,400.0,0.25,50.0,228.5647560767523,228.5647560767523,26.25,328.125,228.5647560767523,0,0.06095060162046728
2024-07-05 18:30:00+00:00,400.0,0.25,50.0,228.35052642461983,228.35052642461983,26.25,328.125,228.35052642461983,0,0.06089347371323195
2024-07-05 18:45:00+00:00,400.0,0.25,50.0,225.8032543085081,225.8032543085081,26.25,328.125,225.8032543085081,0,0.0602142011489355
2024-07-05 19:00:00+00:00,400.0,0.25,50.0,228.1356662661743,228.1356662661743,26.25,328.125,228.1356662661743,0,0.06083617767097982
2024-07-05 19:15:00+00:00,400.0,0.25,50.0,430.0679835670492,430.0679835670492,26.25,328.125,328.125,1,0.11468479561787981
2024-07-05 19:30:00+00:00,400.0,0.25,50.0,431.2560291578792,431.2560291578792,26.25,328.125,328.125,1,0.11500160777543444
2024-07-05 19:45:00+00:00,400.0,0.25,50.0,459.17967733339367,459.17967733339367,26.25,328.125,328.125,1,0.12244791395557164
2024-07-05 20:00:00+00:00,400.0,0.25,50.0,459.17967733339367,459.17967733339367,188.54,2356.75,459.17967733339367,0,0.12244791395557164
2024-07-05 20:15:00+00:00,400.0,0.25,50.0,786.6641990319083,786.6641990319083,1000.0,12500.0,786.6641990319083,0,0.2097771197418422
2024-07-05 20:30:00+00:00,400.0,0.25,50.0,787.3789667747485,787.3789667747485,42.45,530.625,530.625,1,0.20996772447326628
2024-07-05 20:45:00+00:00,400.0,0.25,50.0,843.9689418035181,843.9689418035181,26.25,328.125,328.125,1,0.22505838448093818
2024-07-05 21:00:00+00:00,400.0,0.25,50.0,789.5815025634121,789.5815025634121,26.25,328.125,328.125,1,0.2105550673502432
2024-07-05 21:15:00+00:00,400.0,0.25,50.0,869.2570272690771,869.2570272690771,111.15,1389.375,869.2570272690771,0,0.23180187393842056
2024-07-05 21:30:00+00:00,400.0,0.25,50.0,956.7634233862353,956.7634233862353,107.54,1344.25,956.7634233862353,0,0.2551369129029961
2024-07-05 21:45:00+00:00,400.0,0.25,50.0,861.5386597248503,861.5386597248503,111.15,1389.375,861.5386597248503,0,0.22974364259329338
2024-07-05 22:00:00+00:00,400.0,0.25,50.0,856.4009934013903,856.4009934013903,111.15,1389.375,856.4009934013903,0,0.22837359824037073
2024-07-05 22:15:00+00:00,400.0,0.25,50.0,908.6191907707455,908.6191907707455,107.07,1338.375,908.6191907707455,0,0.2422984508721988
2024-07-05 22:30:00+00:00,400.0,0.25,50.0,908.6749270211097,908.6749270211097,107.07,1338.375,908.6749270211097,0,0.24231331387229593
2024-07-05 22:45:00+00:00,400.0,0.25,50.0,910.227739710642,910.227739710642,107.07,1338.375,910.227739710642,0,0.2427273972561712
2024-07-05 23:00:00+00:00,400.0,0.25,50.0,903.8443855525578,903.8443855525578,107.07,1338.375,903.8443855525578,0,0.2410251694806821
2024-07-05 23:15:00+00:00,400.0,0.25,50.0,1276.8833754927607,1276.8833754927607,185.83,2322.875,1276.8833754927607,0,0.3405022334647362
2024-07-05 23:30:00+00:00,400.0,0.25,50.0,1281.411838371985,1281.411838371985,185.83,2322.875,1281.411838371985,0,0.34170982356586266
2024-07-05 23:45:00+00:00,400.0,0.25,50.0,1281.7610721990093,1281.7610721990093,163.95,2049.375,1281.7610721990093,0,0.3418029525864025
2024-07-06 00:00:00+00:00,400.0,0.25,50.0,1281.6530241256387,1281.6530241256387,163.95,2049.375,1281.6530241256387,0,0.341774139766837
2024-07-06 00:15:00+00:00,400.0,0.25,50.0,1272.7199365651697,1272.7199365651697,196.73,2459.125,1272.7199365651697,0,0.3393919830840453
2024-07-06 00:30:00+00:00,400.0,0.25,50.0,1265.1508196522136,1265.1508196522136,196.73,2459.125,1265.1508196522136,0,0.33737355190725693
2024-07-06 00:45:00+00:00,400.0,0.25,50.0,1265.172539051487,1265.172539051487,196.73,2459.125,1265.172539051487,0,0.33737934374706324
2024-07-06 01:00:00+00:00,400.0,0.25,50.0,1265.172539051487,1265.172539051487,196.73,2459.125,1265.172539051487,0,0.33737934374706324
2024-07-06 01:15:00+00:00,400.0,0.25,50.0,1255.3345600557702,1255.3345600557702,195.63,2445.375,1255.3345600557702,0,0.3347558826815388
2024-07-06 01:30:00+00:00,400.0,0.25,50.0,1265.7480424964194,1265.7480424964194,195.63,2445.375,1265.7480424964194,0,0.33753281133237856
2024-07-06 01:45:00+00:00,400.0,0.25,50.0,1265.747825263444,1265.747825263444,195.63,2445.375,1265.747825263444,0,0.337532753403585
2024-07-06 02:00:00+00:00,400.0,0.25,50.0,1265.747825263444,1265.747825263444,223.28,2791.0,1265.747825263444,0,0.337532753403585
2024-07-06 02:15:00+00:00,400.0,0.25,50.0,1247.2312438858073,1247.2312438858073,253.06,3163.25,1247.2312438858073,0,0.33259499836954864
2024-07-06 02:30:00+00:00,400.0,0.25,50.0,1246.253211418535,1246.253211418535,253.06,3163.25,1246.253211418535,0,0.33233418971160933
2024-07-06 02:45:00+00:00,400.0,0.25,50.0,1246.7133605882766,1246.7133605882766,253.06,3163.25,1246.7133605882766,0,0.3324568961568738
2024-07-06 03:00:00+00:00,400.0,0.25,50.0,1247.2528422048665,1247.2528422048665,253.06,3163.25,1247.2528422048665,0,0.33260075792129773
2024-07-06 03:15:00+00:00,400.0,0.25,50.0,1141.991708558353,1141.991708558353,1000.0,12500.0,1141.991708558353,0,0.30453112228222745
2024-07-06 03:30:00+00:00,400.0,0.25,50.0,1144.18987164477,1144.18987164477,1000.0,12500.0,1144.18987164477,0,0.30511729910527197
2024-07-06 03:45:00+00:00,400.0,0.25,50.0,1144.4710754404214,1144.4710754404214,1000.0,12500.0,1144.4710754404214,0,0.30519228678411237
2024-07-06 04:00:00+00:00,400.0,0.25,50.0,1148.2448733477777,1148.2448733477777,1000.0,12500.0,1148.2448733477777,0,0.30619863289274074
2024-07-06 04:15:00+00:00,400.0,0.25,50.0,1136.996818085302,1136.996818085302,1000.0,12500.0,1136.996818085302,0,0.3031991514894139
2024-07-06 04:30:00+00:00,400.0,0.25,50.0,1134.8523562856221,1134.8523562856221,1000.0,12500.0,1134.8523562856221,0,0.30262729500949925
2024-07-06 04:45:00+00:00,400.0,0.25,50.0,1134.8785049320136,1134.8785049320136,1000.0,12500.0,1134.8785049320136,0,0.3026342679818703
2024-07-06 05:00:00+00:00,400.0,0.25,50.0,1134.806700566146,1134.806700566146,258.73,3234.125,1134.806700566146,0,0.30261512015097225
2024-07-06 05:15:00+00:00,400.0,0.25,50.0,1109.043984983243,1109.043984983243,307.04,3838.0000000000005,1109.043984983243,0,0.29574506266219813
2024-07-06 05:30:00+00:00,400.0,0.25,50.0,1109.4833168451767,1109.4833168451767,307.04,3838.0000000000005,1109.4833168451767,0,0.29586221782538047
2024-07-06 05:45:00+00:00,400.0,0.25,50.0,1109.085059843486,1109.085059843486,307.04,3838.0000000000005,1109.085059843486,0,0.29575601595826295
2024-07-06 06:00:00+00:00,400.0,0.25,50.0,1109.4831114352644,1109.4831114352644,307.04,3838.0000000000005,1109.4831114352644,0,0.2958621630494038
2024-07-06 06:15:00+00:00,400.0,0.25,50.0,1496.0479549445693,1496.0479549445693,304.57,3807.125,1496.0479549445693,0,0.3989461213185518
2024-07-06 06:30:00+00:00,400.0,0.25,50.0,1496.4372574820643,1496.4372574820643,304.57,3807.125,1496.4372574820643,0,0.3990499353285505
2024-07-06 06:45:00+00:00,400.0,0.25,50.0,1505.5459266156488,1505.5459266156488,304.57,3807.125,1505.5459266156488,0,0.401478913764173
2024-07-06 07:00:00+00:00,400.0,0.25,50.0,1505.851490830678,1505.851490830678,304.57,3807.125,1505.851490830678,0,0.4015603975548474
2024-07-06 07:15:00+00:00,400.0,0.25,50.0,2497.5299892098883,2497.5299892098883,465.21,5815.125,2497.5299892098883,0,0.6660079971226368
2024-07-06 07:30:00+00:00,400.0,0.25,50.0,2488.3321645121655,2488.3321645121655,465.21,5815.125,2488.3321645121655,0,0.6635552438699108
2024-07-06 07:45:00+00:00,400.0,0.25,50.0,2488.3321645121655,2488.3321645121655,465.21,5815.125,2488.3321645121655,0,0.6635552438699108
2024-07-06 08:00:00+00:00,400.0,0.25,50.0,2488.3321645121655,2488.3321645121655,465.21,5815.125,2488.3321645121655,0,0.6635552438699108
2024-07-06 08:15:00+00:00,400.0,0.25,50.0,2898.6914881352122,2898.6914881352122,627.27,7840.875,2898.6914881352122,0,0.7729843968360566
2024-07-06 08:30:00+00:00,400.0,0.25,50.0,2898.6914881352122,2898.6914881352122,627.27,7840.875,2898.6914881352122,0,0.7729843968360566
2024-07-06 08:45:00+00:00,400.0,0.25,50.0,2898.6914881352122,2898.6914881352122,627.27,7840.875,2898.6914881352122,0,0.7729843968360566
2024-07-06 09:00:00+00:00,400.0,0.25,50.0,2898.6914881352122,2898.6914881352122,627.27,7840.875,2898.6914881352122,0,0.7729843968360566
2024-07-06 09:15:00+00:00,400.0,0.25,50.0,3036.432082671813,3036.432082671813,698.67,8733.375,3036.432082671813,0,0.8097152220458168
2024-07-06 09:30:00+00:00,400.0,0.25,50.0,3036.432082671813,3036.432082671813,698.67,8733.375,3036.432082671813,0,0.8097152220458168
2024-07-06 09:45:00+00:00,400.0,0.25,50.0,3036.432082671813,3036.432082671813,698.67,8733.375,3036.432082671813,0,0.8097152220458168
2024-07-06 10:00:00+00:00,400.0,0.25,50.0,3036.432082671813,3036.432082671813,698.67,8733.375,3036.432082671813,0,0.8097152220458168
2024-07-06 10:15:00+00:00,400.0,0.25,50.0,3169.528984803677,3169.528984803677,795.57,9944.625,3169.528984803677,0,0.8452077292809805
2024-07-06 10:30:00+00:00,400.0,0.25,50.0,3169.528984803677,3169.528984803677,795.57,9944.625,3169.528984803677,0,0.8452077292809805
2024-07-06 10:45:00+00:00,400.0,0.25,50.0,3165.029289148045,3165.029289148045,795.57,9944.625,3165.029289148045,0,0.8440078104394786
2024-07-06 11:00:00+00:00,400.0,0.25,50.0,3165.029289148045,3165.029289148045,795.57,9944.625,3165.029289148045,0,0.8440078104394786
2024-07-06 11:15:00+00:00,400.0,0.25,50.0,2891.5932521921077,2891.5932521921077,795.57,9944.625,2891.5932521921077,0,0.7710915339178954
2024-07-06 11:30:00+00:00,400.0,0.25,50.0,2891.5932521921077,2891.5932521921077,795.57,9944.625,2891.5932521921077,0,0.7710915339178954
2024-07-06 11:45:00+00:00,400.0,0.25,50.0,2891.5932521921077,2891.5932521921077,795.57,9944.625,2891.5932521921077,0,0.7710915339178954
2024-07-06 12:00:00+00:00,400.0,0.25,50.0,2891.5932521921077,2891.5932521921077,795.57,9944.625,2891.5932521921077,0,0.7710915339178954
2024-07-06 12:15:00+00:00,400.0,0.25,50.0,3198.6097083774134,3198.6097083774134,795.57,9944.625,3198.6097083774134,0,0.8529625889006436
2024-07-06 12:30:00+00:00,400.0,0.25,50.0,3198.6097083774134,3198.6097083774134,795.57,9944.625,3198.6097083774134,0,0.8529625889006436
2024-07-06 12:45:00+00:00,400.0,0.25,50.0,3198.6097083774134,3198.6097083774134,795.57,9944.625,3198.6097083774134,0,0.8529625889006436
2024-07-06 13:00:00+00:00,400.0,0.25,50.0,3198.6097083774134,3198.6097083774134,795.57,9944.625,3198.6097083774134,0,0.8529625889006436
2024-07-06 13:15:00+00:00,400.0,0.25,50.0,3025.123137198871,3025.123137198871,706.73,8834.125,3025.123137198871,0,0.8066995032530322
2024-07-06 13:30:00+00:00,400.0,0.25,50.0,3025.123137198871,3025.123137198871,706.73,8834.125,3025.123137198871,0,0.8066995032530322
2024-07-06 13:45:00+00:00,400.0,0.25,50.0,3025.123137198871,3025.123137198871,739.47,9243.375,3025.123137198871,0,0.8066995032530322
2024-07-06 14:00:00+00:00,400.0,0.25,50.0,3025.123137198871,3025.123137198871,739.47,9243.375,3025.123137198871,0,0.8066995032530322
2024-07-06 14:15:00+00:00,400.0,0.25,50.0,2866.491006161482,2866.491006161482,617.07,7713.375000000001,2866.491006161482,0,0.7643976016430618
2024-07-06 14:30:00+00:00,400.0,0.25,50.0,2866.491006161482,2866.491006161482,617.07,7713.375000000001,2866.491006161482,0,0.7643976016430618
2024-07-06 14:45:00+00:00,400.0,0.25,50.0,2866.491006161482,2866.491006161482,617.07,7713.375000000001,2866.491006161482,0,0.7643976016430618
2024-07-06 15:00:00+00:00,400.0,0.25,50.0,2866.491006161482,2866.491006161482,617.07,7713.375000000001,2866.491006161482,0,0.7643976016430618
2024-07-06 15:15:00+00:00,400.0,0.25,50.0,1752.8320634009528,1752.8320634009528,563.41,7042.625,1752.8320634009528,0,0.4674218835735874
2024-07-06 15:30:00+00:00,400.0,0.25,50.0,1752.8320634009528,1752.8320634009528,563.41,7042.625,1752.8320634009528,0,0.4674218835735874
2024-07-06 15:45:00+00:00,400.0,0.25,50.0,1752.8320634009528,1752.8320634009528,563.41,7042.625,1752.8320634009528,0,0.4674218835735874
2024-07-06 16:00:00+00:00,400.0,0.25,50.0,1752.8320634009528,1752.8320634009528,563.41,7042.625,1752.8320634009528,0,0.4674218835735874
2024-07-06 16:15:00+00:00,400.0,0.25,50.0,927.9435969992891,927.9435969992891,563.41,7042.625,927.9435969992891,0,0.24745162586647707
2024-07-06 16:30:00+00:00,400.0,0.25,50.0,926.6485059863189,926.6485059863189,290.3,3628.75,926.6485059863189,0,0.2471062682630184
2024-07-06 16:45:00+00:00,400.0,0.25,50.0,923.9305589413016,923.9305589413016,290.3,3628.75,923.9305589413016,0,0.2463814823843471
2024-07-06 17:00:00+00:00,400.0,0.25,50.0,920.3759562971101,920.3759562971101,290.3,3628.75,920.3759562971101,0,0.24543358834589601
2024-07-06 17:15:00+00:00,400.0,0.25,50.0,1053.6537839002829,1053.6537839002829,1000.0,12500.0,1053.6537839002829,0,0.2809743423734088
2024-07-06 17:30:00+00:00,400.0,0.25,50.0,1053.8095549559455,1053.8095549559455,1000.0,12500.0,1053.8095549559455,0,0.2810158813215855
2024-07-06 17:45:00+00:00,400.0,0.25,50.0,1053.0939420122656,1053.0939420122656,1000.0,12500.0,1053.0939420122656,0,0.28082505120327084
2024-07-06 18:00:00+00:00,400.0,0.25,50.0,1049.070252355992,1049.070252355992,1000.0,12500.0,1049.070252355992,0,0.2797520672949312
2024-07-06 18:15:00+00:00,400.0,0.25,50.0,776.0587851219497,776.0587851219497,1000.0,12500.0,776.0587851219497,0,0.20694900936585325
2024-07-06 18:30:00+00:00,400.0,0.25,50.0,779.3524939764468,779.3524939764468,1000.0,12500.0,779.3524939764468,0,0.20782733172705248
2024-07-06 18:45:00+00:00,400.0,0.25,50.0,779.5403466410019,779.5403466410019,1000.0,12500.0,779.5403466410019,0,0.20787742577093382
2024-07-06 19:00:00+00:00,400.0,0.25,50.0,779.7772868953564,779.7772868953564,1000.0,12500.0,779.7772868953564,0,0.20794060983876173
2024-07-06 19:15:00+00:00,400.0,0.25,50.0,725.0099421077559,725.0099421077559,1000.0,12500.0,725.0099421077559,0,0.19333598456206824
2024-07-06 19:30:00+00:00,400.0,0.25,50.0,725.3486754904283,725.3486754904283,1000.0,12500.0,725.3486754904283,0,0.1934263134641142
2024-07-06 19:45:00+00:00,400.0,0.25,50.0,725.3486754904283,725.3486754904283,1000.0,12500.0,725.3486754904283,0,0.1934263134641142
2024-07-06 20:00:00+00:00,400.0,0.25,50.0,726.2108666553427,726.2108666553427,1000.0,12500.0,726.2108666553427,0,0.19365623110809138
2024-07-06 20:15:00+00:00,400.0,0.25,50.0,752.390660208507,752.390660208507,1000.0,12500.0,752.390660208507,0,0.2006375093889352
2024-07-06 20:30:00+00:00,400.0,0.25,50.0,753.2926833964668,753.2926833964668,1000.0,12500.0,753.2926833964668,0,0.20087804890572447
2024-07-06 20:45:00+00:00,400.0,0.25,50.0,756.7313721561267,756.7313721561267,1000.0,12500.0,756.7313721561267,0,0.20179503257496711
2024-07-06 21:00:00+00:00,400.0,0.25,50.0,757.2669777467196,757.2669777467196,1000.0,12500.0,757.2669777467196,0,0.20193786073245856
2024-07-06 21:15:00+00:00,400.0,0.25,50.0,1189.1244451629234,1189.1244451629234,1000.0,12500.0,1189.1244451629234,0,0.31709985204344626
2024-07-06 21:30:00+00:00,400.0,0.25,50.0,1189.1456250422789,1189.1456250422789,1000.0,12500.0,1189.1456250422789,0,0.31710550001127435
2024-07-06 21:45:00+00:00,400.0,0.25,50.0,1194.0568773900445,1194.0568773900445,1000.0,12500.0,1194.0568773900445,0,0.31841516730401187
2024-07-06 22:00:00+00:00,400.0,0.25,50.0,1194.6979113195032,1194.6979113195032,260.86,3260.75,1194.6979113195032,0,0.31858610968520085
2024-07-06 22:15:00+00:00,400.0,0.25,50.0,1862.537851062924,1862.537851062924,311.08,3888.5,1862.537851062924,0,0.49667676028344643
2024-07-06 22:30:00+00:00,400.0,0.25,50.0,1862.537851062924,1862.537851062924,311.08,3888.5,1862.537851062924,0,0.49667676028344643
2024-07-06 22:45:00+00:00,400.0,0.25,50.0,1867.2297206249941,1867.2297206249941,311.08,3888.5,1867.2297206249941,0,0.4979279254999984
2024-07-06 23:00:00+00:00,400.0,0.25,50.0,1868.8577356100582,1868.8577356100582,311.08,3888.5,1868.8577356100582,0,0.4983620628293488
2024-07-06 23:15:00+00:00,400.0,0.25,50.0,1654.9994434821201,1654.9994434821201,307.0,3837.5,1654.9994434821201,0,0.4413331849285653
2024-07-06 23:30:00+00:00,400.0,0.25,50.0,1654.9994434821201,1654.9994434821201,307.0,3837.5,1654.9994434821201,0,0.4413331849285653
2024-07-06 23:45:00+00:00,400.0,0.25,50.0,1654.9994434821201,1654.9994434821201,307.0,3837.5,1654.9994434821201,0,0.4413331849285653
2024-07-07 00:00:00+00:00,400.0,0.25,50.0,1654.9994434821201,1654.9994434821201,307.0,3837.5,1654.9994434821201,0,0.4413331849285653
2024-07-07 00:15:00+00:00,400.0,0.25,50.0,1523.6695366876377,1523.6695366876377,292.71,3658.8749999999995,1523.6695366876377,0,0.40631187645003675
2024-07-07 00:30:00+00:00,400.0,0.25,50.0,1523.6695366876377,1523.6695366876377,292.71,3658.8749999999995,1523.6695366876377,0,0.40631187645003675
2024-07-07 00:45:00+00:00,400.0,0.25,50.0,1521.6201878733357,1521.6201878733357,292.71,3658.8749999999995,1521.6201878733357,0,0.4057653834328895
2024-07-07 01:00:00+00:00,400.0,0.25,50.0,1521.6201878733357,1521.6201878733357,292.71,3658.8749999999995,1521.6201878733357,0,0.4057653834328895
2024-07-07 01:15:00+00:00,400.0,0.25,50.0,1621.7676250571074,1621.7676250571074,288.64,3608.0,1621.7676250571074,0,0.43247136668189534
2024-07-07 01:30:00+00:00,400.0,0.25,50.0,1617.14426611975,1617.14426611975,288.64,3608.0,1617.14426611975,0,0.4312384709652667
2024-07-07 01:45:00+00:00,400.0,0.25,50.0,1614.3817773002606,1614.3817773002606,288.64,3608.0,1614.3817773002606,0,0.4305018072800695
2024-07-07 02:00:00+00:00,400.0,0.25,50.0,1579.1046759210144,1579.1046759210144,288.64,3608.0,1579.1046759210144,0,0.42109458024560387
2024-07-07 02:15:00+00:00,400.0,0.25,50.0,1567.2331020170693,1567.2331020170693,286.6,3582.5000000000005,1567.2331020170693,0,0.4179288272045518
2024-07-07 02:30:00+00:00,400.0,0.25,50.0,1578.318697750564,1578.318697750564,286.6,3582.5000000000005,1578.318697750564,0,0.4208849860668171
2024-07-07 02:45:00+00:00,400.0,0.25,50.0,1634.3621922116927,1634.3621922116927,286.6,3582.5000000000005,1634.3621922116927,0,0.4358299179231181
2024-07-07 03:00:00+00:00,400.0,0.25,50.0,1634.3621922116927,1634.3621922116927,286.6,3582.5000000000005,1634.3621922116927,0,0.4358299179231181
2024-07-07 03:15:00+00:00,400.0,0.25,50.0,1591.0459121431516,1591.0459121431516,290.67,3633.375,1591.0459121431516,0,0.4242789099048404
2024-07-07 03:30:00+00:00,400.0,0.25,50.0,1591.139072281196,1591.139072281196,290.67,3633.375,1591.139072281196,0,0.4243037526083189
2024-07-07 03:45:00+00:00,400.0,0.25,50.0,1597.4742576512228,1597.4742576512228,290.67,3633.375,1597.4742576512228,0,0.42599313537365946
2024-07-07 04:00:00+00:00,400.0,0.25,50.0,1597.4742576512228,1597.4742576512228,290.67,3633.375,1597.4742576512228,0,0.42599313537365946
2024-07-07 04:15:00+00:00,400.0,0.25,50.0,1533.4959677354411,1533.4959677354411,290.67,3633.375,1533.4959677354411,0,0.4089322580627843
2024-07-07 04:30:00+00:00,400.0,0.25,50.0,1533.4266748901807,1533.4266748901807,290.67,3633.375,1533.4266748901807,0,0.4089137799707149
2024-07-07 04:45:00+00:00,400.0,0.25,50.0,1533.3804800817416,1533.3804800817416,290.67,3633.375,1533.3804800817416,0,0.40890146135513106
2024-07-07 05:00:00+00:00,400.0,0.25,50.0,1533.3804800817416,1533.3804800817416,290.67,3633.375,1533.3804800817416,0,0.40890146135513106
2024-07-07 05:15:00+00:00,400.0,0.25,50.0,1623.782152169905,1623.782152169905,332.85,4160.625,1623.782152169905,0,0.43300857391197467
2024-07-07 05:30:00+00:00,400.0,0.25,50.0,1634.9465809061194,1634.9465809061194,332.85,4160.625,1634.9465809061194,0,0.4359857549082985
2024-07-07 05:45:00+00:00,400.0,0.25,50.0,1797.9829252803313,1797.9829252803313,332.85,4160.625,1797.9829252803313,0,0.4794621134080883
2024-07-07 06:00:00+00:00,400.0,0.25,50.0,1798.2489313676783,1798.2489313676783,332.85,4160.625,1798.2489313676783,0,0.4795330483647142
2024-07-07 06:15:00+00:00,400.0,0.25,50.0,2284.2602788575,2284.2602788575,379.85,4748.125,2284.2602788575,0,0.609136074362
2024-07-07 06:30:00+00:00,400.0,0.25,50.0,2284.371893289977,2284.371893289977,379.85,4748.125,2284.371893289977,0,0.6091658382106605
2024-07-07 06:45:00+00:00,400.0,0.25,50.0,2284.6711176942244,2284.6711176942244,379.85,4748.125,2284.6711176942244,0,0.6092456313851264
2024-07-07 07:00:00+00:00,400.0,0.25,50.0,2280.7036806084957,2280.7036806084957,379.85,4748.125,2280.7036806084957,0,0.6081876481622654
2024-07-07 07:15:00+00:00,400.0,0.25,50.0,2861.0047845535796,2861.0047845535796,464.07,5800.875,2861.0047845535796,0,0.7629346092142879
2024-07-07 07:30:00+00:00,400.0,0.25,50.0,2861.0047845535796,2861.0047845535796,464.07,5800.875,2861.0047845535796,0,0.7629346092142879
2024-07-07 07:45:00+00:00,400.0,0.25,50.0,2861.0047845535796,2861.0047845535796,464.07,5800.875,2861.0047845535796,0,0.7629346092142879
2024-07-07 08:00:00+00:00,400.0,0.25,50.0,2861.0047845535796,2861.0047845535796,464.07,5800.875,2861.0047845535796,0,0.7629346092142879
2024-07-07 08:15:00+00:00,400.0,0.25,50.0,2971.8723141060564,2971.8723141060564,501.27,6265.875,2971.8723141060564,0,0.792499283761615
2024-07-07 08:30:00+00:00,400.0,0.25,50.0,2977.263858735665,2977.263858735665,501.27,6265.875,2977.263858735665,0,0.7939370289961774
2024-07-07 08:45:00+00:00,400.0,0.25,50.0,2977.263858735665,2977.263858735665,501.27,6265.875,2977.263858735665,0,0.7939370289961774
2024-07-07 09:00:00+00:00,400.0,0.25,50.0,2977.263858735665,2977.263858735665,501.27,6265.875,2977.263858735665,0,0.7939370289961774
2024-07-07 09:15:00+00:00,400.0,0.25,50.0,3024.123285414628,3024.123285414628,515.79,6447.375,3024.123285414628,0,0.8064328761105675
2024-07-07 09:30:00+00:00,400.0,0.25,50.0,3024.123285414628,3024.123285414628,515.79,6447.375,3024.123285414628,0,0.8064328761105675
2024-07-07 09:45:00+00:00,400.0,0.25,50.0,3024.123285414628,3024.123285414628,515.79,6447.375,3024.123285414628,0,0.8064328761105675
2024-07-07 10:00:00+00:00,400.0,0.25,50.0,3024.123285414628,3024.123285414628,515.79,6447.375,3024.123285414628,0,0.8064328761105675
2024-07-07 10:15:00+00:00,400.0,0.25,50.0,2895.164653193667,2895.164653193667,520.19,6502.375000000001,2895.164653193667,0,0.7720439075183112
2024-07-07 10:30:00+00:00,400.0,0.25,50.0,2895.164653193667,2895.164653193667,520.19,6502.375000000001,2895.164653193667,0,0.7720439075183112
2024-07-07 10:45:00+00:00,400.0,0.25,50.0,2895.164653193667,2895.164653193667,520.19,6502.375000000001,2895.164653193667,0,0.7720439075183112
2024-07-07 11:00:00+00:00,400.0,0.25,50.0,2895.164653193667,2895.164653193667,520.19,6502.375000000001,2895.164653193667,0,0.7720439075183112
2024-07-07 11:15:00+00:00,400.0,0.25,50.0,2830.3446081454226,2830.3446081454226,518.29,6478.625,2830.3446081454226,0,0.7547585621721127
2024-07-07 11:30:00+00:00,400.0,0.25,50.0,2830.3446081454226,2830.3446081454226,518.29,6478.625,2830.3446081454226,0,0.7547585621721127
2024-07-07 11:45:00+00:00,400.0,0.25,50.0,2830.3446081454226,2830.3446081454226,518.29,6478.625,2830.3446081454226,0,0.7547585621721127
2024-07-07 12:00:00+00:00,400.0,0.25,50.0,2830.3446081454226,2830.3446081454226,518.29,6478.625,2830.3446081454226,0,0.7547585621721127
2024-07-07 12:15:00+00:00,400.0,0.25,50.0,2037.490851386895,2037.490851386895,509.72,6371.5,2037.490851386895,0,0.543330893703172
2024-07-07 12:30:00+00:00,400.0,0.25,50.0,2030.0017520832089,2030.0017520832089,509.72,6371.5,2030.0017520832089,0,0.5413338005555224
2024-07-07 12:45:00+00:00,400.0,0.25,50.0,2030.0017520832089,2030.0017520832089,509.72,6371.5,2030.0017520832089,0,0.5413338005555224
2024-07-07 13:00:00+00:00,400.0,0.25,50.0,2025.9355067470638,2025.9355067470638,509.72,6371.5,2025.9355067470638,0,0.5402494684658836
2024-07-07 13:15:00+00:00,400.0,0.25,50.0,1440.3153997053146,1440.3153997053146,447.07,5588.375,1440.3153997053146,0,0.3840841065880839
2024-07-07 13:30:00+00:00,400.0,0.25,50.0,1446.6933592673809,1446.6933592673809,447.07,5588.375,1446.6933592673809,0,0.38578489580463493
2024-07-07 13:45:00+00:00,400.0,0.25,50.0,1445.6756389021255,1445.6756389021255,447.07,5588.375,1445.6756389021255,0,0.3855135037072335
2024-07-07 14:00:00+00:00,400.0,0.25,50.0,1440.338109794575,1440.338109794575,447.07,5588.375,1440.338109794575,0,0.38409016261188667
2024-07-07 14:15:00+00:00,400.0,0.25,50.0,1114.7193487808543,1114.7193487808543,331.31,4141.375,1114.7193487808543,0,0.2972584930082278
2024-07-07 14:30:00+00:00,400.0,0.25,50.0,1114.698763519877,1114.698763519877,331.31,4141.375,1114.698763519877,0,0.2972530036053005
2024-07-07 14:45:00+00:00,400.0,0.25,50.0,1112.7312039248445,1112.7312039248445,331.31,4141.375,1112.7312039248445,0,0.29672832104662517
2024-07-07 15:00:00+00:00,400.0,0.25,50.0,1109.0748178894758,1109.0748178894758,331.31,4141.375,1109.0748178894758,0,0.29575328477052687
2024-07-07 15:15:00+00:00,400.0,0.25,50.0,783.7229918360267,783.7229918360267,171.08,2138.5,783.7229918360267,0,0.20899279782294045
2024-07-07 15:30:00+00:00,400.0,0.25,50.0,914.1947436855993,914.1947436855993,171.08,2138.5,914.1947436855993,0,0.2437852649828265
2024-07-07 15:45:00+00:00,400.0,0.25,50.0,782.8833035462685,782.8833035462685,171.08,2138.5,782.8833035462685,0,0.2087688809456716
2024-07-07 16:00:00+00:00,400.0,0.25,50.0,782.8424941392648,782.8424941392648,151.08,1888.5000000000002,782.8424941392648,0,0.20875799843713727
2024-07-07 16:15:00+00:00,400.0,0.25,50.0,731.0734151705548,731.0734151705548,94.61,1182.625,731.0734151705548,0,0.19495291071214793
2024-07-07 16:30:00+00:00,400.0,0.25,50.0,651.2874117297923,651.2874117297923,94.61,1182.625,651.2874117297923,0,0.17367664312794462
2024-07-07 16:45:00+00:00,400.0,0.25,50.0,648.9448214983145,648.9448214983145,94.61,1182.625,648.9448214983145,0,0.1730519523995505
2024-07-07 17:00:00+00:00,400.0,0.25,50.0,648.8135080882114,648.8135080882114,94.61,1182.625,648.8135080882114,0,0.1730169354901897
2024-07-07 17:15:00+00:00,400.0,0.25,50.0,401.0177133458684,401.0177133458684,57.93,724.125,401.0177133458684,0,0.10693805689223157
2024-07-07 17:30:00+00:00,400.0,0.25,50.0,402.1858178343943,402.1858178343943,57.93,724.125,402.1858178343943,0,0.10724955142250514
2024-07-07 17:45:00+00:00,400.0,0.25,50.0,515.1727173060189,515.1727173060189,57.93,724.125,515.1727173060189,0,0.13737939128160503
2024-07-07 18:00:00+00:00,400.0,0.25,50.0,577.1030793769984,577.1030793769984,37.49,468.625,468.625,1,0.1538941545005329
2024-07-07 18:15:00+00:00,400.0,0.25,50.0,362.804686047731,362.804686047731,15.46,193.25,193.25,1,0.09674791627939494
2024-07-07 18:30:00+00:00,400.0,0.25,50.0,363.49128295679105,363.49128295679105,73.38,917.25,363.49128295679105,0,0.0969310087884776
2024-07-07 18:45:00+00:00,400.0,0.25,50.0,363.4810845528484,363.4810845528484,73.38,917.25,363.4810845528484,0,0.09692828921409291
2024-07-07 19:00:00+00:00,400.0,0.25,50.0,363.49128295679105,363.49128295679105,73.38,917.25,363.49128295679105,0,0.0969310087884776
2024-07-07 19:15:00+00:00,400.0,0.25,50.0,368.5061769923087,368.5061769923087,71.76,897.0000000000001,368.5061769923087,0,0.09826831386461565
2024-07-07 19:30:00+00:00,400.0,0.25,50.0,368.5061769923087,368.5061769923087,71.76,897.0000000000001,368.5061769923087,0,0.09826831386461565
2024-07-07 19:45:00+00:00,400.0,0.25,50.0,368.5393489122309,368.5393489122309,71.76,897.0000000000001,368.5393489122309,0,0.09827715970992823
2024-07-07 20:00:00+00:00,400.0,0.25,50.0,368.59395341867526,368.59395341867526,71.76,897.0000000000001,368.59395341867526,0,0.09829172091164673
2024-07-07 20:15:00+00:00,400.0,0.25,50.0,607.0924737358735,607.0924737358735,66.75,834.375,607.0924737358735,0,0.16189132632956627
2024-07-07 20:30:00+00:00,400.0,0.25,50.0,609.4138621717751,609.4138621717751,66.75,834.375,609.4138621717751,0,0.1625103632458067
2024-07-07 20:45:00+00:00,400.0,0.25,50.0,763.733988256245,763.733988256245,86.75,1084.375,763.733988256245,0,0.20366239686833199
2024-07-07 21:00:00+00:00,400.0,0.25,50.0,763.801295982649,763.801295982649,66.75,834.375,763.801295982649,0,0.20368034559537307
2024-07-07 21:15:00+00:00,400.0,0.25,50.0,1004.039640199787,1004.039640199787,53.11,663.875,663.875,1,0.2677439040532765
2024-07-07 21:30:00+00:00,400.0,0.25,50.0,974.0002691263726,974.0002691263726,53.11,663.875,663.875,1,0.259733405100366
2024-07-07 21:45:00+00:00,400.0,0.25,50.0,1004.6491125278108,1004.6491125278108,53.11,663.875,663.875,1,0.2679064300074162
2024-07-07 22:00:00+00:00,400.0,0.25,50.0,1005.9861788542362,1005.9861788542362,53.11,663.875,663.875,1,0.26826298102779633
2024-07-07 22:15:00+00:00,400.0,0.25,50.0,1326.7479272833089,1326.7479272833089,103.07,1288.375,1288.375,1,0.353799447275549
2024-07-07 22:30:00+00:00,400.0,0.25,50.0,1327.1702009977107,1327.1702009977107,103.07,1288.375,1288.375,1,0.3539120535993895
2024-07-07 22:45:00+00:00,400.0,0.25,50.0,1327.4649366526694,1327.4649366526694,103.07,1288.375,1288.375,1,0.35399064977404515
2024-07-07 23:00:00+00:00,400.0,0.25,50.0,1327.1702009977107,1327.1702009977107,103.07,1288.375,1288.375,1,0.3539120535993895
2024-07-07 23:15:00+00:00,400.0,0.25,50.0,1417.2920741416067,1417.2920741416067,113.07,1413.375,1413.375,1,0.3779445531044284
2024-07-07 23:30:00+00:00,400.0,0.25,50.0,1418.0250345188438,1418.0250345188438,113.07,1413.375,1413.375,1,0.378140009205025
2024-07-07 23:45:00+00:00,400.0,0.25,50.0,1419.6660870582334,1419.6660870582334,88.91,1111.375,1111.375,1,0.3785776232155289
2024-07-08 00:00:00+00:00,400.0,0.25,50.0,1421.7099106049563,1421.7099106049563,113.07,1413.375,1413.375,1,0.37912264282798835
2024-07-08 00:15:00+00:00,400.0,0.25,50.0,1449.9222771353693,1449.9222771353693,1000.0,12500.0,1449.9222771353693,0,0.3866459405694318
2024-07-08 00:30:00+00:00,400.0,0.25,50.0,1449.9222771353693,1449.9222771353693,1000.0,12500.0,1449.9222771353693,0,0.3866459405694318
2024-07-08 00:45:00+00:00,400.0,0.25,50.0,1453.4570611477293,1453.4570611477293,1000.0,12500.0,1453.4570611477293,0,0.3875885496393945
2024-07-08 01:00:00+00:00,400.0,0.25,50.0,1453.4570611477293,1453.4570611477293,1000.0,12500.0,1453.4570611477293,0,0.3875885496393945
2024-07-08 01:15:00+00:00,400.0,0.25,50.0,1457.1344538043995,1457.1344538043995,61.8,772.5,772.5,1,0.3885691876811732
2024-07-08 01:30:00+00:00,400.0,0.25,50.0,1457.1344538043995,1457.1344538043995,61.8,772.5,772.5,1,0.3885691876811732
2024-07-08 01:45:00+00:00,400.0,0.25,50.0,1457.1344538043995,1457.1344538043995,61.8,772.5,772.5,1,0.3885691876811732
2024-07-08 02:00:00+00:00,400.0,0.25,50.0,1456.5796188752506,1456.5796188752506,61.8,772.5,772.5,1,0.3884212317000668
2024-07-08 02:15:00+00:00,400.0,0.25,50.0,1452.611739628795,1452.611739628795,66.36,829.5,829.5,1,0.3873631305676787
2024-07-08 02:30:00+00:00,400.0,0.25,50.0,1454.4431962129593,1454.4431962129593,66.36,829.5,829.5,1,0.3878515189901225
2024-07-08 02:45:00+00:00,400.0,0.25,50.0,1451.1041301887838,1451.1041301887838,66.36,829.5,829.5,1,0.3869611013836757
2024-07-08 03:00:00+00:00,400.0,0.25,50.0,1450.6560095839766,1450.6560095839766,66.36,829.5,829.5,1,0.3868416025557271
2024-07-08 03:15:00+00:00,400.0,0.25,50.0,1410.738864499878,1410.738864499878,43.27,540.875,540.875,1,0.3761970305333008
2024-07-08 03:30:00+00:00,400.0,0.25,50.0,1411.1180054028018,1411.1180054028018,30.72,384.0,384.0,1,0.3762981347740805
2024-07-08 03:45:00+00:00,400.0,0.25,50.0,1391.7756679609295,1391.7756679609295,30.72,384.0,384.0,1,0.37114017812291455
2024-07-08 04:00:00+00:00,400.0,0.25,50.0,1370.3863116054047,1370.3863116054047,43.27,540.875,540.875,1,0.36543634976144124
2024-07-08 04:15:00+00:00,400.0,0.25,50.0,738.7104647506418,738.7104647506418,1000.0,12500.0,738.7104647506418,0,0.1969894572668378
2024-07-08 04:30:00+00:00,400.0,0.25,50.0,738.7634085845904,738.7634085845904,60.91,761.375,738.7634085845904,0,0.19700357562255744
2024-07-08 04:45:00+00:00,400.0,0.25,50.0,737.6528943730684,737.6528943730684,60.91,761.375,737.6528943730684,0,0.1967074384994849
2024-07-08 05:00:00+00:00,400.0,0.25,50.0,735.9003243284993,735.9003243284993,1000.0,12500.0,735.9003243284993,0,0.19624008648759983
2024-07-08 05:15:00+00:00,400.0,0.25,50.0,651.0743318716752,651.0743318716752,1000.0,12500.0,651.0743318716752,0,0.17361982183244673
2024-07-08 05:30:00+00:00,400.0,0.25,50.0,653.5025304253605,653.5025304253605,60.91,761.375,653.5025304253605,0,0.1742673414467628
2024-07-08 05:45:00+00:00,400.0,0.25,50.0,651.0743318716752,651.0743318716752,60.91,761.375,651.0743318716752,0,0.17361982183244673
2024-07-08 06:00:00+00:00,400.0,0.25,50.0,655.9364757110561,655.9364757110561,60.91,761.375,655.9364757110561,0,0.1749163935229483
2024-07-08 06:15:00+00:00,400.0,0.25,50.0,850.069255229047,850.069255229047,49.54,619.25,619.25,1,0.22668513472774587
2024-07-08 06:30:00+00:00,400.0,0.25,50.0,879.5452586716394,879.5452586716394,49.54,619.25,619.25,1,0.23454540231243715
2024-07-08 06:45:00+00:00,400.0,0.25,50.0,881.2829265407976,881.2829265407976,49.54,619.25,619.25,1,0.23500878041087936
2024-07-08 07:00:00+00:00,400.0,0.25,50.0,882.5508508090396,882.5508508090396,1000.0,12500.0,882.5508508090396,0,0.23534689354907723
2024-07-08 07:15:00+00:00,400.0,0.25,50.0,1253.3420819023654,1253.3420819023654,92.0,1150.0,1150.0,1,0.3342245551739641
2024-07-08 07:30:00+00:00,400.0,0.25,50.0,1255.5765399493775,1255.5765399493775,92.0,1150.0,1150.0,1,0.33482041065316737
2024-07-08 07:45:00+00:00,400.0,0.25,50.0,1248.781809466531,1248.781809466531,92.0,1150.0,1150.0,1,0.3330084825244083
2024-07-08 08:00:00+00:00,400.0,0.25,50.0,1249.3209967733073,1249.3209967733073,92.0,1150.0,1150.0,1,0.33315226580621526
2024-07-08 08:15:00+00:00,400.0,0.25,50.0,1421.463621793773,1421.463621793773,170.17,2127.125,1421.463621793773,0,0.3790569658116728
2024-07-08 08:30:00+00:00,400.0,0.25,50.0,1421.5950456571518,1421.5950456571518,170.17,2127.125,1421.5950456571518,0,0.37909201217524047
2024-07-08 08:45:00+00:00,400.0,0.25,50.0,1421.7140315776032,1421.7140315776032,170.17,2127.125,1421.7140315776032,0,0.3791237417540275
2024-07-08 09:00:00+00:00,400.0,0.25,50.0,1421.7355217557815,1421.7355217557815,170.17,2127.125,1421.7355217557815,0,0.3791294724682084
2024-07-08 09:15:00+00:00,400.0,0.25,50.0,1422.2721659310923,1422.2721659310923,184.96,2312.0,1422.2721659310923,0,0.3792725775816246
2024-07-08 09:30:00+00:00,400.0,0.25,50.0,1422.3841556339362,1422.3841556339362,184.96,2312.0,1422.3841556339362,0,0.379302441502383
2024-07-08 09:45:00+00:00,400.0,0.25,50.0,1422.3841556339362,1422.3841556339362,184.96,2312.0,1422.3841556339362,0,0.379302441502383
2024-07-08 10:00:00+00:00,400.0,0.25,50.0,1422.4092688471544,1422.4092688471544,184.96,2312.0,1422.4092688471544,0,0.3793091383592412
2024-07-08 10:15:00+00:00,400.0,0.25,50.0,1420.509783632467,1420.509783632467,184.5,2306.25,1420.509783632467,0,0.3788026089686578
2024-07-08 10:30:00+00:00,400.0,0.25,50.0,1428.0036367824828,1428.0036367824828,184.5,2306.25,1428.0036367824828,0,0.38080096980866207
2024-07-08 10:45:00+00:00,400.0,0.25,50.0,1427.7533426013033,1427.7533426013033,184.5,2306.25,1427.7533426013033,0,0.3807342246936809
2024-07-08 11:00:00+00:00,400.0,0.25,50.0,1427.6138178671283,1427.6138178671283,184.5,2306.25,1427.6138178671283,0,0.3806970180979009
2024-07-08 11:15:00+00:00,400.0,0.25,50.0,1400.3377337883499,1400.3377337883499,163.02,2037.7500000000002,1400.3377337883499,0,0.3734233956768933
2024-07-08 11:30:00+00:00,400.0,0.25,50.0,1399.9086314761423,1399.9086314761423,163.02,2037.7500000000002,1399.9086314761423,0,0.3733089683936379
2024-07-08 11:45:00+00:00,400.0,0.25,50.0,1399.7971978004891,1399.7971978004891,163.02,2037.7500000000002,1399.7971978004891,0,0.3732792527467971
2024-07-08 12:00:00+00:00,400.0,0.25,50.0,1399.9086314761423,1399.9086314761423,163.02,2037.7500000000002,1399.9086314761423,0,0.3733089683936379
2024-07-08 12:15:00+00:00,400.0,0.25,50.0,1376.4407061695151,1376.4407061695151,109.22,1365.25,1365.25,1,0.3670508549785374
2024-07-08 12:30:00+00:00,400.0,0.25,50.0,1376.6820649107121,1376.6820649107121,109.22,1365.25,1365.25,1,0.36711521730952323
2024-07-08 12:45:00+00:00,400.0,0.25,50.0,1376.9337377330587,1376.9337377330587,109.22,1365.25,1365.25,1,0.36718233006214895
2024-07-08 13:00:00+00:00,400.0,0.25,50.0,1377.0181545349544,1377.0181545349544,109.22,1365.25,1365.25,1,0.3672048412093212
2024-07-08 13:15:00+00:00,400.0,0.25,50.0,1298.6964789980818,1298.6964789980818,55.02,687.75,687.75,1,0.3463190610661552
2024-07-08 13:30:00+00:00,400.0,0.25,50.0,1298.5852651457558,1298.5852651457558,55.02,687.75,687.75,1,0.3462894040388682
2024-07-08 13:45:00+00:00,400.0,0.25,50.0,1298.1856263952104,1298.1856263952104,90.62,1132.75,1132.75,1,0.3461828337053895
2024-07-08 14:00:00+00:00,400.0,0.25,50.0,1297.4654269095993,1297.4654269095993,90.62,1132.75,1132.75,1,0.3459907805092265
2024-07-08 14:15:00+00:00,400.0,0.25,50.0,1121.1675867482072,1121.1675867482072,63.27,790.875,790.875,1,0.29897802313285526
2024-07-08 14:30:00+00:00,400.0,0.25,50.0,1107.9233435356907,1107.9233435356907,63.27,790.875,790.875,1,0.2954462249428509
2024-07-08 14:45:00+00:00,400.0,0.25,50.0,1101.4022876644633,1101.4022876644633,43.27,540.875,540.875,1,0.29370727671052355
2024-07-08 15:00:00+00:00,400.0,0.25,50.0,1098.1484348794181,1098.1484348794181,43.27,540.875,540.875,1,0.2928395826345115
2024-07-08 15:15:00+00:00,400.0,0.25,50.0,1011.315989691205,1011.315989691205,74.98,937.25,937.25,1,0.26968426391765465
2024-07-08 15:30:00+00:00,400.0,0.25,50.0,1011.315989691205,1011.315989691205,74.98,937.25,937.25,1,0.26968426391765465
2024-07-08 15:45:00+00:00,400.0,0.25,50.0,841.7809488065814,841.7809488065814,74.98,937.25,841.7809488065814,0,0.22447491968175504
2024-07-08 16:00:00+00:00,400.0,0.25,50.0,1003.6042509064212,1003.6042509064212,74.98,937.25,937.25,1,0.2676278002417123
2024-07-08 16:15:00+00:00,400.0,0.25,50.0,317.6726928173608,317.6726928173608,43.27,540.875,317.6726928173608,0,0.08471271808462955
2024-07-08 16:30:00+00:00,400.0,0.25,50.0,318.53805416286616,318.53805416286616,43.27,540.875,318.53805416286616,0,0.08494348111009764
2024-07-08 16:45:00+00:00,400.0,0.25,50.0,193.47340668986092,193.47340668986092,43.27,540.875,193.47340668986092,0,0.05159290845062958
2024-07-08 17:00:00+00:00,400.0,0.25,50.0,186.573999003411,186.573999003411,43.27,540.875,186.573999003411,0,0.049753066400909596
2024-07-08 17:15:00+00:00,400.0,0.25,50.0,13.072312109109196,13.072312109109196,103.69,1296.125,13.072312109109196,0,0.0034859498957624524
2024-07-08 17:30:00+00:00,400.0,0.25,50.0,12.778248096829426,12.778248096829426,11.77,147.125,12.778248096829426,0,0.00340753282582118
2024-07-08 17:45:00+00:00,400.0,0.25,50.0,513.7113109070423,513.7113109070423,71.89,898.625,513.7113109070423,0,0.13698968290854463
2024-07-08 18:00:00+00:00,400.0,0.25,50.0,230.4525907829745,230.4525907829745,103.69,1296.125,230.4525907829745,0,0.0614540242087932
2024-07-08 18:15:00+00:00,400.0,0.25,50.0,21.293552879428912,21.293552879428912,191.84,2398.0,21.293552879428912,0,0.00567828076784771
2024-07-08 18:30:00+00:00,400.0,0.25,50.0,10.72649185760527,10.72649185760527,191.84,2398.0,10.72649185760527,0,0.0028603978286947385
2024-07-08 18:45:00+00:00,400.0,0.25,50.0,10.801280217702658,10.801280217702658,191.84,2398.0,10.801280217702658,0,0.0028803413913873754
2024-07-08 19:00:00+00:00,400.0,0.25,50.0,46.989618573151645,46.989618573151645,37.49,468.625,46.989618573151645,0,0.01253056495284044
2024-07-08 19:15:00+00:00,400.0,0.25,50.0,449.25964699629475,449.25964699629475,60.09,751.125,449.25964699629475,0,0.11980257253234528
2024-07-08 19:30:00+00:00,400.0,0.25,50.0,488.6847147064274,488.6847147064274,37.49,468.625,468.625,1,0.13031592392171398
2024-07-08 19:45:00+00:00,400.0,0.25,50.0,9.940321020348724,9.940321020348724,60.09,751.125,9.940321020348724,0,0.0026507522720929932
2024-07-08 20:00:00+00:00,400.0,0.25,50.0,10.174911934930225,10.174911934930225,80.09,1001.125,10.174911934930225,0,0.0027133098493147267
2024-07-08 20:15:00+00:00,400.0,0.25,50.0,602.6270984220655,602.6270984220655,108.7,1358.75,602.6270984220655,0,0.16070055957921747
2024-07-08 20:30:00+00:00,400.0,0.25,50.0,591.1623871864828,591.1623871864828,88.7,1108.75,591.1623871864828,0,0.15764330324972875
2024-07-08 20:45:00+00:00,400.0,0.25,50.0,139.37342823369585,139.37342823369585,88.7,1108.75,139.37342823369585,0,0.03716624752898556
2024-07-08 21:00:00+00:00,400.0,0.25,50.0,142.47120950829654,142.47120950829654,88.7,1108.75,142.47120950829654,0,0.03799232253554574
2024-07-08 21:15:00+00:00,400.0,0.25,50.0,810.8386619083841,810.8386619083841,56.2,702.5,702.5,1,0.21622364317556908
2024-07-08 21:30:00+00:00,400.0,0.25,50.0,810.882234901446,810.882234901446,56.2,702.5,702.5,1,0.21623526264038562
2024-07-08 21:45:00+00:00,400.0,0.25,50.0,763.360291656591,763.360291656591,56.2,702.5,702.5,1,0.2035627444417576
2024-07-08 22:00:00+00:00,400.0,0.25,50.0,774.1069649073241,774.1069649073241,56.2,702.5,702.5,1,0.20642852397528644
2024-07-08 22:15:00+00:00,400.0,0.25,50.0,855.6372639155534,855.6372639155534,74.52,931.5,855.6372639155534,0,0.22816993704414756
2024-07-08 22:30:00+00:00,400.0,0.25,50.0,788.7335116776856,788.7335116776856,74.52,931.5,788.7335116776856,0,0.21032893644738282
2024-07-08 22:45:00+00:00,400.0,0.25,50.0,917.935482440783,917.935482440783,74.52,931.5,917.935482440783,0,0.2447827953175421
2024-07-08 23:00:00+00:00,400.0,0.25,50.0,766.4424322860102,766.4424322860102,74.52,931.5,766.4424322860102,0,0.2043846486096027
2024-07-08 23:15:00+00:00,400.0,0.25,50.0,1104.2158383193162,1104.2158383193162,148.2,1852.4999999999998,1104.2158383193162,0,0.29445755688515096
2024-07-08 23:30:00+00:00,400.0,0.25,50.0,1079.4780159235963,1079.4780159235963,148.2,1852.4999999999998,1079.4780159235963,0,0.28786080424629235
2024-07-08 23:45:00+00:00,400.0,0.25,50.0,1079.4982963323182,1079.4982963323182,148.2,1852.4999999999998,1079.4982963323182,0,0.28786621235528487
2024-07-09 00:00:00+00:00,400.0,0.25,50.0,1079.4982963323182,1079.4982963323182,148.2,1852.4999999999998,1079.4982963323182,0,0.28786621235528487
2024-07-09 00:15:00+00:00,400.0,0.25,50.0,1180.3068199791383,1180.3068199791383,157.38,1967.25,1180.3068199791383,0,0.3147484853277702
2024-07-09 00:30:00+00:00,400.0,0.25,50.0,1182.242487537651,1182.242487537651,157.38,1967.25,1182.242487537651,0,0.31526466334337355
2024-07-09 00:45:00+00:00,400.0,0.25,50.0,1182.2562205129836,1182.2562205129836,157.38,1967.25,1182.2562205129836,0,0.31526832547012895
2024-07-09 01:00:00+00:00,400.0,0.25,50.0,1182.1763589326094,1182.1763589326094,157.38,1967.25,1182.1763589326094,0,0.31524702904869584
2024-07-09 01:15:00+00:00,400.0,0.25,50.0,1224.7432953210305,1224.7432953210305,159.38,1992.25,1224.7432953210305,0,0.32659821208560813
2024-07-09 01:30:00+00:00,400.0,0.25,50.0,1217.3104556869823,1217.3104556869823,113.59,1419.875,1217.3104556869823,0,0.32461612151652863
2024-07-09 01:45:00+00:00,400.0,0.25,50.0,1217.3104556869823,1217.3104556869823,113.59,1419.875,1217.3104556869823,0,0.32461612151652863
2024-07-09 02:00:00+00:00,400.0,0.25,50.0,1215.4926286513696,1215.4926286513696,113.59,1419.875,1215.4926286513696,0,0.3241313676403652
2024-07-09 02:15:00+00:00,400.0,0.25,50.0,1017.2370712841342,1017.2370712841342,108.79,1359.875,1017.2370712841342,0,0.27126321900910244
2024-07-09 02:30:00+00:00,400.0,0.25,50.0,1293.3978266336742,1293.3978266336742,108.79,1359.875,1293.3978266336742,0,0.3449060871023131
2024-07-09 02:45:00+00:00,400.0,0.25,50.0,1293.3978266336742,1293.3978266336742,108.79,1359.875,1293.3978266336742,0,0.3449060871023131
2024-07-09 03:00:00+00:00,400.0,0.25,50.0,1293.441632216825,1293.441632216825,108.79,1359.875,1293.441632216825,0,0.3449177685911533
2024-07-09 03:15:00+00:00,400.0,0.25,50.0,952.6559061980366,952.6559061980366,97.19,1214.875,952.6559061980366,0,0.2540415749861431
2024-07-09 03:30:00+00:00,400.0,0.25,50.0,1169.473983701765,1169.473983701765,97.19,1214.875,1169.473983701765,0,0.3118597289871373
2024-07-09 03:45:00+00:00,400.0,0.25,50.0,1168.118146812792,1168.118146812792,97.19,1214.875,1168.118146812792,0,0.31149817248341116
2024-07-09 04:00:00+00:00,400.0,0.25,50.0,967.6268249692646,967.6268249692646,97.19,1214.875,967.6268249692646,0,0.25803381999180386
2024-07-09 04:15:00+00:00,400.0,0.25,50.0,929.507374571048,929.507374571048,63.06,788.25,788.25,1,0.24786863321894614
2024-07-09 04:30:00+00:00,400.0,0.25,50.0,929.507374571048,929.507374571048,63.06,788.25,788.25,1,0.24786863321894614
2024-07-09 04:45:00+00:00,400.0,0.25,50.0,929.6582573088427,929.6582573088427,63.06,788.25,788.25,1,0.2479088686156914
2024-07-09 05:00:00+00:00,400.0,0.25,50.0,928.7152175180513,928.7152175180513,1000.0,12500.0,928.7152175180513,0,0.24765739133814701
2024-07-09 05:15:00+00:00,400.0,0.25,50.0,1017.8518066682298,1017.8518066682298,1000.0,12500.0,1017.8518066682298,0,0.27142714844486127
2024-07-09 05:30:00+00:00,400.0,0.25,50.0,744.0778065915935,744.0778065915935,98.77,1234.625,744.0778065915935,0,0.19842074842442492
2024-07-09 05:45:00+00:00,400.0,0.25,50.0,757.9610430669828,757.9610430669828,60.91,761.375,757.9610430669828,0,0.20212294481786208
2024-07-09 06:00:00+00:00,400.0,0.25,50.0,761.108670760237,761.108670760237,98.77,1234.625,761.108670760237,0,0.20296231220272987
2024-07-09 06:15:00+00:00,400.0,0.25,50.0,609.7539292661544,609.7539292661544,37.34,466.75000000000006,466.75000000000006,1,0.16260104780430784
2024-07-09 06:30:00+00:00,400.0,0.25,50.0,608.7549858100965,608.7549858100965,37.34,466.75000000000006,466.75000000000006,1,0.16233466288269238
2024-07-09 06:45:00+00:00,400.0,0.25,50.0,609.7631390543764,609.7631390543764,37.34,466.75000000000006,466.75000000000006,1,0.16260350374783372
2024-07-09 07:00:00+00:00,400.0,0.25,50.0,703.5214373698404,703.5214373698404,37.34,466.75000000000006,466.75000000000006,1,0.18760571663195746
2024-07-09 07:15:00+00:00,400.0,0.25,50.0,1378.6908024359882,1378.6908024359882,223.39,2792.375,1378.6908024359882,0,0.36765088064959683
2024-07-09 07:30:00+00:00,400.0,0.25,50.0,1379.9564225577865,1379.9564225577865,223.39,2792.375,1379.9564225577865,0,0.36798837934874307
2024-07-09 07:45:00+00:00,400.0,0.25,50.0,900.1778780772702,900.1778780772702,223.39,2792.375,900.1778780772702,0,0.2400474341539387
2024-07-09 08:00:00+00:00,400.0,0.25,50.0,1209.6125941750668,1209.6125941750668,223.39,2792.375,1209.6125941750668,0,0.3225633584466845
2024-07-09 08:15:00+00:00,400.0,0.25,50.0,1330.7863738201818,1330.7863738201818,302.35,3779.3750000000005,1330.7863738201818,0,0.35487636635204844
2024-07-09 08:30:00+00:00,400.0,0.25,50.0,1342.3849600825638,1342.3849600825638,302.35,3779.3750000000005,1342.3849600825638,0,0.35796932268868364
2024-07-09 08:45:00+00:00,400.0,0.25,50.0,1431.687132784896,1431.687132784896,302.35,3779.3750000000005,1431.687132784896,0,0.3817832354093056
2024-07-09 09:00:00+00:00,400.0,0.25,50.0,1330.7863738201818,1330.7863738201818,302.35,3779.3750000000005,1330.7863738201818,0,0.35487636635204844
2024-07-09 09:15:00+00:00,400.0,0.25,50.0,1412.3821857839123,1412.3821857839123,302.35,3779.3750000000005,1412.3821857839123,0,0.3766352495423766
2024-07-09 09:30:00+00:00,400.0,0.25,50.0,1373.9345173215306,1373.9345173215306,302.35,3779.3750000000005,1373.9345173215306,0,0.36638253795240816
2024-07-09 09:45:00+00:00,400.0,0.25,50.0,1388.1941243258582,1388.1941243258582,302.35,3779.3750000000005,1388.1941243258582,0,0.37018509982022885
2024-07-09 10:00:00+00:00,400.0,0.25,50.0,1384.6246965151688,1384.6246965151688,302.35,3779.3750000000005,1384.6246965151688,0,0.36923325240404503
2024-07-09 10:15:00+00:00,400.0,0.25,50.0,1421.2394397780215,1421.2394397780215,302.35,3779.3750000000005,1421.2394397780215,0,0.3789971839408057
2024-07-09 10:30:00+00:00,400.0,0.25,50.0,1417.6432756155589,1417.6432756155589,302.35,3779.3750000000005,1417.6432756155589,0,0.3780382068308157
2024-07-09 10:45:00+00:00,400.0,0.25,50.0,1410.4594153783246,1410.4594153783246,302.35,3779.3750000000005,1410.4594153783246,0,0.3761225107675532
2024-07-09 11:00:00+00:00,400.0,0.25,50.0,1434.7672612952258,1434.7672612952258,302.35,3779.3750000000005,1434.7672612952258,0,0.38260460301206023
2024-07-09 11:15:00+00:00,400.0,0.25,50.0,1379.0293420509329,1379.0293420509329,271.39,3392.375,1379.0293420509329,0,0.36774115788024875
2024-07-09 11:30:00+00:00,400.0,0.25,50.0,1261.3159781251322,1261.3159781251322,271.39,3392.375,1261.3159781251322,0,0.33635092750003526
2024-07-09 11:45:00+00:00,400.0,0.25,50.0,1272.5145283974573,1272.5145283974573,271.39,3392.375,1272.5145283974573,0,0.3393372075726553
2024-07-09 12:00:00+00:00,400.0,0.25,50.0,1413.9290125694433,1413.9290125694433,271.39,3392.375,1413.9290125694433,0,0.3770477366851849
2024-07-09 12:15:00+00:00,400.0,0.25,50.0,1424.6318297432922,1424.6318297432922,298.11,3726.375,1424.6318297432922,0,0.3799018212648779
2024-07-09 12:30:00+00:00,400.0,0.25,50.0,1406.6660020829459,1406.6660020829459,275.39,3442.375,1406.6660020829459,0,0.3751109338887856
2024-07-09 12:45:00+00:00,400.0,0.25,50.0,1375.38325277311,1375.38325277311,275.39,3442.375,1375.38325277311,0,0.36676886740616266
2024-07-09 13:00:00+00:00,400.0,0.25,50.0,1424.6318297432922,1424.6318297432922,275.39,3442.375,1424.6318297432922,0,0.3799018212648779
2024-07-09 13:15:00+00:00,400.0,0.25,50.0,1334.1939608021396,1334.1939608021396,254.6,3182.5,1334.1939608021396,0,0.3557850562139039
2024-07-09 13:30:00+00:00,400.0,0.25,50.0,1338.2861815766182,1338.2861815766182,254.6,3182.5,1338.2861815766182,0,0.35687631508709816
2024-07-09 13:45:00+00:00,400.0,0.25,50.0,1345.7401838190103,1345.7401838190103,231.88,2898.5,1345.7401838190103,0,0.35886404901840274
2024-07-09 14:00:00+00:00,400.0,0.25,50.0,1340.4212546277627,1340.4212546277627,254.6,3182.5,1340.4212546277627,0,0.35744566790073673
2024-07-09 14:15:00+00:00,400.0,0.25,50.0,1356.0119042580623,1356.0119042580623,169.38,2117.25,1356.0119042580623,0,0.3616031744688166
2024-07-09 14:30:00+00:00,400.0,0.25,50.0,1356.5396692223824,1356.5396692223824,169.38,2117.25,1356.5396692223824,0,0.3617439117926353
2024-07-09 14:45:00+00:00,400.0,0.25,50.0,1356.0254929357714,1356.0254929357714,59.9,748.75,748.75,1,0.36160679811620566
2024-07-09 15:00:00+00:00,400.0,0.25,50.0,1351.578697231318,1351.578697231318,169.38,2117.25,1351.578697231318,0,0.3604209859283515
2024-07-09 15:15:00+00:00,400.0,0.25,50.0,1017.1581888966084,1017.1581888966084,111.97,1399.625,1017.1581888966084,0,0.27124218370576225
2024-07-09 15:30:00+00:00,400.0,0.25,50.0,1017.1788772327448,1017.1788772327448,111.97,1399.625,1017.1788772327448,0,0.2712477005953986
2024-07-09 15:45:00+00:00,400.0,0.25,50.0,1013.1710410071153,1013.1710410071153,93.8,1172.5,1013.1710410071153,0,0.27017894426856404
2024-07-09 16:00:00+00:00,400.0,0.25,50.0,1011.6313084959808,1011.6313084959808,1000.0,12500.0,1011.6313084959808,0,0.26976834893226154
2024-07-09 16:15:00+00:00,400.0,0.25,50.0,514.6590341493237,514.6590341493237,39.9,498.75,498.75,1,0.13724240910648633
2024-07-09 16:30:00+00:00,400.0,0.25,50.0,513.9197134707669,513.9197134707669,37.34,466.75000000000006,466.75000000000006,1,0.13704525692553782
2024-07-09 16:45:00+00:00,400.0,0.25,50.0,703.3338363557617,703.3338363557617,37.34,466.75000000000006,466.75000000000006,1,0.1875556896948698
2024-07-09 17:00:00+00:00,400.0,0.25,50.0,515.6653830582738,515.6653830582738,37.34,466.75000000000006,466.75000000000006,1,0.1375107688155397
2024-07-09 17:15:00+00:00,400.0,0.25,50.0,394.71894749463485,394.71894749463485,37.34,466.75000000000006,394.71894749463485,0,0.10525838599856929
2024-07-09 17:30:00+00:00,400.0,0.25,50.0,112.41103148518935,112.41103148518935,37.34,466.75000000000006,112.41103148518935,0,0.02997627506271716
2024-07-09 17:45:00+00:00,400.0,0.25,50.0,61.66036230907959,61.66036230907959,37.34,466.75000000000006,61.66036230907959,0,0.016442763282421224
2024-07-09 18:00:00+00:00,400.0,0.25,50.0,61.62470701366968,61.62470701366968,10.0,125.0,61.62470701366968,0,0.016433255203645247
2024-07-09 18:15:00+00:00,400.0,0.25,50.0,43.42246134879713,43.42246134879713,37.34,466.75000000000006,43.42246134879713,0,0.0115793230263459
2024-07-09 18:30:00+00:00,400.0,0.25,50.0,43.51263063881339,43.51263063881339,37.34,466.75000000000006,43.51263063881339,0,0.011603368170350237
2024-07-09 18:45:00+00:00,400.0,0.25,50.0,52.61356741561918,52.61356741561918,37.34,466.75000000000006,52.61356741561918,0,0.014030284644165114
2024-07-09 19:00:00+00:00,400.0,0.25,50.0,240.48887554777326,240.48887554777326,37.34,466.75000000000006,240.48887554777326,0,0.06413036681273954
2024-07-09 19:15:00+00:00,400.0,0.25,50.0,476.4166164364295,476.4166164364295,10.0,125.0,125.0,1,0.12704443104971452
2024-07-09 19:30:00+00:00,400.0,0.25,50.0,292.17903958409204,292.17903958409204,10.0,125.0,125.0,1,0.07791441055575787
2024-07-09 19:45:00+00:00,400.0,0.25,50.0,340.08879219821904,340.08879219821904,37.34,466.75000000000006,340.08879219821904,0,0.09069034458619174
2024-07-09 20:00:00+00:00,400.0,0.25,50.0,341.26292111095563,341.26292111095563,37.34,466.75000000000006,341.26292111095563,0,0.09100344562958818
2024-07-09 20:15:00+00:00,400.0,0.25,50.0,639.6200772973939,639.6200772973939,89.04,1113.0,639.6200772973939,0,0.17056535394597172
2024-07-09 20:30:00+00:00,400.0,0.25,50.0,639.5748476354041,639.5748476354041,69.04,863.0000000000001,639.5748476354041,0,0.17055329270277442
2024-07-09 20:45:00+00:00,400.0,0.25,50.0,640.4077030085032,640.4077030085032,69.04,863.0000000000001,640.4077030085032,0,0.17077538746893417
2024-07-09 21:00:00+00:00,400.0,0.25,50.0,637.2585885615805,637.2585885615805,69.04,863.0000000000001,637.2585885615805,0,0.16993562361642145
2024-07-09 21:15:00+00:00,400.0,0.25,50.0,747.668585418855,747.668585418855,78.17,977.125,747.668585418855,0,0.199378289445028
2024-07-09 21:30:00+00:00,400.0,0.25,50.0,747.6353588573636,747.6353588573636,77.64,970.5,747.6353588573636,0,0.1993694290286303
2024-07-09 21:45:00+00:00,400.0,0.25,50.0,747.7350412089901,747.7350412089901,77.64,970.5,747.7350412089901,0,0.199396010989064
2024-07-09 22:00:00+00:00,400.0,0.25,50.0,744.0293448450203,744.0293448450203,78.17,977.125,744.0293448450203,0,0.1984078252920054
2024-07-09 22:15:00+00:00,400.0,0.25,50.0,991.2742988528448,991.2742988528448,1000.0,12500.0,991.2742988528448,0,0.26433981302742526
2024-07-09 22:30:00+00:00,400.0,0.25,50.0,989.9446467191133,989.9446467191133,1000.0,12500.0,989.9446467191133,0,0.26398523912509686
2024-07-09 22:45:00+00:00,400.0,0.25,50.0,991.3363416609467,991.3363416609467,134.83,1685.3750000000002,991.3363416609467,0,0.26435635777625244
2024-07-09 23:00:00+00:00,400.0,0.25,50.0,990.2344524377323,990.2344524377323,143.87,1798.375,990.2344524377323,0,0.26406252065006197
2024-07-09 23:15:00+00:00,400.0,0.25,50.0,1382.1309540258476,1382.1309540258476,195.29,2441.125,1382.1309540258476,0,0.36856825440689267
2024-07-09 23:30:00+00:00,400.0,0.25,50.0,1351.0306151795146,1351.0306151795146,195.29,2441.125,1351.0306151795146,0,0.36027483071453725
2024-07-09 23:45:00+00:00,400.0,0.25,50.0,1382.1309540258476,1382.1309540258476,195.29,2441.125,1382.1309540258476,0,0.36856825440689267
2024-07-10 00:00:00+00:00,400.0,0.25,50.0,991.8304661182734,991.8304661182734,195.29,2441.125,991.8304661182734,0,0.26448812429820623
2024-07-10 00:15:00+00:00,400.0,0.25,50.0,1565.5094691269283,1565.5094691269283,211.34,2641.75,1565.5094691269283,0,0.4174691917671809
2024-07-10 00:30:00+00:00,400.0,0.25,50.0,1565.5315177675375,1565.5315177675375,201.8,2522.5,1565.5315177675375,0,0.41747507140467666
2024-07-10 00:45:00+00:00,400.0,0.25,50.0,1565.8390454916462,1565.8390454916462,201.8,2522.5,1565.8390454916462,0,0.41755707879777226
2024-07-10 01:00:00+00:00,400.0,0.25,50.0,1565.8390454916462,1565.8390454916462,201.8,2522.5,1565.8390454916462,0,0.41755707879777226
2024-07-10 01:15:00+00:00,400.0,0.25,50.0,1567.2502494417322,1567.2502494417322,213.83,2672.875,1567.2502494417322,0,0.41793339985112854
2024-07-10 01:30:00+00:00,400.0,0.25,50.0,1567.2502494417322,1567.2502494417322,182.09,2276.125,1567.2502494417322,0,0.41793339985112854
2024-07-10 01:45:00+00:00,400.0,0.25,50.0,1567.1337121400488,1567.1337121400488,182.09,2276.125,1567.1337121400488,0,0.41790232323734633
2024-07-10 02:00:00+00:00,400.0,0.25,50.0,1567.2502494417322,1567.2502494417322,182.09,2276.125,1567.2502494417322,0,0.41793339985112854
2024-07-10 02:15:00+00:00,400.0,0.25,50.0,1484.5665948472727,1484.5665948472727,215.38,2692.25,1484.5665948472727,0,0.39588442529260603
2024-07-10 02:30:00+00:00,400.0,0.25,50.0,1119.5596718992801,1119.5596718992801,215.38,2692.25,1119.5596718992801,0,0.298549245839808
2024-07-10 02:45:00+00:00,400.0,0.25,50.0,1391.2699316154672,1391.2699316154672,215.38,2692.25,1391.2699316154672,0,0.37100531509745793
2024-07-10 03:00:00+00:00,400.0,0.25,50.0,1398.4228067197555,1398.4228067197555,215.38,2692.25,1398.4228067197555,0,0.37291274845860145
2024-07-10 03:15:00+00:00,400.0,0.25,50.0,1402.4268061883458,1402.4268061883458,216.5,2706.25,1402.4268061883458,0,0.37398048165022557
2024-07-10 03:30:00+00:00,400.0,0.25,50.0,1409.597855579365,1409.597855579365,216.5,2706.25,1409.597855579365,0,0.3758927614878307
2024-07-10 03:45:00+00:00,400.0,0.25,50.0,1493.9345016870354,1493.9345016870354,216.5,2706.25,1493.9345016870354,0,0.3983825337832094
2024-07-10 04:00:00+00:00,400.0,0.25,50.0,1402.4268061883458,1402.4268061883458,1000.0,12500.0,1402.4268061883458,0,0.37398048165022557
2024-07-10 04:15:00+00:00,400.0,0.25,50.0,926.6942468028813,926.6942468028813,1000.0,12500.0,926.6942468028813,0,0.24711846581410168
2024-07-10 04:30:00+00:00,400.0,0.25,50.0,926.5815912983338,926.5815912983338,1000.0,12500.0,926.5815912983338,0,0.24708842434622236
2024-07-10 04:45:00+00:00,400.0,0.25,50.0,925.7870149157195,925.7870149157195,1000.0,12500.0,925.7870149157195,0,0.24687653731085857
2024-07-10 05:00:00+00:00,400.0,0.25,50.0,925.1676374265596,925.1676374265596,1000.0,12500.0,925.1676374265596,0,0.24671136998041587
2024-07-10 05:15:00+00:00,400.0,0.25,50.0,1003.8460442338858,1003.8460442338858,1000.0,12500.0,1003.8460442338858,0,0.26769227846236954
2024-07-10 05:30:00+00:00,400.0,0.25,50.0,1025.8250355158293,1025.8250355158293,1000.0,12500.0,1025.8250355158293,0,0.27355334280422117
2024-07-10 05:45:00+00:00,400.0,0.25,50.0,1030.8403023256835,1030.8403023256835,1000.0,12500.0,1030.8403023256835,0,0.2748907472868489
2024-07-10 06:00:00+00:00,400.0,0.25,50.0,1073.8557739025525,1073.8557739025525,1000.0,12500.0,1073.8557739025525,0,0.28636153970734735
2024-07-10 06:15:00+00:00,400.0,0.25,50.0,1206.5181115134906,1206.5181115134906,217.29,2716.125,1206.5181115134906,0,0.32173816307026415
2024-07-10 06:30:00+00:00,400.0,0.25,50.0,1218.3053162886165,1218.3053162886165,216.96,2712.0,1218.3053162886165,0,0.32488141767696443
2024-07-10 06:45:00+00:00,400.0,0.25,50.0,1227.4491931409948,1227.4491931409948,216.96,2712.0,1227.4491931409948,0,0.3273197848375986
2024-07-10 07:00:00+00:00,400.0,0.25,50.0,1095.67877576209,1095.67877576209,217.29,2716.125,1095.67877576209,0,0.2921810068698907
2024-07-10 07:15:00+00:00,400.0,0.25,50.0,1387.4972990984634,1387.4972990984634,324.78,4059.7499999999995,1387.4972990984634,0,0.36999927975959024
2024-07-10 07:30:00+00:00,400.0,0.25,50.0,1381.8492733224127,1381.8492733224127,1000.0,12500.0,1381.8492733224127,0,0.3684931395526434
2024-07-10 07:45:00+00:00,400.0,0.25,50.0,1357.3848638896072,1357.3848638896072,1000.0,12500.0,1357.3848638896072,0,0.3619692970372286
2024-07-10 08:00:00+00:00,400.0,0.25,50.0,1358.8498724687477,1358.8498724687477,1000.0,12500.0,1358.8498724687477,0,0.3623599659916661
2024-07-10 08:15:00+00:00,400.0,0.25,50.0,1719.5435780858893,1719.5435780858893,1000.0,12500.0,1719.5435780858893,0,0.4585449541562372
2024-07-10 08:30:00+00:00,400.0,0.25,50.0,1719.7766517131956,1719.7766517131956,1000.0,12500.0,1719.7766517131956,0,0.4586071071235188
2024-07-10 08:45:00+00:00,400.0,0.25,50.0,1387.9059983635855,1387.9059983635855,1000.0,12500.0,1387.9059983635855,0,0.3701082662302895
2024-07-10 09:00:00+00:00,400.0,0.25,50.0,1398.631388321214,1398.631388321214,1000.0,12500.0,1398.631388321214,0,0.37296837021899043
2024-07-10 09:15:00+00:00,400.0,0.25,50.0,1420.1852315649758,1420.1852315649758,1000.0,12500.0,1420.1852315649758,0,0.3787160617506602
2024-07-10 09:30:00+00:00,400.0,0.25,50.0,1427.3842966293153,1427.3842966293153,1000.0,12500.0,1427.3842966293153,0,0.3806358124344841
2024-07-10 09:45:00+00:00,400.0,0.25,50.0,1430.9879791355968,1430.9879791355968,1000.0,12500.0,1430.9879791355968,0,0.3815967944361591
2024-07-10 10:00:00+00:00,400.0,0.25,50.0,1438.203540011888,1438.203540011888,1000.0,12500.0,1438.203540011888,0,0.38352094400317016
2024-07-10 10:15:00+00:00,400.0,0.25,50.0,2318.7125236535794,2318.7125236535794,1000.0,12500.0,2318.7125236535794,0,0.6183233396409544
2024-07-10 10:30:00+00:00,400.0,0.25,50.0,2318.8297126345014,2318.8297126345014,1000.0,12500.0,2318.8297126345014,0,0.6183545900358671
2024-07-10 10:45:00+00:00,400.0,0.25,50.0,2318.8297126345014,2318.8297126345014,1000.0,12500.0,2318.8297126345014,0,0.6183545900358671
2024-07-10 11:00:00+00:00,400.0,0.25,50.0,2318.4670294321068,2318.4670294321068,1000.0,12500.0,2318.4670294321068,0,0.6182578745152285
2024-07-10 11:15:00+00:00,400.0,0.25,50.0,2306.0638226190104,2306.0638226190104,1000.0,12500.0,2306.0638226190104,0,0.6149503526984028
2024-07-10 11:30:00+00:00,400.0,0.25,50.0,2305.5338030416106,2305.5338030416106,1000.0,12500.0,2305.5338030416106,0,0.6148090141444295
2024-07-10 11:45:00+00:00,400.0,0.25,50.0,2304.1452990090716,2304.1452990090716,1000.0,12500.0,2304.1452990090716,0,0.614438746402419
2024-07-10 12:00:00+00:00,400.0,0.25,50.0,2304.0341199200034,2304.0341199200034,1000.0,12500.0,2304.0341199200034,0,0.6144090986453343
2024-07-10 12:15:00+00:00,400.0,0.25,50.0,2097.9097494092284,2097.9097494092284,1000.0,12500.0,2097.9097494092284,0,0.5594425998424609
2024-07-10 12:30:00+00:00,400.0,0.25,50.0,2098.097619345633,2098.097619345633,1000.0,12500.0,2098.097619345633,0,0.5594926984921689
2024-07-10 12:45:00+00:00,400.0,0.25,50.0,1459.3383032165846,1459.3383032165846,1000.0,12500.0,1459.3383032165846,0,0.3891568808577559
2024-07-10 13:00:00+00:00,400.0,0.25,50.0,1154.6973991876253,1154.6973991876253,1000.0,12500.0,1154.6973991876253,0,0.3079193064500334
2024-07-10 13:15:00+00:00,400.0,0.25,50.0,1294.7097076993741,1294.7097076993741,1000.0,12500.0,1294.7097076993741,0,0.34525592205316646
2024-07-10 13:30:00+00:00,400.0,0.25,50.0,1641.6346530936962,1641.6346530936962,1000.0,12500.0,1641.6346530936962,0,0.4377692408249857
2024-07-10 13:45:00+00:00,400.0,0.25,50.0,1637.7469028990574,1637.7469028990574,1000.0,12500.0,1637.7469028990574,0,0.4367325074397487
2024-07-10 14:00:00+00:00,400.0,0.25,50.0,1637.315525111939,1637.315525111939,1000.0,12500.0,1637.315525111939,0,0.4366174733631837
2024-07-10 14:15:00+00:00,400.0,0.25,50.0,1527.4920602853144,1527.4920602853144,1000.0,12500.0,1527.4920602853144,0,0.4073312160760838
2024-07-10 14:30:00+00:00,400.0,0.25,50.0,904.5180266183941,904.5180266183941,1000.0,12500.0,904.5180266183941,0,0.24120480709823844
2024-07-10 14:45:00+00:00,400.0,0.25,50.0,1527.0614840686324,1527.0614840686324,1000.0,12500.0,1527.0614840686324,0,0.40721639575163526
2024-07-10 15:00:00+00:00,400.0,0.25,50.0,1526.9230414747346,1526.9230414747346,1000.0,12500.0,1526.9230414747346,0,0.4071794777265959
2024-07-10 15:15:00+00:00,400.0,0.25,50.0,920.3035912963187,920.3035912963187,1000.0,12500.0,920.3035912963187,0,0.24541429101235168
2024-07-10 15:30:00+00:00,400.0,0.25,50.0,920.3271622711936,920.3271622711936,101.75,1271.875,920.3271622711936,0,0.24542057660565164
2024-07-10 15:45:00+00:00,400.0,0.25,50.0,919.3187643738329,919.3187643738329,81.85,1023.1249999999999,919.3187643738329,0,0.24515167049968878
2024-07-10 16:00:00+00:00,400.0,0.25,50.0,925.6378425013361,925.6378425013361,1000.0,12500.0,925.6378425013361,0,0.24683675800035632
2024-07-10 16:15:00+00:00,400.0,0.25,50.0,457.7777704368155,457.7777704368155,1000.0,12500.0,457.7777704368155,0,0.12207407211648413
2024-07-10 16:30:00+00:00,400.0,0.25,50.0,457.7777704368155,457.7777704368155,40.91,511.37499999999994,457.7777704368155,0,0.12207407211648413
2024-07-10 16:45:00+00:00,400.0,0.25,50.0,409.2236486300068,409.2236486300068,40.91,511.37499999999994,409.2236486300068,0,0.10912630630133513
2024-07-10 17:00:00+00:00,400.0,0.25,50.0,422.51881844107135,422.51881844107135,40.91,511.37499999999994,422.51881844107135,0,0.11267168491761903
2024-07-10 17:15:00+00:00,400.0,0.25,50.0,81.97576928444444,81.97576928444444,92.27,1153.375,81.97576928444444,0,0.02186020514251852
2024-07-10 17:30:00+00:00,400.0,0.25,50.0,61.031911676100314,61.031911676100314,38.78,484.75,61.031911676100314,0,0.016275176446960082
2024-07-10 17:45:00+00:00,400.0,0.25,50.0,46.64056334848024,46.64056334848024,38.78,484.75,46.64056334848024,0,0.01243748355959473
2024-07-10 18:00:00+00:00,400.0,0.25,50.0,44.98540363479769,44.98540363479769,38.78,484.75,44.98540363479769,0,0.011996107635946052
2024-07-10 18:15:00+00:00,400.0,0.25,50.0,15.884544709391102,15.884544709391102,30.26,378.25,15.884544709391102,0,0.0042358785891709605
2024-07-10 18:30:00+00:00,400.0,0.25,50.0,15.330276126696434,15.330276126696434,30.26,378.25,15.330276126696434,0,0.004088073633785716
2024-07-10 18:45:00+00:00,400.0,0.25,50.0,17.346909711828395,17.346909711828395,30.26,378.25,17.346909711828395,0,0.0046258425898209055
2024-07-10 19:00:00+00:00,400.0,0.25,50.0,17.211893570788924,17.211893570788924,30.36,379.5,17.211893570788924,0,0.0045898382855437125
2024-07-10 19:15:00+00:00,400.0,0.25,50.0,49.50280695627071,49.50280695627071,30.26,378.25,49.50280695627071,0,0.01320074852167219
2024-07-10 19:30:00+00:00,400.0,0.25,50.0,44.60232652612417,44.60232652612417,30.26,378.25,44.60232652612417,0,0.011893953740299779
2024-07-10 19:45:00+00:00,400.0,0.25,50.0,69.9807173966882,69.9807173966882,30.26,378.25,69.9807173966882,0,0.018661524639116855
2024-07-10 20:00:00+00:00,400.0,0.25,50.0,69.88017441384054,69.88017441384054,71.54,894.2500000000001,69.88017441384054,0,0.018634713177024143
2024-07-10 20:15:00+00:00,400.0,0.25,50.0,347.9424137727616,347.9424137727616,91.89,1148.625,347.9424137727616,0,0.09278464367273642
2024-07-10 20:30:00+00:00,400.0,0.25,50.0,348.01154536267296,348.01154536267296,91.89,1148.625,348.01154536267296,0,0.09280307876337945
2024-07-10 20:45:00+00:00,400.0,0.25,50.0,348.49921130697237,348.49921130697237,91.89,1148.625,348.49921130697237,0,0.09293312301519263
2024-07-10 21:00:00+00:00,400.0,0.25,50.0,459.7441572287192,459.7441572287192,91.89,1148.625,459.7441572287192,0,0.12259844192765845
2024-07-10 21:15:00+00:00,400.0,0.25,50.0,610.3434406539387,610.3434406539387,95.02,1187.75,610.3434406539387,0,0.16275825084105033
2024-07-10 21:30:00+00:00,400.0,0.25,50.0,610.3525099534185,610.3525099534185,54.31,678.875,610.3525099534185,0,0.1627606693209116
2024-07-10 21:45:00+00:00,400.0,0.25,50.0,610.4903155762289,610.4903155762289,54.31,678.875,610.4903155762289,0,0.1627974174869944
2024-07-10 22:00:00+00:00,400.0,0.25,50.0,687.4128075272889,687.4128075272889,54.31,678.875,678.875,1,0.18331008200727705
2024-07-10 22:15:00+00:00,400.0,0.25,50.0,784.9229759441729,784.9229759441729,69.41,867.625,784.9229759441729,0,0.2093127935851128
2024-07-10 22:30:00+00:00,400.0,0.25,50.0,866.6277058076932,866.6277058076932,69.41,867.625,866.6277058076932,0,0.2311007215487182
2024-07-10 22:45:00+00:00,400.0,0.25,50.0,866.6277058076932,866.6277058076932,70.41,880.125,866.6277058076932,0,0.2311007215487182
2024-07-10 23:00:00+00:00,400.0,0.25,50.0,775.5470660290653,775.5470660290653,70.41,880.125,775.5470660290653,0,0.20681255094108408
2024-07-10 23:15:00+00:00,400.0,0.25,50.0,1078.2958030477391,1078.2958030477391,69.91,873.875,873.875,1,0.2875455474793971
2024-07-10 23:30:00+00:00,400.0,0.25,50.0,1077.8341032818564,1077.8341032818564,68.91,861.375,861.375,1,0.28742242754182834
2024-07-10 23:45:00+00:00,400.0,0.25,50.0,1077.773306944848,1077.773306944848,68.91,861.375,861.375,1,0.28740621518529275
2024-07-11 00:00:00+00:00,400.0,0.25,50.0,1077.8341032818564,1077.8341032818564,69.91,873.875,873.875,1,0.28742242754182834
2024-07-11 00:15:00+00:00,400.0,0.25,50.0,1205.0330009751701,1205.0330009751701,66.73,834.125,834.125,1,0.3213421335933787
2024-07-11 00:30:00+00:00,400.0,0.25,50.0,1205.379758247181,1205.379758247181,66.73,834.125,834.125,1,0.32143460219924824
2024-07-11 00:45:00+00:00,400.0,0.25,50.0,1207.3085532657904,1207.3085532657904,66.73,834.125,834.125,1,0.3219489475375441
2024-07-11 01:00:00+00:00,400.0,0.25,50.0,1207.384222567811,1207.384222567811,66.73,834.125,834.125,1,0.3219691260180829
2024-07-11 01:15:00+00:00,400.0,0.25,50.0,1246.0611465017496,1246.0611465017496,63.16,789.5,789.5,1,0.33228297240046656
2024-07-11 01:30:00+00:00,400.0,0.25,50.0,1246.1375767712448,1246.1375767712448,38.58,482.25,482.25,1,0.3323033538056652
2024-07-11 01:45:00+00:00,400.0,0.25,50.0,1246.1375767712448,1246.1375767712448,38.58,482.25,482.25,1,0.3323033538056652
2024-07-11 02:00:00+00:00,400.0,0.25,50.0,1246.2882837117331,1246.2882837117331,38.58,482.25,482.25,1,0.3323435423231288
2024-07-11 02:15:00+00:00,400.0,0.25,50.0,1236.1825917493657,1236.1825917493657,38.58,482.25,482.25,1,0.3296486911331642
2024-07-11 02:30:00+00:00,400.0,0.25,50.0,1234.5456543346813,1234.5456543346813,38.58,482.25,482.25,1,0.32921217448924833
2024-07-11 02:45:00+00:00,400.0,0.25,50.0,1234.5456543346813,1234.5456543346813,38.58,482.25,482.25,1,0.32921217448924833
2024-07-11 03:00:00+00:00,400.0,0.25,50.0,1242.0201710848348,1242.0201710848348,54.56,682.0,682.0,1,0.3312053789559559
2024-07-11 03:15:00+00:00,400.0,0.25,50.0,1226.727692072059,1226.727692072059,54.7,683.75,683.75,1,0.3271273845525491
2024-07-11 03:30:00+00:00,400.0,0.25,50.0,1226.7279066232413,1226.7279066232413,54.7,683.75,683.75,1,0.3271274417661977
2024-07-11 03:45:00+00:00,400.0,0.25,50.0,1226.727692072059,1226.727692072059,54.7,683.75,683.75,1,0.3271273845525491
2024-07-11 04:00:00+00:00,400.0,0.25,50.0,1225.1852487204576,1225.1852487204576,54.7,683.75,683.75,1,0.32671606632545536
2024-07-11 04:15:00+00:00,400.0,0.25,50.0,746.8170567596369,746.8170567596369,66.16,827.0,746.8170567596369,0,0.19915121513590317
2024-07-11 04:30:00+00:00,400.0,0.25,50.0,742.7045834658346,742.7045834658346,66.16,827.0,742.7045834658346,0,0.19805455559088925
2024-07-11 04:45:00+00:00,400.0,0.25,50.0,710.628475246912,710.628475246912,66.16,827.0,710.628475246912,0,0.18950092673250984
2024-07-11 05:00:00+00:00,400.0,0.25,50.0,709.8084127717672,709.8084127717672,66.16,827.0,709.8084127717672,0,0.18928224340580457
2024-07-11 05:15:00+00:00,400.0,0.25,50.0,805.2464188993636,805.2464188993636,60.91,761.375,761.375,1,0.2147323783731636
2024-07-11 05:30:00+00:00,400.0,0.25,50.0,805.1972935149473,805.1972935149473,60.91,761.375,761.375,1,0.21471927827065262
2024-07-11 05:45:00+00:00,400.0,0.25,50.0,805.2117011327194,805.2117011327194,60.91,761.375,761.375,1,0.21472312030205853
2024-07-11 06:00:00+00:00,400.0,0.25,50.0,805.3505774180303,805.3505774180303,60.91,761.375,761.375,1,0.2147601539781414
2024-07-11 06:15:00+00:00,400.0,0.25,50.0,970.3873297649251,970.3873297649251,38.58,482.25,482.25,1,0.25876995460398
2024-07-11 06:30:00+00:00,400.0,0.25,50.0,1212.7641145643308,1212.7641145643308,38.58,482.25,482.25,1,0.3234037638838215
2024-07-11 06:45:00+00:00,400.0,0.25,50.0,971.9215612193747,971.9215612193747,38.58,482.25,482.25,1,0.25917908299183323
2024-07-11 07:00:00+00:00,400.0,0.25,50.0,973.1077342618527,973.1077342618527,38.58,482.25,482.25,1,0.2594953958031607
2024-07-11 07:15:00+00:00,400.0,0.25,50.0,767.8060956274243,767.8060956274243,38.58,482.25,482.25,1,0.20474829216731316
2024-07-11 07:30:00+00:00,400.0,0.25,50.0,767.8042388440598,767.8042388440598,38.58,482.25,482.25,1,0.2047477970250826
2024-07-11 07:45:00+00:00,400.0,0.25,50.0,767.9247665037551,767.9247665037551,38.58,482.25,482.25,1,0.20477993773433467
2024-07-11 08:00:00+00:00,400.0,0.25,50.0,2851.853231382842,2851.853231382842,38.58,482.25,482.25,1,0.7604941950354245
2024-07-11 08:15:00+00:00,400.0,0.25,50.0,2851.853231382842,2851.853231382842,88.49,1106.125,1106.125,1,0.7604941950354245
2024-07-11 08:30:00+00:00,400.0,0.25,50.0,2851.853231382842,2851.853231382842,88.49,1106.125,1106.125,1,0.7604941950354245
2024-07-11 08:45:00+00:00,400.0,0.25,50.0,2851.853231382842,2851.853231382842,88.49,1106.125,1106.125,1,0.7604941950354245
2024-07-11 09:00:00+00:00,400.0,0.25,50.0,2851.853231382842,2851.853231382842,88.49,1106.125,1106.125,1,0.7604941950354245
2024-07-11 09:15:00+00:00,400.0,0.25,50.0,2851.853231382842,2851.853231382842,92.44,1155.5,1155.5,1,0.7604941950354245
2024-07-11 09:30:00+00:00,400.0,0.25,50.0,2851.853231382842,2851.853231382842,92.44,1155.5,1155.5,1,0.7604941950354245
2024-07-11 09:45:00+00:00,400.0,0.25,50.0,2851.853231382842,2851.853231382842,92.44,1155.5,1155.5,1,0.7604941950354245
2024-07-11 10:00:00+00:00,400.0,0.25,50.0,2851.853231382842,2851.853231382842,92.44,1155.5,1155.5,1,0.7604941950354245
2024-07-11 10:15:00+00:00,400.0,0.25,50.0,2851.853231382842,2851.853231382842,101.56,1269.5,1269.5,1,0.7604941950354245
2024-07-11 10:30:00+00:00,400.0,0.25,50.0,2851.853231382842,2851.853231382842,101.56,1269.5,1269.5,1,0.7604941950354245
2024-07-11 10:45:00+00:00,400.0,0.25,50.0,2851.853231382842,2851.853231382842,101.56,1269.5,1269.5,1,0.7604941950354245
2024-07-11 11:00:00+00:00,400.0,0.25,50.0,2851.853231382842,2851.853231382842,101.56,1269.5,1269.5,1,0.7604941950354245
